Order_ID,Customer_ID,Product_ID,Quantity
9094ad8c-45a5-4e2d-aeae-450162c0b64f,677,204,1
4c71e11e-824b-416e-8a76-9c3b068bc028,468,398,8
a0d2553e-ddc2-4f35-996a-8b58e3097ac2,559,144,4
752db9f8-7022-42a7-932d-31e424fbda79,384,473,5
04e206cf-894f-4f3f-b785-0cea7f8faecf,675,157,2
25cb5f75-1fc9-429b-8317-a71138db8ae0,574,307,7
838a3677-f9c0-485c-89a0-1b5d843d0b2f,92,288,8
6cbc4891-70a2-471c-ba37-514fe2608853,715,67,6
7200f113-d975-419a-8eea-ada24cc9b4ce,65,485,5
b2b73261-a961-4098-a9d8-908b8b4e5cf1,630,404,4
8f09207d-25f1-48fb-b817-a562cc5a60e8,834,283,7
c008cdfc-e3f4-49ae-a1c5-dac10a9110df,500,235,7
fb6aaff8-c274-4343-b85e-98e6ff83e286,466,163,6
7420a675-b34d-4377-b809-f806d2c83084,481,61,8
ec3d8545-3a62-4a78-bd72-d6c377f4abd6,305,126,9
bfbfc184-fe03-4c86-8e06-51e22c79d364,585,381,1
5914b355-c5b8-439e-abab-d369b8c6e9ce,693,80,9
355b13b8-b4ed-4cdf-89c8-d361b4f63b52,756,36,8
6adbcc57-ba4d-4cff-9a58-05978695a14d,346,88,9
0e56c03a-61d1-4812-a552-8cc263dbcd85,858,346,8
960728b6-a077-4d16-8346-cbdc9df900c9,140,132,6
3458bd08-9803-490a-8638-a41254c6108c,56,379,7
df4930b1-524c-4585-bf3c-7abfb69efcd7,518,242,4
1ef0a3f6-38aa-4d83-90d6-5ee37c5d90bb,266,137,5
8e844cd4-dcb0-4ab8-a476-fe943efe32ac,859,257,9
71dd71ff-0bf0-4247-a990-bdf13720baf0,227,29,2
7de64efb-717e-4000-bf4b-85663436819a,954,309,4
aa812895-9644-4588-b5cc-b7a2fb29d2d8,614,440,1
1e14fdc8-95e8-4e0e-a039-33e258b961ab,12,44,9
85e74122-29af-4b89-95b2-8fc9d9e68401,404,267,5
c656a8ed-63e4-44bf-972e-1fc13f8ac3f1,439,50,1
0727cd7a-ec22-4df7-90de-a012c4d70d24,992,133,8
874936fe-77f5-44a3-a38d-bd22c3e6f4c8,555,367,7
9635ae96-477d-4d5a-9c9e-c7dcb7262fff,412,25,9
2c933a1b-6df4-4ca2-baea-253cdb44fa43,361,335,1
3f448e9e-add4-4849-a00d-a3e827b7c6aa,968,301,2
34b03a9a-60b1-4d3e-89b9-9140ff45c481,953,81,3
09f28b79-9747-4e3c-8273-b4a3278b9ac5,319,160,7
8ea949a4-30d1-4958-8be6-8192ef34e1e5,617,120,8
9c7b8f6b-5baa-4953-8092-77eaf3862878,163,49,4
8cd086f4-9b2f-4633-9169-813cdf768bfa,511,496,9
eb778b21-d0d9-464f-b1df-ef562ff89123,140,274,3
e46362cc-30c5-47de-ba27-d1f310295c78,573,316,1
a4da9e9b-7c31-4f96-b4db-57f0073a3193,732,299,8
a8b30754-699b-487b-9b03-3982e8c081b3,242,77,4
ef3acdea-4cd4-49c0-8320-6866192f4d79,659,15,6
9ed27bb9-1053-4acc-ab5c-d1b872a6b21e,5,188,5
845e179e-8405-44e0-bc5c-1165d79dd352,603,309,4
9bc79065-6f35-4bad-816f-0d568b3a06a3,166,82,7
458d237c-7fc2-4118-b5f0-48677acf4df1,345,73,9
64cf983b-8a74-4348-9013-91fd733c6baf,965,321,9
addcea83-d3c7-4caf-ae71-cfc80eeee9ac,896,137,2
129dc149-2134-4fce-98fa-53caedf339fd,734,127,2
d29826e1-5004-4b2c-bad2-e03bef163ee0,989,183,7
d9e5efe6-cd45-4dfe-81f7-c767dc99a27f,623,6,2
dd71264f-a2b9-447e-a62c-f94b2bdb6197,203,371,6
a6b659f6-42df-46e9-8082-bdcbb91662bb,414,154,4
759aee4f-b29f-4d3c-98c9-2b7d05f61c02,535,416,2
d9761787-00e7-4c86-83ab-215d6ff90c59,62,301,6
98584696-f682-45bc-ab7b-eb8311b707f6,920,140,5
1820d253-5c32-4397-8044-7685bab06d54,98,9,8
6f196e76-d9bd-4651-a075-415b51adafcf,149,24,3
3d3c213e-3ef9-4993-aff7-cfde743aa342,362,411,1
7db7d189-1134-427f-a7af-3ff9dbd973f8,351,249,6
9ed80532-1a04-4f9e-ae6b-c927fd02362a,311,309,2
3df229a0-dcf7-4926-a908-51e1b13499a3,275,489,7
74414319-1f45-483d-a312-b02df146fac2,931,56,3
991d0eca-10f8-4298-909d-d323a301946f,514,471,8
011ba203-ddd1-467a-aa0e-0ffcc5e2847a,653,190,3
ff301ed5-3b09-40c7-b234-c8fb3b424465,394,11,2
0ab8004c-c7a4-4d0a-a9cf-b7b63766cbc7,728,122,3
5147ca9d-906a-4241-b189-397753247d68,319,434,8
670953ac-5272-4fc4-a9b6-9ae643c2a2ad,242,274,9
655be0e0-6495-47c5-bfe6-e57e4efe20dd,148,91,6
68f62cf5-2c76-43f1-b759-d99255c6989e,686,411,9
0db22112-6185-4c57-9d08-2da0f8a47b12,429,267,3
90271197-d73d-4ac0-97db-bea6e871cea7,311,426,7
c469180c-7d57-4be2-97b6-313c1bccac0c,104,132,9
beac5ce4-af52-4123-b172-099fde5f199f,992,257,6
e4b13e5c-b7ff-44ba-8378-a2e31a94549a,768,406,1
318cbdb7-46c5-4318-965b-53de3c893f1a,714,441,2
d3b0ed91-7bb6-411f-b854-2bda12cd3806,464,224,9
57617225-0568-4755-82cf-23db164b0242,899,260,7
e42e9411-ce33-462a-8b57-710ea7e89666,501,251,1
d3fb8f44-ff53-4e63-99b3-8e4ba4f10c83,729,452,4
e22a0209-45f6-433a-923e-5aea3e9f6d3f,367,486,8
b001c9b2-b28a-4df4-9069-9ff557d305f9,557,80,8
ba8f9453-3ff6-4c51-bd69-22eb5b92f8e1,337,79,7
1b87a34a-45ed-47d3-b7ae-a106717c8407,231,149,7
35ec1ccd-5bdc-487e-b976-ca86ab9a2572,26,492,9
ff58eda3-06a4-495b-9fad-3c3ad8577f2d,597,384,2
089b0cf0-9094-417c-998b-f98c05991b6a,781,319,6
207941b1-3ab2-4bfe-b161-ec1237d476e1,515,242,8
14e10753-d237-4847-a4f6-7a5736d827cb,395,451,8
5a5fb138-1e70-48a2-8ac8-22ec4235317a,479,216,1
7aea28ed-708f-4645-8d27-ded9525ea28c,275,487,5
d03c8900-684a-4cd7-bb73-17bae00fabd2,569,486,7
42d56a90-f1eb-435f-8efc-5f0b8ca963e9,807,2,2
105099e3-faac-4865-9f3e-834a72005e30,788,400,4
06f77fa5-2f8d-4d6e-aeeb-9adf3b538b18,393,317,1
f3993043-05e6-47ef-9d55-d74919af627b,579,259,2
0588f6a5-6c67-4194-a886-bb8f01dfd08a,133,91,2
72dd1285-0a44-406b-b230-4051073bbbd0,264,38,3
96665961-c41a-4dd7-967b-5a5b95de08e5,200,68,8
ccf18c3c-56a4-4879-95dd-6d3ab9322d65,846,277,1
d6c05b7c-9057-4d3d-8898-b1d0975400c9,241,279,6
cd958238-ae66-471b-a9f0-28f8c0bcda1e,298,187,2
6f570f1a-b44c-41e5-8649-dbe517618a34,227,284,1
cc4c1174-752f-407c-bd63-94fbe6a47fa8,156,216,4
bec62299-5303-4d26-aa5a-c36ddb858f77,991,134,6
08d24109-67b4-4295-a559-fa5cd6cb17c7,597,235,6
3eeae6ec-fd12-4ab1-9227-01e7898fc8e4,425,40,8
cd51c09a-82de-44f9-a998-5f499cc7deab,861,99,3
83fdbbb7-0770-46d7-900d-00cce87f7eef,31,260,9
07e5b545-78a4-40dd-9e5a-fbb963f315a5,120,197,2
d745ec34-2150-4459-8765-f7bf3101f0ee,176,145,7
b4afc14d-caf2-4e5b-acc3-d5d3b26968ff,192,326,4
61d18b94-9162-415b-903c-67b5ca9c3116,161,132,2
948477b2-2c59-4e46-9477-843e8a3834ad,358,241,3
14c76d86-0dc8-4279-a5f2-a49ab42a4243,188,159,6
9398a909-9a5f-4ead-91df-14ceec2b4eb8,356,30,4
219cf936-a740-475c-b788-8708427f4c9d,60,252,2
6be8e04a-8d36-463b-affd-c7a15ffe8b40,967,252,5
c658cf8b-5639-4af5-942f-208399ac5af3,540,250,6
86a69494-8eb6-4435-8c60-836d30bcef85,928,5,7
55c81a45-3d44-4bde-854e-1c9344362532,33,492,8
23bdf5a3-a308-46ae-b871-b32945b1b27e,284,36,1
8bcaa92b-4d9f-402c-8296-f58fe2c46220,15,342,8
378a3492-3bd8-4997-bc38-a9405e7f3f4b,12,63,6
3e9e2a7f-56a6-4242-8403-9a2ff505acd3,484,40,6
6b983d4d-686e-4591-a72b-bbaaed6f7209,347,293,4
b749d671-f128-4295-9b82-c9fe818dc8dc,416,132,8
101cfd04-874f-4230-bec4-3f703f907ddb,181,262,5
9571d856-d9e0-4158-b3ec-68a5ce4525e2,204,57,8
e78c41c4-8fe9-4be0-b3ed-5b54e21d25ea,481,5,7
510dd75a-9589-4245-a06f-6aeccaa8dc19,159,394,8
a5af251d-91d2-492c-99fd-794ce7b7ff5e,337,396,6
298d6155-3e35-49c6-aee0-6f11fdcc928f,572,306,4
97786b77-28b5-41d9-ae03-4bc26347eacc,22,474,1
cc4b047e-97c0-488a-b320-8b681827d17c,612,454,5
18ca79af-29c7-4248-b0ad-b1103cae0141,370,211,9
dc324a87-5f90-4178-bf9c-5a88d7960838,695,120,2
510246fd-8ded-40f5-bfe6-8092c9924019,678,175,4
42f02c87-6451-45b0-a987-e741028f3ff9,570,144,6
d1fc98bb-e76f-4670-b40e-ed2ad96d52b7,792,210,8
540b5b30-7deb-4db4-a627-6a0df5384293,195,221,6
fbbd8d59-94d8-405e-b71e-863ec6a8dcfc,981,7,2
4164f00a-12cb-45c2-86e4-615cac7288a2,652,201,1
69b0d859-7a9c-4d72-86ed-8f852dd1a673,444,205,5
ccd28c80-2b33-4208-b561-392c5c928dab,515,80,7
64d1b611-f703-4ad3-ab27-abfe3b969c15,78,98,9
7450988f-9218-40c3-aacf-13fb5b5a0402,315,107,7
53fa5f2c-cb47-4cef-8381-9910b477d0e5,613,324,6
8be45602-2c45-4916-8339-51bb1ff6299b,791,391,7
52a185a6-e0a1-4ca4-a8a1-b9b98cb123b1,747,14,5
df4bf2d8-5b05-4acd-8d25-9da8415a58d1,23,3,3
a260dbdb-f0a4-4042-927b-479a17aa551a,81,291,2
c74b9f21-e316-4db1-8c7c-59c735fb5e6d,148,455,2
3f5ba6ff-9f1f-4af5-817b-9a0709780ea7,87,389,7
3dbdd84e-5fa2-41d6-8cff-8bfb1545e63b,984,354,1
e2053b81-a4fd-43bd-a7a8-b89992c55812,471,78,9
47e3f905-5e7a-4f04-b818-98a9fad9df93,374,215,1
809cffea-1e98-4c7b-907d-b7a9e7931284,348,323,5
7b5f4112-50b5-49d3-a7c4-4697c798aa51,536,263,3
e610734f-b9fb-4814-aa11-8d0a5887b8ca,919,26,2
bd5600d2-702f-44b4-ba95-1008045fd1af,706,94,3
76b4072a-838f-426c-9e50-1ed9d9c6b58a,339,190,8
e712212f-e338-4263-8ac4-6471c7ccc52c,860,172,8
7c4660b3-bf6d-4400-96b8-d87060366b06,728,288,5
68154283-f2c9-4b86-9988-5e297c2a5d7b,977,214,4
fa1b1881-da64-411a-9ac6-c5a560386024,404,271,5
9b3dab7e-2c26-4106-9b5a-dd08d1267a3d,370,77,1
1f86e726-4084-4216-b439-5a57f6d7cb52,395,33,6
81c02270-6610-4877-b57c-448b0b5ef367,769,422,2
701820d5-b6a9-40c4-bfae-12af4c7d5017,132,258,7
6edcaf40-253b-4e5f-b85b-4712e68de36d,12,135,4
e4178f71-69c6-4d31-a2c1-f2fa98943cb5,244,315,9
ac2b0184-8306-40bc-a131-5e82ece51d7e,846,117,1
587fc45a-1bb3-48e2-8733-984925947bf1,861,40,2
4c5cb8e8-bae9-4560-ae8c-ca2e0d1e61ac,435,205,2
77ed316e-39ee-4264-b4d8-2607da5a0594,976,49,3
b315548a-d3bb-4c52-a8d6-6701bae157cc,568,459,8
eec0c9c9-9218-4296-ae61-8f0379a16672,160,242,6
dd0ba2ff-1762-4623-8142-5004e0d8471e,361,7,8
a7ff4bd1-173f-485c-8605-31334959678e,120,157,1
a0a458b1-a5ab-4eb9-8e6a-d9da0eac8bd0,875,479,5
2c6e716e-9d0e-4f88-8a6d-d6b22803005c,395,85,6
34b3c3d6-a739-48ad-a985-5a2057cae534,616,358,5
da2a9e52-feb0-4361-a2fc-264dbf0b5db0,805,231,4
c3d10ded-aa8d-4da1-b743-a57a90a5199e,273,124,1
963d6dc5-17cd-43fc-8d10-8d9dcff83335,902,210,1
5c9a028f-6399-4b8b-b805-e248ae5f3d4b,564,470,9
d27f570c-e3cd-43dc-957d-52f5e5b16c5f,636,76,7
695e1aed-d25c-440b-8e7a-ef9302f4c01b,880,90,9
bff27129-1419-40b4-8fbd-eb372c5231f7,954,25,6
47acd0c9-94ad-48e4-b25c-aadee7e3f388,620,234,3
c07f2371-a87f-4897-8044-40cd7daf2a5b,178,303,1
4459a243-178d-457f-a040-e43d64c13b7e,500,41,5
082aea44-bd53-43e7-a18b-70b25c6e3335,272,49,5
974d161b-2fc4-4b65-812b-99e7f3aeedaa,943,493,7
c5bb422d-8dfa-445f-a732-b66bb03d2d58,157,226,6
eeda2390-25ca-43ac-99f9-1de80d05c717,240,238,2
d3e0bb59-0c35-4ca7-9705-13b6307dd9fd,858,389,7
74f6e6ef-f73d-4ec5-8b5c-00cce5356b24,279,315,4
0685a4fa-6dbc-4638-b5b4-3b1fff3eb5a4,434,6,4
fb08f730-c2bf-479e-833b-09a8dd8a66ec,351,457,4
80086419-e26f-4816-b2ff-06dccecf730f,156,417,3
3b21ff90-aff6-4404-9042-df56aa97a66f,110,334,6
89b1cc51-23ca-4dd6-a0c6-9d36017f7da5,142,462,7
7437c085-d477-4ba3-a810-78b07b9991de,166,9,8
dfcee95c-bb7b-4be7-8d26-213046be616a,786,350,7
a04aa1e7-089c-4b5b-85dc-008a5ec73505,151,341,4
7bee6a14-d3d2-4658-9180-9a0362731ccf,666,120,6
d273d9d9-fe7c-4188-9b7d-bc968289d762,973,7,1
0096b7f9-7340-456b-85be-7efe09fa3893,879,254,6
587a74e1-f450-4c08-a649-59b6b6f20e1c,69,288,6
af369f01-d546-45ef-b567-cc61f503b556,532,324,3
85c73512-a9c5-4549-befb-19134e493cef,871,272,5
0e52fb17-f966-4178-9a7d-0721f84674a8,978,328,3
71abe00e-cf61-41f4-ac0a-49f94c896d4e,782,144,6
ed133024-0475-4b2d-bdb0-440fca4a9c6a,373,216,2
30ece808-ccbc-4b01-b282-70ed6d5a615a,62,212,2
8f9293b4-2431-4d71-9462-6f086c98eb64,367,243,7
7cd2e6b4-8975-414e-a239-1bfe461995c4,765,438,3
89394820-49f8-40bc-ab15-f1b4de54baaa,981,59,2
9a852efb-6cf5-4a1c-90ba-f47b73d6fd13,916,30,5
75a6c4ee-5f78-42d9-abbf-113195865809,948,347,6
e13c955c-1991-4f54-8bef-8c14153e6b15,32,72,9
d60e44c6-aa23-431e-8ff4-bfb9a7811ac3,512,286,6
6bce661d-3c97-4779-9098-0d60bf127d41,403,7,8
1db95044-3518-4dc2-b1eb-e6ebb9f6fff1,294,140,9
89fe37e7-c8ba-47ca-a88c-22e210d2efba,790,66,7
f5317db9-0f79-4ae0-a76f-8d3548f7c6bd,540,353,9
00ff5006-8c8f-4125-820a-efe52be46636,668,478,6
1af73b1d-2996-404e-b198-26d537100006,15,79,9
8b7a0ffd-7b9f-4009-9a87-7e59e8ff6426,486,154,8
baed71f9-9e6f-46f6-a15e-6956ee54a4ae,114,257,9
beec2d29-dc33-42b5-b320-87e7170f3285,825,414,9
983aac71-0ff6-4941-a48b-8c775810cb2a,996,229,2
790bca6b-d495-4eda-bbfa-0ebc16a099d1,428,99,5
d58471de-c284-403a-91a0-86fc8bb7345b,362,330,1
b33d46fe-6be1-46f4-b7e2-7d27362eaaac,377,176,2
f7391469-95c2-4884-8500-eef842c12bf7,857,337,7
33f02282-e0a3-40f3-9475-a35771e7b597,787,391,3
2778c970-80bd-4ff7-b7e1-f6f1170fa0df,643,191,5
ea505009-adb3-4624-b2f7-1a6830bc6b8e,780,453,3
57f73117-0e18-49e7-a151-0cbc1683c629,970,195,2
028c8975-ec08-415f-896e-891b64b876f1,62,465,1
5ea71c87-3055-4f7a-893c-e8b5c4c107e0,926,376,3
f29aee57-7f5a-4f8d-9b80-ef2637796993,670,436,8
15394934-7ac6-4d09-a2d0-caf1964997c2,434,375,5
25838ef6-69a6-4528-8c4f-8014c8985743,372,386,6
c6701640-af4c-46ef-a003-4980ad6b38c7,161,42,1
14de15b3-02b6-46e0-8dea-cdfb2e0ff914,666,2,7
3eb8b0c7-9341-433f-9497-8f18f9ebff50,329,73,4
48fbad55-daf7-4666-a364-3118bc87468e,799,204,2
49980b20-22fc-44bc-a015-e6b0fb6047c7,908,44,8
c3a80a04-a13d-4296-b825-e1b1cfe02f0b,791,18,5
12c4c6c1-333e-4dec-a63f-7721c5d2e7d2,478,24,9
b8d76980-0b98-4248-b4e7-673b55a2c636,910,429,3
2c782e07-04af-4bd0-9573-aee09f1397f1,868,145,5
dc44cec7-fc00-42a8-9f6b-de2543b430b5,748,206,2
17bf4d56-af9d-4ade-b753-5a0e6ebdd1c5,410,105,6
68218bb4-cb80-4c80-80ce-93aeda4cb67b,983,372,8
431aef0b-31ad-4a74-87c6-a06ebfc74d2a,437,41,7
4e130b46-7762-42ea-9afd-ca6337dcd6a1,283,445,6
76ff4bff-3ad2-4892-8b3a-20d992cdab1b,404,226,8
7846a841-cc50-479b-914a-662411335296,534,10,7
2ca19bd1-52f2-4056-b6e5-5f7d45650d85,530,279,5
bc2f65c8-ef8d-4f2f-943d-f07359e03e94,111,254,8
3aa4331c-8326-401b-af40-3d6cc2e3cad9,686,194,5
87e46b48-990b-4c74-8802-0770567b8280,384,415,4
76d02894-ba96-46ae-88ac-a25fb7c94b20,645,86,3
f80aa554-d04c-4351-892f-f573d1c67daf,919,460,5
1edcf71b-96ac-4e64-b843-4fd412c20c63,890,255,4
ec67b9a3-73e3-4098-9429-1794e852c85f,183,16,5
01d211bf-0481-411c-8a3f-72b71f0f1a87,424,433,9
37afef3d-5bc2-4eab-9304-fa125e0a668e,989,494,2
3a2ae078-92c6-4211-b404-2bd445873238,857,99,6
d4b91a88-5eff-468d-b345-4829c67adf80,74,269,4
96415a34-eeaf-4e90-80e9-c894bc172d50,802,396,9
fdad5f01-18a0-486d-ab43-b520a16b5814,695,309,2
930112fb-c8f9-4bbe-b241-4238736a8790,338,499,8
2d251733-ea19-4ffd-9da5-429fc1bd2ec3,867,456,1
1b134283-43b7-4d6a-99c6-f7edfe9a02c8,869,476,9
b127e047-2546-4a9d-8545-a91fb07073c2,939,240,7
67f08d80-729f-4fac-b263-03fcb9ab4a64,485,447,6
62fd9571-8498-4b90-9bdb-1aa9cb456169,362,270,2
f6143c72-e588-4005-9136-9848ff03ec2a,925,158,8
d5f0ea73-e4af-47e3-ae49-a0effdeea551,848,486,3
63e5b2d2-139d-4ccc-b3ec-2916700a02ad,690,11,2
880a3b23-862a-4c9e-b0a9-73a90e320016,202,489,4
9a2dd060-dbae-44d1-bad1-ebcbeed08b31,67,273,6
58a2bae4-b1e5-4bb5-8aff-41d5fed9038f,158,17,8
65ad7a89-db62-4984-a2e3-c174a4d0fa87,777,286,2
7637692f-4068-4e5e-ae57-5abf2e77c26a,283,280,6
6657a42c-2bd3-48f1-a857-492551203930,172,100,9
339066ee-3445-4277-9614-b4659fa33867,878,378,5
64f0414e-d254-46e2-b3b2-01d3cefa458b,848,178,4
f8e3ce67-1f60-46b0-8a96-87a32c2d719f,295,241,9
1ec70ad7-2eaa-46d0-9225-e2243f27b40e,909,361,3
16f97596-4286-49a6-bc19-8c378073acbb,407,444,4
5c646034-cce9-47ff-87c3-81674f9a643f,168,15,2
f0378c00-b0d6-4c32-939b-1db510691be9,255,171,2
974c052a-2dd7-46dd-b436-be642ce87994,816,475,3
5657fc77-9508-4931-8494-c2e42b89e027,964,464,8
f8629bb1-2185-40ae-9ed9-6d04c2919316,630,44,9
28dc3a1e-d5b8-43e7-99b8-65b823530ebe,177,361,7
d462569d-c8ca-44f9-a131-ab9e59794c18,208,497,7
a3086c88-34b3-466b-a7a7-f9e08bdff6a6,172,231,7
02be56d7-4536-4884-87d4-b57f84a758fe,333,5,5
c177810c-20bc-45dd-8090-bc9e3e5227b0,832,138,8
820ce610-1eb5-48e6-9e67-7fa72ac12f6d,562,40,5
59748222-d615-4ac2-ba79-44ec0a092035,616,196,9
9a3eb372-bd83-451c-bf4e-fd4518528ece,595,210,7
62491331-18fd-4401-9f38-c8c34886f144,133,263,4
da4e7e68-15a4-4214-a5c0-a7b0f7261fdf,664,346,5
ee211f26-d117-41db-992c-249272e8ebc5,257,43,6
ade7d133-875a-46d6-9aad-64ced08ce6c5,972,360,7
c544549d-5d89-4777-b426-3d932ea2afae,278,324,7
7131b3e1-46be-4241-bd50-e840a332a8d9,935,79,6
d7ec70a5-519d-4d15-b7b2-67c9b0d111fb,928,44,4
19fb648f-bbd6-474c-b0e5-fa9b1d972d83,884,219,6
1255229b-411e-4f83-b295-f49b00c1b863,635,454,9
d4922cb4-2200-450f-a956-044d328d69b7,522,107,1
3585ff83-db34-489a-8a56-f1a11bc7d5af,277,363,3
53e4e6f9-926c-414c-91ce-b3d684e3c56e,633,427,8
ce895ece-419f-4333-8826-cd18ffccffee,20,118,7
e20675f6-5a91-4a3b-bad7-69a16b07a498,485,241,4
e334ad4e-4221-4182-a901-9727c7398c54,400,122,3
1e964d23-797c-4b66-b8ff-56292b915a50,759,286,5
7246c929-65fb-428c-8901-eb228283df49,168,490,2
9492721e-6f0b-43ef-9033-bc42cce3e40c,292,363,3
77ed70e4-b3cb-44a1-9744-f88a5bab2625,178,117,1
a1a3e887-40cb-4fb7-8178-d4c054e0992a,96,109,5
94a4d703-4942-4be2-96d5-eb043e604fed,595,60,3
e4a2dd84-f1fb-4a0d-9d88-4a87c098e152,241,42,9
e43b6587-a0e3-4113-9e06-ba95bca0b30a,159,344,6
517e658f-3a20-49d5-976b-452aff4bef1b,583,80,3
7e1603c5-518d-46ec-9765-5b9cd6a04f70,724,349,5
8938bb55-e06f-47ab-a001-87030f24337e,883,9,5
c88cc893-2f25-4671-991e-acfb8f7f37b6,381,473,4
0b93314d-3229-4330-81e2-3079ff9afbd6,864,232,5
d57ae44e-2deb-4be6-b674-37f424490f12,265,41,2
f1ded55d-7d17-440b-90d2-c8912b14c127,515,182,3
06aeb419-558c-4a6e-94af-f3b984b58d80,526,476,5
ac337f5b-c21f-4be4-8204-b894e0871086,180,211,9
a24ae8d0-c17c-4ebc-89b5-ca69136a78f2,233,70,7
6d86eb61-8c72-4f3d-bd72-ebfa8c23bdfb,979,500,7
d835a5ee-1b00-497e-92fd-8455a122b1da,1000,171,9
e3e45281-556c-4a90-8cbf-d94b83986123,576,151,5
39e9a1f6-0c7b-4272-9a4c-1586fa1b6d54,923,74,1
4dac8fd1-7cf3-4183-a1d8-6d35cc871b35,950,127,5
c477be54-f8ed-4039-958e-1d58c8f13083,501,178,7
4f8bbf15-330a-4e89-9a50-05ded12c97fd,503,235,6
66be82db-507d-448e-8591-fad78e0f4d67,595,412,5
d97d6f90-6643-4fb8-8dcf-fa31fcf97604,309,463,4
ef992bff-5697-40b3-aef3-26b623bc1fae,646,348,3
ba0c0dc5-00be-4eb1-91da-2732ad6c5efc,671,149,9
cbd8472d-c8dc-477d-95dc-8c76c18b13e7,920,498,4
b43aecba-c2e4-4975-b345-65c6c8c222f5,504,257,4
9f34dea0-5ada-4031-baa3-1655efc980c8,205,107,2
e1d4670f-6d0e-47b5-bffe-bfac9d50432a,31,194,6
332e2518-9f43-41b0-b807-fa71bedd42dc,451,339,2
aa5b315a-a40b-41da-948c-11ffdb32ffe9,900,251,3
7a6a7510-9a37-46d9-887a-45ae32561238,520,90,8
c000c7cd-9f31-4a10-933d-60c03fbf094d,915,275,5
b9244e80-df03-4efa-955f-a5ac4beebfb0,796,45,5
92c07ccc-4e43-46b4-9a1a-6f9dee8042d1,460,112,1
83c0bd82-feee-4333-8c3a-72aedc73c923,199,320,8
df3e66cc-af9a-4cfa-b886-f3c17973d13b,46,403,2
10a7888c-d6b4-41d2-a625-d5aca21b38b5,934,66,6
03f24727-4348-4234-bf53-17917c2a6762,300,279,4
d7ba1af2-b39d-4dc6-8b6f-f041f9fa6aa6,776,17,8
97dd38b9-c75f-4180-8c53-7c4aeca32c18,730,89,6
e9a17861-5184-4955-b73a-54e78ddb42b9,685,235,1
99c0feb7-ac07-4d73-928d-042df469bfcc,520,494,4
a7e929b1-5715-4217-9043-7ba78982860f,997,239,8
b5065249-3329-48e2-81ef-a07210ce6ede,319,309,2
a4f3fe14-427c-46ea-922c-eb49753bf30c,817,423,7
63d8d60c-a024-4626-aaa8-3a30d740de9a,573,186,4
abf0e16c-f128-43ac-a572-2a2734bfde8e,207,302,9
d641c2ec-f8e6-47fb-a7da-8d58ce5e60be,952,336,1
5d189654-1e89-4d1a-bc9b-3fec06b28cd8,520,4,1
4789e0dc-6385-4ec5-bd28-e3e53c0690ae,690,18,2
b3cf7ae2-4009-49ae-a3ad-7eb5ab708235,317,173,8
419296b8-9def-4d76-b6b3-b1194057fb90,207,364,9
0f543e98-4e9a-4043-8688-86f4e9f973ce,109,428,6
fc53f738-4ec0-4d7a-b816-7e45d942dad5,41,347,7
5ac41bc1-60cb-48b3-90f6-1bd055d056d1,298,62,2
c68cab1b-3991-45d6-ad50-f7f2af889686,654,218,6
2a67fddc-7202-4086-8a40-08daf9a11fee,817,310,9
2cef6dec-6c3b-42f7-8c57-db83afed290a,975,151,9
6e97ce37-e9be-47f1-be8f-25416334254c,427,227,8
1069dd7b-cbed-4abc-87f0-49809903141a,429,421,6
c818297d-4e36-4884-b0c1-4586b7554c03,252,160,9
eb810739-ce00-43e4-9dd2-c62857854f07,62,335,2
131f078b-628b-47c0-b1f7-ce997a4f16c3,680,428,1
c6492ae5-5006-4232-acf0-1d0c844ab602,820,36,7
524c5c65-dd3b-4b4b-87f1-390acb70c752,130,4,1
9df11029-0937-49f6-aa0d-a485233dafab,158,450,9
f38fe0c0-0d1e-43a8-9811-53689a29a170,312,247,1
3825d187-7ace-4b0e-bb57-b1439d093b55,620,384,2
75f21866-7f8d-4907-a10d-9981e1d707f5,153,7,5
090251cc-d7e7-492f-be35-b4b4bc217588,138,332,8
aac4e80a-b4f9-4b5d-8884-7b24b1dfc6c9,642,255,9
a8c5fd5f-5674-4fac-93bc-96ce341e7918,659,211,3
f084fcf3-76d3-4bab-917e-56f34cb15fa9,572,99,9
38e7459b-b3fe-41e1-8d78-82119fd320d5,970,66,2
22743eb7-135b-433f-8e82-62a74c88efcc,149,44,8
7de81add-2a17-40af-9e08-faac9a0e4a3c,251,289,8
05dffc4e-d282-4bd7-9948-b087edccd3e3,671,183,3
78e1e09f-59f0-4872-bf9a-bf7068159c34,548,344,7
418fc80d-28db-4e85-9518-b3343d423d37,991,449,2
d93f1a1a-f493-4928-8556-d90b4ba3b2ca,537,61,9
d111fd86-2494-4c04-b193-f3ff0d0881c4,407,262,8
b74dd0c8-9e59-483e-a2aa-058c258aad94,108,380,4
0a0327ed-2078-4d0e-97a1-3d6318612589,495,95,7
615596c7-d9e9-4299-a177-b9625a030ba2,748,448,9
03bafb48-80fc-4305-9871-88341b79e9f4,385,106,3
a72f61f2-1752-4670-967a-2a4e9c705bb0,208,168,4
b29fa6b7-957f-4749-a6cd-3e81316280a0,10,59,2
fe6b13dd-7385-4c82-a33f-5688dd32c148,780,39,2
e162db96-51b6-496f-814e-56fbc7d636b5,305,454,1
e67ea814-89e6-45e6-8080-0187dadf16d9,310,374,8
e67f146b-3d7c-43b4-aefa-8961b0ab7475,153,55,7
ab433000-f1f2-4b5f-8c57-f35dc6c22a5c,953,198,5
ab7fcc85-da51-48a5-82e8-2257ff2426b2,469,193,2
a93ec397-6e71-48d9-820d-b1e4ba7d052d,933,207,8
273230d8-ac64-4053-928e-8702dabd1851,549,309,1
45f79dd6-136b-48d9-8821-110cf7996d27,477,230,9
62104a22-2504-4102-acf4-d48eef66ab30,733,432,3
3395847e-6284-4aa3-89fd-cb0bba7e8825,656,187,2
9b473bf2-7a27-4b19-9277-39bf17c69e36,591,257,1
09bdfb8b-4e97-43ba-97df-e12322a20763,83,200,7
28909ca0-1cce-4550-ab55-73fd213b2b64,344,459,8
e89dfa21-7efd-4f41-8845-9caef72e9160,340,327,8
b663645e-9e21-424a-b71d-bdf06bba6d3b,858,411,4
2d2e3bd3-dfee-4b5d-9d2b-c1339cf5fe77,294,416,2
a2c362f2-3f8f-4369-b2ed-7076becac7b7,267,291,1
c30a6b88-e42d-47e1-ad48-a84e6e9352d0,696,114,6
3fc3369b-aad2-4488-b6ad-c76c54582f1f,936,365,9
479353cf-3455-445a-9dad-f335f54720e0,183,53,6
262b779a-af07-4cd3-a436-73b921a43465,889,165,1
21a8cca1-e2f6-4b44-950a-3cc45ec3c77d,165,87,2
cd806cc7-9ca0-4235-a674-5a939a795c37,125,263,6
39735c3f-5430-4475-836a-7b320f23c7d8,108,353,1
e5eb36e4-cb6b-4c1c-8679-85643f786954,901,497,5
6a2852eb-5fdd-447d-a987-a5f5044c4571,759,205,8
9e92064d-b71f-41bd-b1e2-c9dac14b302e,699,10,2
542d0791-2d55-4a5e-a5b3-058dadbcf843,326,412,5
abf9bad1-78af-4a14-a740-00b128d1ef7c,891,494,5
c0468e66-170c-4093-83f7-e3b2ed7283d6,372,377,7
b12b168a-b0ac-4401-a0ff-dc08b8445436,144,445,9
256a85e9-8ffd-4488-aa37-2aa6dd52031d,54,384,1
a7786a32-0fc8-481b-b743-f3bf332cbffe,171,233,2
96337823-cb1e-4e5c-8744-d1161fb5190e,203,131,9
baffec2e-55a9-40a3-acba-6d938a52102c,327,36,2
9a2a15ce-36f4-4963-87af-fa1d1a82bf59,133,169,1
17af8c22-b93d-4c9a-9139-320cc7c569ba,307,140,4
48c7fbf8-ee32-4404-9c83-2303d579880f,690,480,4
862fcdda-0c08-4c65-ac11-d33fef9bb447,345,118,4
83eeeb4e-9f15-420c-ba92-e27219ee6579,800,225,8
4812aa34-891e-47a7-9de7-1f9de304c6cd,387,156,6
b8d8a17a-b9e4-4910-bc67-947bbaff7671,90,107,7
3704548d-9ada-4ad8-82a5-9a1f2e5c0e60,109,326,6
c49031f9-cdfe-495a-8fea-fef12af4b5f2,873,426,7
0185538f-570c-466c-937e-733aa3a3f383,301,435,9
d18b1537-9d82-49e7-a708-d0a7c06ccd9e,444,158,8
e93f9886-df0c-4398-a0bd-ebf4cf118524,51,186,7
8faebf91-a802-4d93-b083-d3a5ab776785,456,403,1
3aa3216a-dac7-4830-8567-0c5067c7f433,230,164,6
38aac347-50b1-40de-ad7a-ee86df5c40c6,220,318,2
1033b44b-43bc-49d1-ac85-7c5a734f7d24,566,19,3
a75bde98-e598-4dc1-9ba8-e8b861c9e68d,48,87,7
b687ba21-732b-45be-89b9-72ae4e7878dc,104,68,3
0fc29377-bcf9-4bb8-8331-df770ed0aa8a,296,14,3
c81df8a4-d559-42d2-b4dc-8f8fd8446162,146,110,6
bcaec157-2832-4438-bd9c-fe289307dac3,335,448,1
3b59ec65-05d2-4d04-ad2f-1c361077bf37,84,298,6
6ec41002-2c6e-411e-a2c9-371fc9d6256d,931,371,4
992859a6-cea3-499c-a17f-651b8b5f3c97,793,337,9
06db16a9-748f-4a95-a866-315923286017,876,443,7
57e3cf59-65dd-4b6a-8486-11504b7952b8,463,18,9
cf05ba69-a8a1-4278-9426-c85d3db555ef,854,169,4
6ff5bd0d-ee51-46da-9a79-155615a0fe02,605,146,7
deaef008-64b1-4315-ac60-2de37db1f6a9,872,456,8
c1a30b29-2c03-4c37-aa92-0a0a048a0448,131,214,9
280fe293-e52c-43d9-8b0e-3443243a0faf,693,18,7
a206196a-237a-43c1-9285-adfc5a7bef33,471,417,3
5f284149-8990-4f81-a46f-9e6467ba15ca,35,491,5
c757161b-f245-41e9-8ca8-2925906ce860,492,41,4
9be4300c-d4aa-49b7-9015-b93d0844a991,693,71,9
6542943b-e1ff-49d2-bc83-9a2e3bcc8fe1,4,131,3
f3f12a5f-25da-485f-b724-f84e8d0d701a,927,414,6
48865c87-730c-44e5-80c2-3374b34593dd,653,144,6
a9843a80-e9e5-453d-b0c9-f671c4d15e44,869,250,3
7048f407-c398-43cd-bf89-7da5b21d4150,771,404,2
098eaec6-d5c4-4021-84cb-121acaefe1eb,315,56,3
84548e11-d21a-46de-b22f-59df159203b8,238,356,1
3d72c003-a4fb-4f34-8c9a-03d70c4cda7b,138,301,9
15e6fff1-87af-404c-b6a6-8e443c109ff6,887,293,8
b1b6e713-3a8d-4da9-8e1b-83ba57710ff5,672,239,9
09580b3e-a684-4532-aa25-6da6462b431e,184,447,8
20ab10fe-3c4d-4d8f-b958-454ad7566270,282,158,9
23cf856b-6864-411a-b8f6-2074356ea067,226,447,3
f7329d86-a0f8-4353-812d-55ae1a4b35d4,218,452,5
801f53ee-0b58-40a4-9675-2608da919874,430,275,9
310be165-1f44-432f-9c19-937f4af8fa8c,766,376,6
da733049-6f53-4d89-8efb-988306d0ad38,92,278,2
049c8355-1844-4cd0-89e1-f31f15defb26,161,26,2
7e5e72b7-4c9f-4059-9abc-6ac01c592416,360,61,3
3b389f2f-6ef8-4356-bce9-ad937cdccc40,758,374,3
b47dd54c-2d99-4b93-8c82-c37972111840,610,168,3
bc78945e-0d66-4f94-b34a-c2e51ac52f44,227,89,4
f0252ad8-ba66-4874-a7bb-4b3a81371977,262,100,2
582effa0-8721-4638-b102-1d00c2bd4407,337,206,1
a378b954-7b5f-465e-b279-242840d28f13,193,442,5
84e47db0-f217-4dd2-b8c0-07b8633c933d,999,118,3
a7d1097b-11ba-4380-bd0f-339222ca02e9,737,396,5
e0a99606-5c2f-4aef-8725-85d2049a8b74,169,98,7
ae98ca87-659a-4bea-bc40-05eef68d6109,921,435,4
60bf54e4-924f-4aba-a2b6-8a71be4a6da3,480,461,6
2265abca-3778-465d-b6c2-7c50794bce43,518,357,9
54827b78-9782-4fd7-81d5-aab9d145ad8a,375,230,5
5c2fbe9d-346c-4281-8078-f12560943c96,958,265,2
68b4370b-8a16-4291-8f83-3b679e7f4293,261,483,7
dbf809e5-6c70-484a-a363-f1f7459a1df7,282,140,9
ca329d29-a88e-4430-91b1-33f807683b29,22,452,1
c8489f1b-657c-4dbf-8c20-6521e02c0bb5,408,242,9
3dc7b84a-c869-4788-803f-fbeeb9e83cc3,797,19,2
ad66cc72-7b8e-4830-8cfe-e54972085ca1,747,355,4
d56315e7-7c8f-4a5b-be45-614db6ed4f7c,756,476,1
04fab637-7325-400a-b46b-f2a877a3f425,979,335,8
f9cb3121-cabe-47db-ba7e-478206ce0e02,780,407,6
3d907d9c-0649-4c8a-a3d7-cc058ead1982,439,238,1
732a0f1e-44c4-402b-9160-c0fb1d62e870,384,379,9
22f52d44-b138-451a-bf4e-ffd1698b2129,356,178,5
8d789fa7-fcd6-4c21-b025-f397d03954f4,649,201,8
5e50049b-36a1-4d8a-ba38-b50dc99bc247,635,294,6
eb393154-2501-420c-9aa5-ef7b1566cfcc,848,207,7
c00b834e-70bb-466c-abea-f36b6362c58c,446,248,6
b6c8b447-1770-4933-800d-0ebaada59091,754,152,5
7ed4ae35-01c0-495e-a8af-cd2629489a7a,606,488,3
47039203-7158-4f99-bebf-d59960cbafd3,247,476,8
d11da689-e2e5-41ee-a424-d25a7f0ab98c,539,109,1
1388f73b-a1df-440f-a77a-5ed5bd440f28,169,233,2
237a7a2d-6ac2-4e15-ae3b-8645e654af99,412,480,7
f15f3a5e-90f8-482f-a294-73e1ab9f1fa5,418,289,7
a213587b-4d72-4287-ac60-d4f32d1cd6ab,78,42,2
765af184-8ff9-469b-9290-a6373f493fb8,886,365,8
9382ab52-905f-4007-8859-8ca375710374,387,275,5
38c4c3b7-0a49-40b4-b43d-5602c660e5f5,823,194,9
5719d576-b050-4521-b0a2-27b618e608a9,574,354,4
76d3d930-c9c2-4709-acb9-7fd52228c999,394,211,8
5e297cd7-19fb-498e-8d49-8a9b5bf4cd56,381,70,7
1350e209-ab1d-4a2c-ab74-657bd0395ee0,899,312,6
f9f1dd40-1762-4da0-8e43-9588652e2d95,64,399,6
edecab4b-5141-4bdd-bf2e-003dd757773a,444,435,2
1ffa9891-c213-49ac-8ac6-d614a7ad1304,47,482,4
fc5634e2-438f-43df-ac1d-d3286afc2aa9,670,398,9
2c342e14-b6d1-418a-9748-7b8fd24d886b,737,63,8
75430836-d5fb-420f-9834-76a6840152ff,731,89,2
032edf13-c68c-4a49-b4dd-dd53c0bdad7c,920,229,4
927225ea-3bab-4af1-9ef9-e7670f73ff9a,650,300,6
336c8903-c2af-42d8-9c20-417995b9e3be,952,445,3
f47f5421-67e6-45df-8d8a-c38d0e6dab6d,36,399,9
8a94f6e2-d444-43ee-b507-1426909f2bb0,258,47,2
38feb1ee-261f-4201-8139-7dd87fe55981,474,327,1
a76f7dc7-853d-44f9-a517-e3eeae202be2,115,270,3
9f023540-e8eb-47a0-9336-5dccced2781b,687,207,1
3b9f1e0f-7afd-4c9d-9f71-5ec9049567b4,909,94,8
c20258dc-1cc9-4de2-8884-3615a4444000,710,381,6
d33509f9-7e48-4473-af20-8c996a811d67,877,500,7
7665bd3d-c9c6-4f03-9ec0-476a502d6c41,32,405,1
3a8be3f5-4b16-474b-848a-18b68af0872d,37,240,6
9ddf2a86-92d0-46d9-ab07-ce1031a4d5a3,253,146,8
57b21c08-91f1-4d54-96c4-6d9720fa5949,321,79,3
64593750-eb74-4060-9b92-86008a92fc0d,592,31,1
6dc16a30-148c-4c70-9057-90112280514f,653,56,4
697c2943-cfd4-4a3d-91d7-2d605d9aad57,715,149,1
0d827559-8df5-42ff-ac6b-a18c4c518fd7,87,332,9
5e912c19-2418-40ac-b2fc-ea7dc61c142c,873,249,7
07f8bbc2-8565-40a6-836d-672737088b5f,554,121,6
68153681-78e2-4a7e-bd4c-5194fa950182,805,448,1
adbfd284-4c3c-4fd2-adee-fd88fafceb56,26,357,6
1afa9c74-7591-4478-b66c-117629062b2d,460,41,2
97bb5f6a-638d-48fd-a021-ad9dbd66b8cd,445,103,6
b9b7a80e-08c4-41f3-8e17-0b9e3f858d5b,177,17,2
d7fd2e55-8ae6-4a8b-9870-152793c41255,567,477,6
ba55baea-f67d-4d94-9d7c-1c0a0fcdf7b0,60,360,4
623d1854-3fc5-4095-8bec-707e712e0706,241,293,9
9025efaa-d870-4179-9cba-746915ab873a,273,212,6
e73e78a2-c9d4-4528-bd8e-211805d33e28,54,367,9
2f0a281c-1e29-4be8-85c2-2535c541c589,277,402,1
19bb9bb0-e7fa-4521-bb98-0efb762464fb,259,366,1
5063139c-f1c6-416a-935f-909929067386,576,257,8
6cb61435-d2fb-477d-a324-d15bb1390ea4,83,221,2
9b1632fb-47f8-45c5-aed7-e867604ac723,552,42,9
b3601e7c-2980-4c00-bdfe-b074f193e399,237,388,2
43d58e12-99e4-4b6c-b26b-f9cd1afd0a6b,753,471,5
994fbf68-e684-4506-8ae3-295fa0312e6e,309,100,5
fb7276d1-9f32-4280-93d8-a21601d293d7,205,327,3
c9402583-e57a-4a54-95ab-86b79e855de4,714,4,4
5dda1c8d-8fe3-4c1b-af52-ff49b8283b37,76,270,1
5f78ca57-daaf-4d73-ac8d-6644d0b2778c,490,380,5
57c16b56-d3a2-413f-baee-0bc00e740e6c,946,229,9
2fca04e7-ae91-4e4b-a1a3-c83762d06b17,898,366,3
f05a73c9-7c19-4d20-8896-cbc189ebfcff,156,210,8
b15ec6cf-b004-4440-bead-eabc2965620d,137,22,2
a6fbb721-2c4e-408d-8b10-9c273c3a8304,447,415,1
1aaa8bd8-ba4f-406d-b49a-39c4f0bac45a,337,75,8
3408f29f-d7eb-4882-9eae-088123e310d9,227,213,7
9175b51e-35df-4088-ac24-870c710a0675,263,112,7
e7f50b1b-4507-4c81-8cfa-2c62d3814f28,848,9,9
2dd03ce7-c470-4895-b777-d5753710e07c,430,35,9
bafc8228-806d-4b6b-8562-609190393d44,555,236,5
cf8b0266-d16f-4925-aa0c-e9a48714689f,579,472,1
043917ee-7d9a-4599-aaa7-2e577276810b,587,206,8
6c87cd76-2afb-4285-a2a8-a94f5f093644,514,401,3
81c9c380-e49c-4510-b28f-69b11dc4fe2f,943,225,5
f9c0c798-7c11-4630-bad1-f9b993c8167d,684,458,5
91896767-8f60-4c55-bad9-45794dadaa91,347,217,4
a498b594-ffb7-490a-a645-305d02647990,902,306,9
bb7835c0-baba-47db-bbab-65203c5a6e92,754,37,9
dceada49-2913-4ee4-a6a5-1818fb8e599f,995,474,8
c6ac544e-0d02-4aa3-ae85-b48bfb24ffe7,373,236,1
5551b783-ff8f-4175-9f00-a00a5e3898c5,879,397,9
c68fabc3-1797-4d5b-bfd6-5f8b563cb778,404,313,5
ead2c511-4767-495c-b4ad-52cd246a896b,986,117,8
452796ca-c198-4eed-ac6a-1a00c8b75eba,446,238,1
a6b23cce-7b49-4c67-aa31-b64b182a31a2,342,486,5
301d61f8-11c0-4b69-8b37-22ae6eef2ced,338,428,5
a99e41a9-ee4e-40b1-bf76-063823594c73,320,311,6
069f9f83-3e34-4018-8089-ce5ec3ad6a5a,391,214,2
743a8243-b628-4cb8-a762-f641259cc7d4,908,454,4
e061ef57-3ab0-4e1d-bb04-73d3c00f004e,750,156,2
adc94690-b805-4f4f-a337-4a524538024b,499,487,4
15f789bd-3c72-4774-9ae6-5012321b08b4,945,320,5
75de8ede-e17f-4504-8b6b-7acfb539b265,245,5,5
b788dde4-27c2-43c5-bb2b-0580e3738ce6,385,394,3
7a906e78-fbc1-4e75-971f-73af9c669836,278,143,7
12335e44-ac96-4d63-83ff-8a20627477d7,595,291,1
f1b77371-0ad6-4db6-83aa-45004b4a7ee0,512,212,3
6992c254-5766-45cb-9a82-06f1afcd53b1,439,232,6
f07752bb-f82a-475b-a8e6-ac654bdb2d49,347,129,4
81643be5-b0a3-4a3f-9e73-d35511faebeb,904,291,8
e79fe3d5-4210-4def-9070-7ee53a61fd0b,914,328,4
b0963db7-dd0f-480c-80b3-0fb81d44e423,359,257,2
10a48bf1-2433-4656-8575-a9dae1ba4db5,178,316,2
f275dc4e-8823-4deb-ada7-51b0ed24a539,862,320,9
662b00b9-7e36-4b73-bb6d-4f33b80ae798,681,251,9
37614f88-3659-44ab-9845-9cd92609ddc3,802,401,9
cf8d169d-4a2c-4608-b61b-4736d1d57614,749,79,4
0f43245c-5c70-425c-b87e-a0d17f4a4a0e,482,356,3
de7a02ac-8d23-4894-b27d-64d08e14c87b,323,57,7
24ae36eb-6566-4e68-9fce-73297ef4b55d,855,500,5
e47948f7-c78f-4aa3-9ecb-341daa89c4aa,25,5,2
da60eb5a-540b-43c2-80fb-07e9dcaaa91e,609,197,8
ec7755c7-e0ca-40ce-9ec6-3c4186dfc010,427,315,1
20104bf4-b6c2-4539-bdd1-4b51cddd32b6,658,392,5
5180a544-3dff-463f-ac25-0e4c2eb2c957,866,146,6
e7abed4e-1c37-444c-9aea-7f06455ce11c,707,272,2
444f833b-5308-44df-9299-e93e10844b06,998,53,1
deae9ac9-87b4-4b38-b011-4121e4e17aa3,931,310,3
127f70c0-5207-4495-8159-473d1d88b6d0,565,370,7
9ef45dd3-3347-4fb8-b0e9-4907e5578a36,701,340,5
c17b00fc-a6c5-4eb2-b4b4-a1ec02a5efc6,72,46,5
1fe99156-efb1-4bf0-99f1-e93ca0e1d186,161,302,3
54d2c8ec-270a-4cdb-87c2-715cf4740e0f,687,443,8
77e2b80b-f083-4991-a638-d111fa1dc768,156,10,4
5fb65a9b-07ed-4264-b6f2-61f39e3b5fa1,249,312,3
2828585a-3423-465f-a7d4-c74ced4c5cee,881,379,9
cd6b47c7-2aa8-40b9-91f3-4640aca4bd61,3,330,9
677d76d1-8eea-4753-8d2a-e0f1877092bb,930,179,5
b9b26c03-fba1-4aff-b686-7658566f49aa,429,383,3
9cb330a8-3c6d-4d91-9285-c43fa505cc77,985,12,8
c1f50f30-c2d6-47e1-b28d-0175ee2645a6,334,34,2
016f1152-4915-458e-93c8-4301386de634,444,41,9
4cf00656-5d8d-4681-8dbc-0544a894c619,712,201,4
befd9870-15dd-493c-80b9-8b5aadd8b452,899,262,6
4dda477e-d2a6-472b-8bcc-7b401b514f22,237,402,1
094535a7-f974-4c71-b9d6-816b7be60636,809,332,2
52e7235c-8c8c-4cb0-8a43-f2709c7b1b63,800,493,5
cf6e19c2-2688-4c03-9961-34af1e41c33f,355,440,1
55d43fa8-b843-4653-9b77-72db0c654f65,210,461,6
06847dc9-c6e8-425d-a461-0f7ec2b14cb7,548,185,9
4cb08064-1953-4fd4-99e7-b39d840ac68f,554,290,1
b227dcf7-a0b4-4bf5-9c38-1156e6c095cd,961,350,1
a646131d-9730-4fb1-b85c-89a4c65f05d1,381,35,4
16fae0d6-c2db-432e-83f5-cbe1d2d950ea,109,28,8
03a5ab36-d782-4e06-a165-ebc3568d092c,962,32,7
1a56225d-cff2-494f-9d7b-07223a8bda46,832,159,6
7cd9b78e-8417-4c0d-acb6-a28e8ca4eacf,802,208,9
fcb9b893-69d0-4d97-ad2b-366c5fe1d64a,920,155,2
0ba4ebb8-cbbf-449c-b2aa-ecf3667843d2,828,466,1
896baf02-7a4a-4486-81be-a96ea1d52e2d,209,240,4
8701e387-76b4-42b3-84db-1520bee3aa73,544,231,6
c9925fa6-9a49-4543-8897-9e1395568514,688,417,4
265472bc-c155-4106-b2ea-65a6f9e1d9a5,615,14,2
71228cf0-bc24-42d3-88a9-fc972ef849d2,471,494,6
cf4d5b8b-bb61-4b16-820b-347511c6386e,553,423,4
027edf2d-d9ce-48ee-9dd0-3375f9498c1f,745,158,8
2dc6ef0f-0d65-45e5-ab9f-d1388622a92e,370,131,6
25b8d989-70e9-4c71-8783-eca98f631539,305,224,3
0cab0191-2a1f-49ef-b9bd-6c3a2d42084a,363,93,6
52872b95-50ca-4ab9-bb2c-fbeb967d170b,474,30,2
1771d4c5-6605-4bc4-bc4f-c3185f20de70,235,492,2
e7d52c94-a6a1-4a52-8ec9-dc142ce35b9e,284,56,6
93dec385-9a4b-4e9e-80f9-dfcbaa44d4eb,927,352,6
a353baf8-adf0-4dd7-9a67-75f4a848e530,538,390,3
25c8bcc5-2298-4d14-bd1b-a3d042a87a4d,606,100,6
70fd44b2-98b3-4a45-976d-021747721159,958,4,7
85afdf46-336e-40fc-8f12-b70ddeccee5b,465,277,6
871969a2-da38-4776-9784-7d83044ae2d1,769,270,9
6022b3f4-5955-4819-9a1f-155b46d0f12f,48,22,2
4c1de0d9-3b61-4d6d-9704-8a6f0235cca9,489,167,7
bfe9fdc8-a048-4e2d-b6a7-caedaecdd422,513,60,3
0564f963-e0e7-4d1f-a276-b66fc67eff31,473,388,3
419f0070-c29f-4923-9840-61bc4156d696,789,416,2
f0b5e80d-2cff-46c0-a95e-7f4b00466837,660,289,8
864583e5-4a29-4152-822f-42708caaba47,711,125,2
ec58f9ff-102b-4f52-8dde-941ad1822d58,114,355,2
6ba8583f-81c4-4b16-b540-692907db68fd,395,236,9
5fa73144-65a3-4139-a931-c2e5199bd486,252,32,5
57f9d6b7-6ae6-45e4-ae41-80b7411fa771,749,216,7
22bbcafc-218d-4839-a345-b9ca65e98f11,509,288,5
9ebaf36c-1b15-4373-9579-53a2401f4836,474,450,4
e8145748-69a4-46b9-a5c3-0e4195058272,428,12,3
ee5e9957-d9de-47c8-8e8a-7b6ed6571394,390,327,4
498cd737-3786-45f4-8ffd-04a1ff67152d,89,485,6
2c7d5aab-73b2-4c4f-9269-c128dbcae6f2,976,252,7
b785b714-4854-4586-a2c9-5dc502c23ef5,297,266,4
38c0fbd1-2f3e-48c9-87a2-d10980c7878b,261,226,3
2a5280a9-8db5-4863-85e5-5d603cb38c5b,657,152,6
3a718aff-d24b-4cf5-86dd-4372e424461c,339,283,4
1799713a-7d66-4eb4-aaf4-96d9708a3110,971,334,1
e096d7de-8d34-43ac-a764-d160daaab541,18,274,7
2fbd0d7d-13a0-4805-9037-484164b3d77b,187,40,3
6a945166-de62-43ce-8a55-38cc85dfc2f4,504,226,4
5fd49dbc-ca41-42b1-9210-82cd9789c170,321,318,9
bdb1bf28-1318-4214-83ee-4ebdecdf6418,761,47,7
b36bcc24-d78c-43bd-b717-d9e0fe526df3,727,289,7
3b1e3690-c4d1-43e6-97e0-b8b9426bcf15,29,493,2
4aeaf85b-8a43-4590-999c-6a588c7c48db,47,243,9
a929a251-166b-4ae7-af35-d369efba0616,463,390,4
509a58ee-c94e-4e32-89c7-41bae132c4f9,915,367,2
bf8780f3-94a6-45a9-bc82-8bc7ae61a910,874,161,5
f266c3ca-967c-40fc-bfdf-13fbf2f73c19,273,180,9
38ee9540-e856-462d-b547-713ff712c541,479,63,7
02e4ddf9-21f3-4641-ac60-e20b1da08d1f,656,267,2
c907a85f-46fb-4c7d-8054-8cfaf14d38e3,24,379,3
f3bc038a-b5df-4fab-98ed-a374d474d18b,993,196,3
ab0baba2-8068-43ad-9d35-cf18db522d11,153,221,3
99fa674f-79ca-4a0e-baf7-74749d2b841b,925,42,9
4ae6823b-0070-417f-9c6e-7cce32bab289,958,34,4
2df970fb-16e5-4a93-8591-471ca2db7280,941,481,6
dc6b8781-fb94-4e6f-8230-7417958067e1,292,3,7
858b141a-1381-4a1a-a6f9-b75604ab5b04,311,447,9
64380d36-1984-4a68-aa53-843e9ac88b3a,238,469,4
1b285060-7212-4349-b56a-fb44c22ebd78,855,293,3
67c3ac45-ca0a-4232-82d3-5fe8fe04054e,863,154,3
df3af280-544c-497a-9886-f3614c8eb155,609,38,2
c09a205c-ac14-4b52-99c3-32898bf3312b,355,134,9
24d5f3e2-dcc6-4d1a-b0f7-179f036206b4,106,327,9
d2f3581c-820b-4842-9feb-02ea383c85e7,368,477,9
15b9b00f-ada7-4f0f-a69b-d010bcf0900d,513,272,5
b898b320-e1b4-4fe6-931a-e93407e9722a,991,81,2
45dbb403-6f7b-4320-85af-14f518d978da,883,406,3
11d471e4-dbbe-4fa4-9c9f-198b4e1b9790,980,447,2
1acb8013-f916-4649-82d1-85f598a6c3a2,973,171,1
e2430acd-dbc1-46e0-aab8-4b44f0b78538,833,300,8
c818bb53-41d9-4ee0-807d-def17a3f9ee0,269,213,3
04e7d530-b137-4f69-9a60-eea5bd585295,842,450,8
5a477078-102e-4e27-98c3-cb0eadff314f,589,208,6
c92d1ae5-b29a-49c7-81fe-74c8599d9407,677,278,1
3787f1a3-0c3c-48b9-935f-d7420d3368a3,685,173,1
fda1800a-6f1a-4a6d-ac86-c0a036247c9d,909,116,6
8b8b46b0-2cd7-42bb-847e-370192a2e90a,751,34,3
583d50bd-e4d7-4c90-aa1d-c1a62d91bf52,347,103,7
51cf16a5-36c4-490b-858d-82b68aaa657b,265,495,2
600a29c9-d626-44d8-93b6-40c1cf8f6aac,330,37,5
65b05855-9f0c-4cac-bec7-b56982e1b747,983,202,7
2d3f7428-2e53-40cb-956e-fdae23677cea,238,346,6
4f238b1f-d399-4446-a583-89cfb0cdffff,309,415,4
2cdb4e64-7051-4710-93c0-7a2af4614347,180,329,3
7030f466-4f4c-42dc-a50c-beeba94899af,565,389,1
110f1fb9-5485-4779-bced-7e317ee59ea3,536,425,8
69190071-cf3b-47a8-9e9a-4688177e2b26,628,215,7
745f7bcb-8511-4aaa-8ea6-b8050771ecab,506,393,7
dd9efd20-3c44-4512-9523-815bcb1e1ea4,175,226,7
cef8d098-f9a1-4f6f-a3ec-e748743a27dc,79,390,4
c24db2eb-bbe6-498f-bf94-7bcf4c049463,685,477,9
4f261808-2104-43d6-a102-9148b706ac93,276,244,7
b9387aca-8e73-4446-876f-dff83cda2b02,188,254,8
15000f87-1c40-4bc5-9275-70c3b9a2388e,713,147,8
f52ec022-9516-4a77-ab65-e69e66a5841c,455,413,3
24090f4c-89cc-4c73-8550-4e11ba445068,476,427,4
83faf51c-d230-47f5-9bec-56be7aa88872,27,227,5
211e76f3-5e95-426f-ba5a-e0287649b9ef,687,489,8
f354287d-66c3-424f-b33a-da6f2cd0785a,361,231,8
b02bc012-0ee7-4603-a640-487596ca61b1,64,180,3
cdd0da45-766d-48f1-93e2-d51dcaa3f33d,259,158,6
f65a6222-68fc-442a-a5d0-59b2795a7f3a,474,174,2
76046339-6079-4a91-90ef-595560e697b2,426,230,2
6d253ba6-a1ea-4f81-bad3-1ed471fe0482,923,220,6
eff1de8c-1a83-4975-980f-7dda672100e5,889,487,5
7860b0d3-6dde-451f-ba8a-1ad4f8d70c4f,213,217,9
4a44f5a7-2e14-479a-9468-e1df18a83d5d,312,25,9
aab7dde3-0834-4771-b380-7910a6a1811b,894,393,6
6a79779d-8311-44d5-bf17-fe052cc6c144,630,170,3
d7708635-9ee2-43f2-b0ed-ed1447ee4c58,177,423,5
02e03b63-7bd0-466a-9e25-0cd5742f9dce,680,67,9
6e57efbf-0069-4981-ac90-2693f08d8dc2,322,317,5
71b205d1-bd63-4dd3-b9d7-0cd0bba963db,190,268,1
c0a28614-e3ec-4ad0-b68d-8d6b50e9b4f1,447,444,3
25f4ace3-2e66-4e87-91ef-5b1547cf33e7,45,283,4
0f5819c3-b2d9-4726-b30e-4a25b3f687ac,171,74,7
96f100df-1a36-4394-a6be-d22913fd25b1,863,20,3
e034c3f3-fb10-4f5d-a8c8-6a93dd6c3365,368,435,9
6264cb0e-5036-4311-9158-0786a0c3cbc0,642,253,9
faf92562-f21b-454d-8e14-45985a6373a5,129,474,7
67208c4d-344f-4c49-85be-11ea712de5f6,662,441,2
58a63d48-930c-4f90-b780-bef32fd44908,378,500,7
71d95768-d06c-406c-829f-84342aaf43fa,848,18,1
977692d8-7a4e-449a-a4ed-bc2e33705605,212,273,4
b5f615c4-4658-43cc-b03b-63c561e11ae5,675,455,7
161ea61a-9d96-4b73-9a7b-ca902bbdf0a5,42,48,1
f208bc09-50bc-46b1-bbec-efee89775ff4,505,353,6
75d0d321-9fba-4246-8cd0-7f29eae06cd4,782,106,4
87c8111e-a3c9-420b-9f6f-51f48c39b7ef,616,132,3
edf41778-f887-4399-87a8-964f941ee2b2,155,85,9
9545e6a8-07ea-4db5-ace8-97c6df5e747d,697,39,8
a20761f9-e551-4424-a420-f708cb77f5d9,853,149,5
862e5b59-300f-431b-8a00-7cd78530c655,442,155,7
e2dffadc-4f8e-4bcd-9d82-10ea4a5b7a5c,132,287,7
86faca81-e6a8-4279-8225-5e30f544ae06,378,381,1
c602a154-8ab2-4ad0-a5ec-14c9b3c29b06,575,6,8
0d55a9f6-c1de-4f4f-bf59-369c2e6edb15,897,15,5
fb240da9-6c60-40ac-8bcd-a0dc16d8dcd9,892,328,3
337a2e53-5432-4723-8319-717579033536,274,183,6
ff30ddc5-8dc1-43b0-93f9-c4221bbe5015,279,72,2
052214d7-9d58-43f4-b013-cf9eec23b2b5,976,164,1
184ca4c7-e4e1-4bfe-8225-0f7def46c910,952,159,5
f6802a52-1620-4c04-b93b-74522fefd9a1,497,397,4
13c75ca6-22f0-4450-a318-d78bba58ff0c,979,67,5
f209582d-26c3-4650-9a33-0d575eb0a231,220,220,3
27b0a3eb-cc58-42fc-8e76-5b3b3849dd28,446,345,9
f5b6065a-d802-4aba-9fc2-4e635c3a9ba4,465,316,7
d09904ae-68ab-4c1f-b29f-ee7a6ae1deab,499,340,4
1e19af97-b8de-41a2-9a17-6128ba95430a,888,155,7
d6900e6a-231b-401d-a10c-80e1d6be9073,543,336,3
038b105b-64ab-41ba-9586-daa0bc033437,745,250,3
9b4c060c-dc75-40f0-ab9c-8adbd30cb8de,574,234,4
e2f922b0-8a59-459f-bfba-45b8decee202,290,360,4
c345ab87-8c7b-4d14-b501-e681fb0a7c4b,842,16,4
1f22c22b-7dae-4a72-800f-cbaeefabaed2,305,297,8
008949f7-607c-4e18-a143-cbfa589e6b40,270,250,3
964fb2cc-26dc-42c1-b7b5-825ab990c73e,849,253,6
56f85022-6dc0-4959-84ef-646848be4d59,193,154,4
fcaf964d-2eec-4687-bf64-32bbc2ee9a23,338,260,3
4f785938-6d93-4397-9e3f-bf20516e3e4b,556,388,1
b8eeecfa-f9e0-4988-9948-fcd57ebd6a44,195,223,9
fe152047-9656-4af8-bde3-476c284b28c3,82,153,9
7b778f37-32c0-4054-9123-f5568a963391,232,74,7
47bb3388-e369-4730-87c2-1c826f9998d1,668,363,3
39dd01e7-7a74-46d7-9577-18566de33ee3,583,235,9
d2f978af-c877-4d18-8542-08b8d2217551,714,404,9
79e4f299-1d35-40a2-b701-8c62f25f425d,914,20,2
487a3e03-c546-42f3-b61a-5e601aa5ccf7,927,350,7
5a6dda63-6847-4dbf-93a2-0ed2755edfe3,766,395,7
d53e49bd-533f-4fee-81d2-d31f3f96e5b3,121,161,7
030108cd-183d-4842-9139-b9191edc182c,387,2,9
3e5f6469-a3da-4d10-9a70-d2ad6e7ac1b1,290,414,7
4ef3040a-05d2-40ee-b6ce-e44c1bfe578c,459,191,3
78da1c1b-3048-4073-8c4e-9dd7bd108139,85,53,9
cbe45c7a-97f6-467b-aacf-0709eb685fa1,82,171,3
8f5d7f95-cfe1-4c4e-9586-6e7fd3ccfd30,631,194,2
f82188ff-c6c8-4c3a-9d00-3971afa51857,475,206,1
7eaf5509-f3e4-4456-85f4-ce20e2d7f2c1,474,266,1
66785e81-4379-46ea-9322-752c9a639d05,173,293,6
f5422a24-8604-41d0-9c4c-c5e7d34ff90d,123,244,3
bad5a175-0be7-45f1-b59a-bec8fa509711,717,297,4
b546631e-eee9-4d60-8551-1c61a338f46c,962,46,5
832ce294-7260-4ecd-a267-567257bb61bb,12,137,8
0fd106da-9fff-4c25-a3b7-4ab44a9bd040,779,269,2
71bc5a75-87c5-46d6-b233-18da79ebd7f0,772,392,3
385eff29-0d52-4dc1-8784-39362c1afa0d,240,108,1
3df87da3-3472-4241-80b2-8f8622b1fd69,422,167,6
c3effdbc-f668-4119-849e-cea86ecc16df,193,441,7
bce8e9f7-ad76-47a5-a967-1701a4e0327a,280,141,3
e0591155-39a9-47e5-9d86-498bc8b7f321,307,464,6
978c7ad6-55fc-4c60-89cc-8e9a1475c020,384,220,3
44c77a09-eb94-4e21-af80-53f94b3cd065,181,445,3
034fb331-2ed5-4f5e-8041-1fd456246ca9,459,245,8
bc6df2d0-e7f7-438f-9d0a-860e458e79da,112,263,5
f8b40ae4-b320-421e-b0bf-51926981bb0e,601,51,2
f22e24b8-4f8d-4514-821a-d531b0f801de,456,172,4
75d95ee1-5562-4de3-b089-1b7f14fd590e,500,206,6
a051ec41-2291-46be-96ab-ab91b0ae8554,403,300,4
c44f2e86-accb-411b-a2d9-18b47bc837e8,903,36,8
c074c05f-ad2a-454e-a424-cfd0e465c01f,284,234,1
ca18d69e-37a4-447f-9302-ff83a0c5bc06,147,492,2
074a5990-ed67-4f8c-b75f-cfaa599a7e71,453,349,9
f2dbaf28-c0e5-4be1-b653-1bf208aa3ee8,543,68,1
e0fb990f-d473-4656-9fc9-f2f2cd86c1be,211,241,5
d1a9e808-f688-4e75-973d-779c7d315b24,416,87,9
c496f2d1-b5a8-4a59-996b-6b4b2d256d67,615,147,5
2a8a001d-d536-4031-b9be-8e7aa763c8ea,196,451,2
68ec46c1-ebb8-4536-a263-0b6a18980353,453,99,2
cc21321f-d1d0-420d-8493-6cbe084eccf8,862,10,4
7cb8f966-cb7a-4058-8058-30d2818ad2c2,122,25,1
100261d4-c447-402d-93c2-83ef4ca1eca7,171,77,4
1d402324-e9ad-4169-b877-bbea5a0a7775,486,300,8
23d558e9-dcf2-4e1c-9959-7c6096c05ac6,91,418,8
43b8e1df-e09c-48fb-8df4-b845de418299,844,263,8
ba12c692-4a9d-442c-8dc0-19b1978de5e6,546,130,1
ff81f2b5-5743-456a-885b-3cc041d6d3a7,574,59,6
42c44417-ebf2-41a9-af51-c16b4910024c,318,113,5
90c6faf2-7b64-4248-a009-1960719e0923,828,85,7
f5f57195-8f78-4d0f-9d21-52e0181449da,995,63,7
f50d86e6-05f8-45ec-a1ac-b1aee5ff93ef,601,172,9
496cdde1-f5c8-4558-8c52-422402256cb1,449,456,5
3fae79ad-0d0a-40e2-bc40-b2b5fb293608,874,496,3
95e91906-9514-4f80-9b1f-2b8dd5e9dc90,870,299,9
d065a1f6-160d-4405-9b10-a3f1785c2b5b,707,319,1
3ddc2fda-6575-4805-be2e-7f9c0c351146,586,347,3
9361fc71-8c42-45b3-9734-c07075e49353,171,31,4
1203e320-01c6-43ef-afad-3d85e82a9e67,475,89,9
90c4ddda-db49-429d-b1e2-160fb6fbd3e2,772,347,4
3e563f7b-5477-4611-b29a-ce894e0febeb,539,420,5
806f1953-e0c0-4d71-8a31-85a81331d51f,16,336,7
02c3fd38-8765-455b-a159-b51ed57e256c,873,333,9
85c62fb1-c0ad-4503-a16a-7bd905660412,819,183,4
4668f2b0-1c71-4ba5-83d3-bbc6e5e527cc,918,88,5
382a792a-cdd1-46df-bfa8-c0c4bd3530fe,490,388,1
2e5aaf60-d81c-45f6-8e67-1eca97aa9e14,975,23,5
6b813fae-20d2-4605-a9f9-9947d040e713,607,499,4
b3c76dfa-1696-4164-8da5-78b04ef75482,791,374,8
b22598bd-3940-4629-990c-70c0f3b74776,946,320,7
66e07cad-e03b-4cd2-b7c3-2df9b19b06f4,455,355,8
232c168f-3984-4fc8-8d06-b1b205ad43bc,240,210,7
d884cf2c-26e0-47d6-a582-b42985bd74a1,430,63,5
97501083-f10c-4439-a4d3-c88ba1ec77c6,510,297,6
b4bc9871-e624-48eb-9537-5c5597c74351,932,448,1
a0ee1b3f-b725-4556-9e32-c9a0f29a7a61,773,476,8
4d995da9-3daf-47df-9b36-6f166aa5a2bb,972,104,3
3ef7b255-7ee8-4d4c-b854-0d0a892129ac,54,369,7
ee84140b-c37c-4a9a-9b5a-f1ff189a73c7,484,144,5
b16d0ca9-1a99-4067-bafd-4d4b423d0efb,494,406,9
9042399c-66e2-443c-8996-e2779805fb28,808,377,4
9cc420bd-0ce9-4eaa-9baf-94159199ac92,875,20,5
db6f965c-d237-4db2-8592-e4c2de44bd1f,37,278,4
deb4617c-55a1-4a1a-b0dd-b0e7723e9970,553,410,6
00750969-0fc1-4ad8-96db-a4a50e692598,735,252,5
dad9a89b-3a8b-4281-a37f-765dfac0e35b,360,399,5
cb187092-b652-4e1c-a742-5da547ae6c0f,819,323,2
0e6c8510-0561-49b0-ba6a-c8508b52ba1f,356,487,2
0668fee7-605a-46c5-99cf-1aee649ef712,562,376,4
ccc1218c-ae4e-474a-8b6d-75a564a2b365,971,481,5
136a2fda-35c9-4d17-8aed-9c339fc09a03,729,144,3
cb59f3e3-9784-4a07-bdd6-2804c5c8751b,450,98,2
89ea922f-0a21-4ee1-8361-233d98e9a8a7,512,201,3
46864b11-3186-4376-a5eb-75a56ac53297,584,306,5
8cb47dff-a8c7-44a3-a050-8abd7dc283ae,408,147,3
2740520c-4da6-4047-810b-4998c3840cc0,201,62,2
f2f5e977-a23e-4e67-bfbd-7bacc044553b,822,177,8
01d117ca-42da-4f7e-9c27-daf386cb6123,578,33,9
48105a4d-097c-40cd-9584-d5f689f12f6c,74,116,3
586e3e83-28cf-439f-87a6-e7f753068239,971,292,5
c6202cac-fa33-43bf-98b4-b521cfd9acd5,762,243,6
692771f2-43ed-482b-ab2f-d832802379a2,498,345,1
68c35807-3557-47f7-aabd-14ba19876487,220,61,7
17a496fb-6412-4787-be63-564f77e41603,739,238,4
077f859b-2530-47b9-8bb3-4257cc56e380,52,94,9
d7e869ea-624d-40ac-83f3-ca41b809cf3b,112,130,2
e7e37d13-e378-4281-ba49-499ebd041e64,437,147,8
03369dfc-9c53-4359-9984-32658af092e1,554,2,8
52c31b87-02ba-414c-abb5-bad5699f98ef,308,184,5
14223080-0d03-4a15-97ee-a5bb254ae0c6,33,43,1
765dfc6c-6af5-46a8-931d-359109883560,312,160,8
bef009af-575f-4e95-ad19-fe060111ba20,10,337,5
14005011-e5d7-49db-873c-95fbaaf03ac1,580,496,7
a602240d-c9ac-4c82-9bc6-1e12011ce20c,620,367,1
e7c80a18-0561-4375-b0fe-f3f61a3163a2,951,295,2
981f5d2f-42c2-4ef1-abfd-f045480ea1fc,825,268,6
d7756f06-86c8-4094-9754-a6cadafffdca,829,472,6
cfd99664-7cf0-48d4-b6e3-8c81cd21a173,119,362,1
28945778-275e-4a15-9e6d-7f941989f771,446,306,6
2dd9c4f4-ada7-4232-a714-930303b03f28,217,225,5
f91bba18-c98c-445e-8852-96802dd9529e,546,98,6
865bfb15-f866-4bce-957f-fb060973e7a6,446,114,1
21497576-efc4-469d-acd9-4745c3e57d4b,812,132,5
c8cc12f3-30bb-4305-8ca8-58fbe7751eff,945,23,8
38e57d3f-5958-4da7-b5f5-032f5b049781,870,205,5
bc82ced1-ebd7-4a06-8830-e0689f7c4095,775,318,3
3a97d5b0-216a-4a02-99ec-5383a6149f18,517,30,9
99d649b9-7df2-41bf-a15a-fd2c82bba66f,977,144,6
79e23857-8248-4dc8-a608-588bb8a8317c,310,22,2
f8febe81-de8e-4ee0-8a74-ccdd1c8a9699,361,323,7
e9a7ce59-9661-44d9-972a-265afc5c5fb9,232,328,6
4c2e524b-6f83-4dda-80a4-3754e6a8a6c7,166,17,6
1c8dda15-2336-4db5-8d33-9c1175ea8251,229,143,2
b561568f-2c7f-42b6-ae17-84d8319a0cec,365,180,4
a7ebb225-986c-4604-b6cf-f390dcef2ea3,144,158,7
4d40fe71-9211-4e42-accb-7536ecfdb5b2,304,129,5
c296b047-87b5-4749-8071-9e2a8bb3aa58,398,305,3
424846ae-57d5-49c1-9678-3f3c9e945e80,981,217,1
a8df7bdb-4688-4250-a4ff-94a6c754bc55,917,26,7
9b8d4b4e-49e8-4ddc-8087-5224b76c3d6a,703,283,7
0c6e6f7e-e4df-445f-8a23-d51f2727213d,1000,425,3
63ed8232-1c95-49aa-a248-39afd885c630,911,195,4
14df1879-f701-4edc-87de-587e5bb2957b,262,306,2
44d78841-1267-4afd-a9da-d96df55589ff,449,433,3
d1f3bf55-f3c4-4f6b-97d0-e806f0a4aae2,26,315,9
31510e40-eab6-485a-ad89-1ffb78d54196,210,127,5
e04dbaa5-ea6b-4ed9-8bc7-12da07e6f741,402,430,4
6d00b353-7bf9-4a7f-845b-8c0da4f12587,489,121,2
f7dfed12-6b25-44d7-9e49-4b5d47059c7b,424,108,2
1ed49a0b-60a2-4cb1-8f6f-d91baef275f2,677,23,2
a4733680-54cf-4edb-a523-c02fb23ed540,148,206,7
9a7dfdfe-3689-4bac-aa62-add7abda4f65,626,70,1
64cf7292-7503-4b78-b1a9-29bdaee2e237,876,117,9
e40283e7-c22b-44d3-b24a-ca3818ec28d5,379,364,3
8454e2fa-f747-4dcc-bc89-d1ba41e7d6fc,131,237,2
2b58dd2d-9d50-487d-8e14-6affa7bd98d6,323,409,2
30b0227c-3d0c-44cb-b104-beab5f8dd5fb,27,171,8
bbdd3c8a-de26-4826-b322-92ebb7af237b,752,185,1
cff606ce-4dd4-4eab-9060-aaaca440b943,493,466,4
d5899da5-f982-4d07-aac3-d106daf85c40,839,285,3
6dcbe314-29c3-4f03-bf9b-6bed1f125b01,961,178,9
c5af2ccb-c8ad-4c37-b165-ac2fd39f749f,117,187,5
c4b901e3-f256-4f77-85c7-58a5409d16d1,89,340,5
e3be8d5d-805c-475d-9148-166f2b93f97c,33,465,6
71a6a7e7-f8a7-45ee-91eb-2cd2bb0ab1d7,966,216,9
b0ac729e-a935-46bb-8530-f5250ead5287,912,122,8
3b0a0743-cf6f-4da7-af17-9130bc4c789f,869,232,6
ba5c98fe-2900-4e32-9d12-6d6393b00d51,438,254,2
fc88d3e9-ce34-4c02-a481-462b44969a57,964,175,3
84d18de8-b601-44ea-ba9a-059e57915eb0,1,322,5
55e2aeaa-9314-4204-8d6b-6fc3cbc7405f,733,222,7
82b81e39-ce14-4f26-b53c-0f04aa6fbeec,844,394,4
906c347d-66e0-4176-bfd4-0d9b3d2d4ccf,45,160,6
a66ceae6-2074-4a98-b241-909f985371d2,586,456,9
f65b805e-8b84-436a-8237-6306ed240aca,421,227,6
3cc7529d-61a9-43da-ac79-7e288ffef38a,620,465,9
0d9058ed-3bb3-4597-b8fa-e7a7c181dd85,236,244,8
4ae86174-d3bd-4a81-96af-376b5865f212,785,119,5
84965bfe-822b-4282-83c4-5a0ec5387dc4,201,242,1
2243c9bc-05b4-46f7-aa43-4e11c8b57f42,888,132,3
e1825a59-6fda-4730-9879-2de60f15f5e4,658,339,5
51e186e4-63f6-4107-9642-86d07a074982,622,237,4
835e042e-6c64-44d1-8b49-45813c3fe1f0,529,400,3
a5f54e5d-822b-4d2b-b5a7-2874a7e62f75,343,464,6
a84f45c8-b5e8-41db-99c4-0f9ae90ef38f,946,375,4
c9b30b66-734e-4ede-87e8-2577a9d0b850,82,11,3
8c64794b-209f-4011-adee-08733963f758,375,145,6
51228283-d917-4f47-b8de-8e9c25f1025e,316,91,1
b8c20f3a-8389-4f75-aa83-c19b7234745b,845,458,8
c9747f27-bc01-4b16-bdc0-efd6efea95eb,495,353,3
29390e93-e9de-44c6-adc1-939fb1e6f77f,92,245,8
f2558a0f-3a53-416f-b289-9d302ef5fc2a,651,228,5
c5bb1bf8-1815-49d2-ae56-c048eef652ca,499,331,9
8578d1dd-541d-421b-8127-79717918e452,757,462,8
81552b21-1a33-4620-959f-be449d693d43,256,240,1
cbbdb7d2-58b4-44f8-8156-c841877712a1,372,386,7
99b66ae0-32bd-49e3-8b5e-cb06e564e7b6,566,422,9
2af16032-357e-4a73-aa96-88f3fd0e6827,977,476,6
d5729d8e-8495-40f0-8d19-0505c5cf900b,611,434,3
410baffb-25a8-400f-aedb-f8b51ba29aa0,472,27,3
7695470b-8748-407c-8585-f4c914d2a888,263,225,8
ad7ca1cf-5ae0-42f9-a043-e139a03ad32c,963,118,6
a2600503-e916-4950-9269-3deb3a89c6d7,989,458,3
16f795c2-b43b-4b17-84d6-050886994f95,300,294,8
d30e9aa2-93ae-48e0-86f7-0a6ddcf69d5e,421,19,5
2a26974e-7257-409f-b607-3bb07178a47f,39,326,9
e253d35e-fa9a-42cf-896e-90596960988e,46,22,5
d14935d7-0fb5-44d8-b444-3136492c6e4d,258,362,3
256b1e19-36d3-4152-b831-18a8bd963d69,976,458,4
074a776a-c061-4160-92ce-d4fa6806f75a,106,440,4
48cb053a-d8fa-4225-9ce9-e286dc7fbaf8,330,396,5
313c1b5b-4ae8-46c2-8e23-d5977b61e906,691,86,8
7e721e8e-f3aa-442a-b525-c9de5f4cbc84,732,438,4
4f4d4c4a-291f-47a5-a8e9-856251786539,276,134,2
65852bcf-dab0-4821-8726-dae2ae7f30c1,97,330,5
981bc360-9b61-4111-abea-ec961d159de6,394,433,7
e9e49ad1-5fa1-4452-82f0-68f3aa02781b,587,143,1
0a9c1f53-4d4f-47cd-9050-e2e647ebea5d,629,285,1
7a5f457b-0414-415b-ae14-58df3a4ae1bf,890,391,3
0962f073-4558-4d6a-8537-cdea44f80baa,44,168,1
4b927732-6dd2-4b79-8ff9-159df32ce30a,360,478,1
f18b98b0-c716-4523-b2e1-cfadf9960dbe,247,494,9
1a8e4281-abc2-4d57-8275-1e8fe84c0b5a,204,413,8
aa4e7a93-e2ec-4e8c-836a-cb42358b6b71,243,139,7
5f524892-677a-4c78-bfac-08c3bbb5f052,795,306,1
d29e7587-6686-4ce6-bdaa-1f1698363daf,618,406,9
556cdf25-37ee-40f5-b4c4-e193d8fc2792,323,466,2
b5bd3a07-23d8-47bb-9daa-22a47c4f6a63,171,100,1
1838b9fa-d61f-4658-bd32-0d34a9846bcd,888,406,7
ef274937-fe08-423d-8db7-a6e824f03506,992,184,9
21880a07-7a88-4763-bff0-b4dc3a0c3744,632,152,1
3d34a8ed-43e2-4b82-936c-d701c43297d1,415,168,2
66da0987-249b-4d6b-9877-f7137bf6d96d,552,483,4
24c06127-70b1-4968-b453-3b1b8538ac0a,738,124,1
7781edcc-8486-437f-9c10-a4a8b5c2b650,978,470,5
3b61c610-d69f-4dec-990a-82ea98995ef4,592,86,9
67a2ee42-0442-40af-bf97-78879858cb16,990,462,9
86753b48-fe48-470c-bfd1-f19f9c92ab84,975,217,8
f4cffa79-3ef2-45a6-9d7e-cef21b091ae3,539,425,1
1fa15e3c-d2bf-42af-a5ae-51f3f0455202,574,81,1
c3a38220-c190-451c-829a-50020f3532cb,161,148,3
48fb968e-4419-475b-ad96-705fe8b3ac7c,926,469,7
af40219f-71ba-4455-bebe-d29da1e389ee,259,407,2
65aace22-5e00-454c-acea-c111e532aa85,395,475,3
ed630980-c4a5-47b0-a40e-a61fbedfb6d7,167,83,3
c71aaec8-5ba8-4673-83a5-250c975b4fb8,330,439,3
025caea2-5a17-4c4c-827f-9b2748fcf340,865,349,3
143e6a34-554e-4cbb-8671-b8e44b9bea6a,308,450,9
5712fb5f-4bcb-4572-926c-e32712dfaed5,596,60,5
de9942de-f8cf-4853-afa1-1297c8203e85,745,75,8
21bc707a-2c56-418f-8229-bba61928e42f,837,338,5
4232a4ec-e8a7-4207-98d2-a4332eff3716,25,11,7
93d63f84-5609-499d-a469-3803bee81583,149,261,6
6c694955-2405-4bd5-bf05-8671a7591005,834,250,6
76db759f-ef2a-4e55-851f-4d45128130c7,161,190,3
e106519f-8f01-4173-80e9-dc49f62ff9a5,535,388,4
edd0473f-2c5a-4601-8e7c-b1cd65c88911,721,83,9
630e7c5a-d0ae-4963-80ae-08e80532aa91,277,50,6
81b8d934-26e9-4784-9273-6224d1cda27f,108,265,1
a4039962-5afb-467c-adde-faa51115a2a0,416,40,8
8e5f25f7-e40b-425a-91db-536336263bae,253,93,9
42620c7d-27e1-4c01-9871-da6b04dc58a7,186,57,4
a96fa112-fe23-4e95-96ba-6006c245930c,420,70,5
7ec66a45-92fa-49e3-ac17-34206e94fef5,40,261,6
acbfc829-83ed-4553-8a90-08a5da1c6975,551,281,9
67359382-8ed6-4e63-8210-09b69e7c4db1,187,432,1
fb9273ea-89d2-49fc-853d-e83aac8520a7,462,349,8
cefc3a7c-5666-4300-aa26-f692e5c74d4f,103,269,4
61f774b3-a703-4664-ab02-bea3ecb7612e,911,254,2
195b8253-3c6c-4eee-ba17-9afd16223e6e,255,280,7
7b33285a-7f74-4b85-840f-a7fd4eadc133,170,295,6
1ec5574b-e5c8-466a-87fa-ffe3ea9d906d,708,121,3
c402f51a-599f-4d14-a91a-248a7695ce1e,424,48,7
35d1966d-83a3-431f-98dd-c968c55414e9,655,465,1
c93784e8-585a-4c48-aa3b-507b1855ce36,235,181,5
b85283c0-a365-4393-80fc-efd1a3df442a,780,476,6
67f30ca9-ab29-4f23-b371-6ff9b0aa6630,435,223,6
2f332ac3-9253-49a0-be56-732234637a69,304,321,8
345aff3b-b582-4c04-b146-d88174190750,915,414,9
6bfe7ba8-6988-4d7d-8cf2-cd161b665244,884,98,1
82f5b1f0-2e04-465a-af20-c38aa46fe59f,684,146,8
f4dfc2e9-3845-4fe2-96cd-bb8422ecb147,829,404,7
f5838a4b-9213-4f31-b5af-0be64eaa8f34,811,276,3
2d07881b-1245-4c32-9497-89fa97ff73a6,640,327,3
fc1c1b21-3041-4fa4-a1e0-f44e6ae1a4da,716,384,5
0b4bfaf1-021f-4ab8-879a-a039f491eb9d,758,367,9
2b75d63c-7120-4e3b-a94e-7d590e485440,202,409,3
e876a343-6602-48ee-ac5c-fe1299fad722,506,68,7
beaa90f8-fde0-40ff-97b0-9c7b173c3d69,651,170,4
a182ae1f-d48c-473b-a399-5d182a4d9f54,779,36,3
d8056f24-8a31-498a-b440-2483b911aeba,879,330,5
a46c9a53-75e8-4e61-a4f9-062f15996b8d,198,449,7
fc00d400-b620-4efb-8b32-809532949e0d,555,61,3
85536cbd-da88-4b67-a4c3-af3cfa1b4f9b,742,90,2
26473493-08bc-48fa-85e4-6d840836aa9e,510,428,8
0c922bb4-669e-4576-b531-245fd608fbc4,686,185,9
c0a40743-6a57-44d2-989a-b07058b611e9,63,19,3
f30f706c-415d-4306-8b4b-ba0c664ace05,844,245,1
a447b6d4-8eef-45cf-952f-2c4e9379df4a,800,25,3
ca6587f9-bdbc-4bb3-b9e5-9da774cf9ef2,556,297,9
73461069-cd1f-43e0-bbc0-18f0dc669546,780,359,4
f47b143e-4a87-473b-b18d-383ea732152d,381,479,9
3cb2efa9-6f48-4554-b6f5-1fab7f4764b6,827,481,7
7ae94cb9-d07b-41e8-8584-38ab4a296fa9,980,250,4
b13d7952-de39-4b79-8a4f-216df0354279,361,121,4
bec6b0b3-dd5d-4ac1-b7b2-d1341865624b,434,339,1
3749dc2b-11ca-43c0-90a2-8f977f178528,519,319,6
194dea30-8f63-45e9-b1f9-f0ae80a4f09b,232,378,5
c3c45672-5e3c-4d0b-8264-6cf2bc6e5901,669,221,5
24ce7b9c-8ebb-42ca-85e8-6b06385e4e2f,715,5,8
14bfb911-55b7-476a-a2c9-42e85852c3b0,635,171,1
9d145a94-f006-4e00-95e1-9d3c73b901ee,345,124,1
fb000546-8912-4eff-b73d-d69a08eb9537,214,271,5
1ff92eaa-de28-4dc0-9d8f-a45027af93b3,602,138,1
e6413f7c-3215-415e-b86d-4cd89550381d,454,88,3
30e9eac9-fd7c-481f-bd34-eed84a8f2425,137,205,7
94ada600-0ee7-454f-ae7e-4f6cbdc9924a,417,492,2
aed22e8f-9bec-442d-a8cf-8ff6a3524247,816,292,9
ca5ee387-b6f8-4bab-bc54-da75cd4b63f6,923,428,1
cc16abce-8bd7-4024-948e-20bad40f8ebc,449,277,7
2247cba5-d126-4740-bca3-433344dc5fc8,474,441,4
a96ccbd7-124c-432f-add3-6775a3329943,898,47,4
c767baee-db31-49b9-95a7-72cb4e185246,312,32,1
76fc3f16-075b-42e1-9700-6a8cca709050,608,429,8
7add4321-8229-4d4d-8743-e6bb21db4812,804,439,7
80dd8f87-e54f-45d9-bb7b-81dba2cfe41e,205,132,9
b5782873-43c4-4875-ac5a-aed5df020c1a,199,49,4
f5874abb-3183-4539-82fc-56c8a93d333e,752,422,1
2f072ec4-fbe2-4eda-bf5a-4de5da76804b,420,462,1
07b75953-8636-456e-8138-4901cbd04398,952,111,5
046598a7-cf87-4356-a24f-bec19490d63d,744,216,1
ae707825-be16-458f-b798-213ffc230be0,606,281,8
9c275cd5-edc7-4da1-89fa-9726e90d5e10,528,257,4
e7eff4f9-d31e-44c2-803b-e1b0077bf4f7,526,493,7
207b1bc2-dedc-4f62-82b3-030bd080d333,222,288,9
33322657-ead0-4092-9c5c-30580571d06c,509,230,5
47cf244e-77d2-47f9-a3dd-7c5e9f10aba0,368,206,1
71d269e3-a0c9-4947-8fec-bd00d0cb323d,908,159,7
2bf962b1-ad63-4015-9b15-d5e912360070,818,421,3
e06e95ca-e0f2-4bb4-a1b9-a2291c6b6408,813,100,3
a834c52d-1ad2-4ab7-a9c0-8c88f7ede771,790,182,4
235a21de-da60-4727-ac1e-28c2aa3cc330,854,81,3
85db3c1f-3764-44ec-87cc-747d75fa0be4,257,379,8
268511f9-68da-4f12-9c88-9b34cd169897,807,275,3
7542f584-533f-4a61-876d-7536c51f6ca6,478,429,5
89f75405-1fb3-4a34-8dbb-8b7937023dc9,818,127,7
746edf7a-f42a-4e54-bab9-2b5fe561b12d,803,347,5
8a563ae5-f058-466a-937b-8db3cb0da955,85,125,4
33ef5c1b-e464-40b8-af5b-fc2394a5f7d2,655,209,1
98c5d870-f4f3-4dd5-8abc-f12480d82a25,981,80,8
e6ff63e7-cb88-4bf3-b7f3-2caab800d0ac,934,1,9
87f89b01-dec8-4a0f-b9b3-ada311c29a1b,199,98,3
073d0d50-78c1-443d-b2e5-e5f0f60f8231,750,201,1
50bcb40c-ad6b-4262-8751-ffb8a4f2c691,652,186,3
fb85faa0-d87a-4c54-ab89-fc9cd4e1acf2,136,102,4
e63a2be1-7f66-46bf-81ab-42b49d73e4c5,454,216,9
8c9fa4d3-d925-480a-b18c-dc1488f43ebf,170,382,9
5772f5ab-30ff-4056-aab1-fbd02c3a3eae,480,53,9
f3003d84-daa1-4470-a63f-425e9b62ea11,13,466,5
da5c17ad-203a-4473-be1b-bd6fed730046,877,54,8
94f9de92-11c3-48ed-91a5-20410a4ed59f,456,188,7
75cf367c-11a0-418e-b6b1-36f879840fb0,244,146,4
c594d9a6-67c4-4776-8a8b-de2c7488d678,160,261,3
c0055f15-ad9f-4bbf-ae29-9f30eb101e3e,204,477,9
d24dd981-139a-4bfc-9c1a-a89a0e41a88e,88,476,5
ced208ca-9373-4079-803d-62879814a0f4,459,414,3
52ef3f3c-a327-47cf-85f8-1f698f30e9f0,525,406,4
489a38d8-2b9b-42d7-9e71-9ccd809ed3bd,385,387,3
b9ad634c-96e1-40a7-a524-fbd26465a052,119,399,2
11c4c39f-1edb-49df-8599-f0cbe252361b,146,94,3
e9c3ed8a-2376-41b4-960b-3adeb1c92898,13,103,5
1b0802c6-d056-479c-aeee-661400274b62,716,394,9
9c3e1c2b-4307-4ce2-8a2a-1bb638865319,794,38,3
153ff787-690d-4756-9f2f-dc6eeca9fdc0,26,276,7
e9e47164-0287-4c68-bdba-12fcba3a6bbc,567,371,4
066a36f9-b048-4d07-8cc1-a542b79448a8,349,307,2
ceda8ec0-0aa0-4d42-9210-be6e235ed5f5,554,40,4
f40142dc-c1ee-4182-b250-f47b2736ca07,226,323,4
c706f187-739f-415f-915e-13673c22ce1b,927,24,9
989a1021-7ad6-4b76-a110-8862e07e8919,686,118,8
014f2e8d-de1d-47f3-8910-72f392b69bd9,817,266,4
186088a8-0073-4589-9906-39775f95d169,801,199,2
2401a021-41db-410f-979c-43d9ff0560de,361,69,5
402f5735-9d69-4d00-b83a-16dff37a1d90,995,498,7
de7bcb4d-93b6-4d6f-bc28-40f0b4f24e51,920,294,9
22e92b34-ff55-41ac-b1ab-125f4bd5a3cd,299,415,3
bc79e0a5-7f70-4cfb-b35c-520c2f6c7427,465,334,4
aa47ecc2-a0a0-4eda-a68b-9a356e17e3d0,101,454,6
1ba6d344-5137-4e6c-9ebc-5be3869e23d2,291,89,2
f7c77b6d-71a1-4201-814b-3f3e76d52906,132,430,7
8a56c27d-97f0-4ee9-96fe-444930f9a662,147,368,8
d1fa4144-2c48-4263-af2f-ed722aaf3f70,361,271,4
7aa8b821-9762-48b6-b974-fd313b37d874,1000,158,3
0c52f6db-bb89-41c8-b983-a4c008efb64d,967,70,9
bb08b825-d537-4398-8c66-e207ce767525,41,327,1
dae49175-a33e-4b85-9040-565ff9e6b80e,499,255,2
8dd13d33-d0ca-4d3a-9382-f6a7109a8013,200,424,4
2cb4b054-002a-48a7-90c0-6ea5cdb12e49,720,94,9
38f00131-0598-4578-bc11-03f1d3bcab2d,745,200,3
1ba41a7a-91ef-4f6d-87b5-5ebce0bab93f,185,90,2
b733a6d6-f9ba-4ab2-b88d-769035ba56e6,736,206,3
0bb515d6-5b43-4c98-9643-408f15915cfc,337,248,7
7a5f3f13-fe25-4cf0-aabf-40ad83981f14,948,197,4
dc4a25e6-8981-4ecc-b477-2dd6138f8d20,708,392,9
7922b0f0-c7d6-4f6c-ae81-142ce3dd1f44,105,298,1
7cb499c5-3e48-433b-a70d-84416310ba97,852,166,2
f3400216-1efc-4c75-a70e-87f015aaed4c,955,99,6
efab259f-a442-41cf-94ce-362b80d903cd,471,113,3
ca8be0ce-c129-41c2-84a9-6252157fdf67,923,463,1
1cf7dc51-991d-4ba7-9d69-70f9f97f0ba6,577,119,3
efdef2f5-ff88-4ba7-9e80-9cc5fcfd4ad8,928,154,1
036bef1c-e21f-4af1-98f0-5612f55aad0d,295,93,7
581281d7-ca60-42b1-bb14-057e3870547b,851,397,3
60fba1a0-a776-4b60-9b86-b76738408195,133,312,9
73bce74f-701a-4d21-8f8c-5904cf28cd5b,768,498,9
2613e3d7-efca-41a6-a2b7-12bca4f82bbf,131,269,5
433ceffa-4c47-4661-8848-6570f9605c32,428,163,5
a826854e-9311-4446-8360-2c234405d6fd,632,452,9
ec7f92f0-40b5-4b40-8e65-32bd38f3dfd8,443,470,5
6a1e0700-660e-4bc5-b86b-2fe77f8a9073,608,370,7
2443995a-689f-42a2-b3c7-5f55518fe66c,371,495,4
3754c2b7-7090-4f8f-aa86-0d95396142cf,325,108,6
2c16ce11-0e21-4767-8d73-361fd1aa677d,887,144,1
7e656920-91b2-4810-9fc1-57aacce1483a,760,223,9
e7571a30-d449-4418-b8b6-ec87c2daf5e7,139,188,9
3f9f901b-e419-4a40-b746-430205dfc381,911,293,9
efa4fc12-7e39-472b-a7ef-3d54d75c7eb4,190,137,4
85fbbbc8-8588-466b-b801-49a4a8f44ed4,645,197,8
a3e54a1d-d5a9-4a54-b113-d3547bcf34eb,214,230,5
91773869-04a5-4e35-b5cf-0587950e0d06,497,77,5
e80366c1-5698-4d8f-bdf4-7f5da1c002d7,58,189,8
18428f34-5ac7-47fd-b9d9-f2b425632b62,311,190,1
b4f42598-0732-4bda-8919-149e40417fda,826,381,3
6e2c58f4-dd00-4bea-a543-5ebddec68ea6,991,397,7
13dd99fd-16ef-462e-b05b-808ce40d6d7d,869,269,5
f7b3b6de-1330-409a-88ba-40b9fef794d1,966,404,9
94bfea3c-eaad-42a2-9ecc-fa075ed97afe,478,277,2
1447b81d-b717-4c77-8058-da5f0417e46c,117,128,9
eb6e9f60-f0e0-488c-8bcb-3e2fdffadb33,154,483,6
c2083a1b-cc34-425f-b568-7880c4f64956,987,493,1
20ca3f36-1ab3-4244-a21c-b0a231285188,324,190,3
4e8fe968-be11-42ac-b64d-9209a01521fc,275,41,7
a6c9283b-9608-416c-9a89-7c58f10e8318,328,223,3
9e82227f-8242-4c6a-ae93-4739294ee23e,803,257,7
7c232440-d8d2-4fff-9caa-c051777ede2f,47,10,7
8e081da1-55fe-4974-a87b-d4bd97aa1380,895,118,4
11f34ff1-e6f6-41f2-8d7a-ae8f9ce76e28,881,242,6
b777a06e-dc18-483b-aace-aef6b14c19f2,431,248,2
e9f7a175-a42c-4873-ab46-84e26ea83dbb,621,458,5
55bc7c9a-f65e-414e-8438-e694dc6a7f36,617,100,7
21ac928f-2622-416c-8dde-0f21f71a24e7,833,226,1
eb75caa7-bfb6-49f3-b441-cbd6214ff9b9,136,357,7
379790e4-fcb9-4dc7-83d7-9bf8c14eb1a3,400,27,5
29e1a8ba-a899-4a50-bed2-68dc6f50ffac,283,84,9
500d4a13-271c-4edc-b66a-3d9f64402228,23,31,4
aec772cb-ba53-4544-8ac1-bb407c0ccbea,748,304,6
3d1486d5-a348-46d4-bc8d-df85bdaeb61d,919,345,6
16756e71-a2e2-4298-9b7e-1403ea8c05a5,755,129,5
e4035d6f-bce7-462d-b868-83f45b3131c3,994,421,3
0a0ec134-c6bf-4145-aea8-add2f7035ebe,540,233,2
4a1a86a8-6129-4e72-b1ef-5e98f11b81b3,503,4,5
67fd6463-e0a8-4014-b4f8-219bf9f10c9a,999,216,6
73d1928c-835a-492b-a61d-cfd43d647bcf,808,410,7
ffc2e291-8615-493d-a845-ef1ac5d0a7a2,355,151,2
d8e6f587-d44d-4b1e-b4a0-1fbc4b414d5b,837,476,5
bc5ac477-59e0-4983-90bc-c10f91011a61,357,395,2
9a1e0c3e-7b44-4f6e-b97d-9a7dc3f24c22,298,311,1
0d06dfa3-ec8a-4b04-b65a-11cc582565b3,229,359,5
21ffee14-ce1b-42e8-b41d-a0ae81e24111,412,394,9
4a5bd821-faef-489d-9a88-2672fea7c229,161,221,2
b4c9eb1c-6da2-43dd-822a-8f8c30f41564,875,129,8
57aff263-dce8-4a7f-81af-4e172fe801d1,385,153,6
b41c6a6c-77e3-4835-bf12-7560b9f43d0d,22,269,5
d5e5cec8-5943-40f6-87c0-883d024bfa0d,14,48,8
0f4c0cc1-5cbd-4740-8a04-30a3ffe65602,484,278,8
e3be8e05-30f0-44c8-9c9d-19ca5d04c0c7,559,136,5
c70397d7-9037-442d-98bd-c61d41d27391,689,463,5
a1fb73c1-4e12-49e5-9bb3-1326dfa28251,258,490,4
cd333b74-e3a4-4371-bc54-ba8b5797231a,754,103,7
1ec6f6a0-73ff-4876-b536-6b533b41993c,726,408,5
a8cf4608-3e80-4155-b11c-1adcf22d52b6,324,76,5
4117b99f-c998-4c00-a6a7-6da3414203b2,468,48,2
54d9de24-bf11-41a2-aa2f-89a0bc76c4a5,733,288,3
6afdbc23-0ea3-4d82-8a09-868eee21dbb6,249,110,5
e937e864-c6ce-474c-b410-79440f32a06d,958,356,4
db3d5103-a7ac-4031-94a8-dca1efec0427,595,2,4
571dd700-4c0e-46cb-9b87-460cd1d30d14,105,470,8
721c09ac-82a6-4fd2-a415-a291061de25c,641,437,2
3bbc2b88-17e0-4e3c-b80a-8c600a80693f,708,485,3
c7adf426-3c45-4b6b-9982-5286faf96abb,306,275,3
17383b8a-1131-46e0-ad6f-d6dd1565e0d1,7,366,4
59449468-9ffe-42f7-a71a-b0c49eb89dfd,390,70,9
2b40b08c-4afc-492d-8e97-6a15d06e5e13,842,72,8
27a142a9-8488-4006-9cb8-75ee333ad711,248,79,8
75344f6a-2aaa-4b37-9d58-8c56de17e077,256,424,2
54267c07-b4e4-4e05-b26f-8d6acb16f38b,234,419,9
f8474581-5c47-470e-b5b1-84e9badf9664,475,161,8
43506caa-185b-45a5-b7b1-bc07e2e5f542,987,93,6
9579ca63-3856-42dc-a8ec-a86faf99f398,432,21,2
c28ebb7e-5404-4daa-823a-a564dc6ee64c,700,327,9
eae72865-01c2-4054-aa20-16c276ffb084,750,200,4
c667a65e-bf3b-46d9-a686-134735eacc74,875,497,8
945a235b-ccaf-4afd-8659-1c70a93812be,946,184,2
72588987-6646-4caa-8277-43c38b238fe3,340,264,2
dd4ee6d1-8125-4cec-8adc-20b9aa8b9182,215,66,5
209a454d-6be6-4427-9422-875cd7571548,650,107,8
cdc15689-09ef-4dea-8907-00ca5df671b5,885,235,9
92b423c9-801a-423a-8eae-63bd53387254,156,71,7
2ca8d58a-20d0-4e05-88b2-44cadadf2517,283,469,1
8e4ab289-e475-418e-91f7-a40a1abfe47a,831,407,9
42b11af9-f4f6-4b72-b632-42c87165c19e,80,358,4
57a4d895-fb45-451c-a785-56300db700aa,928,12,5
3a3d2b80-9961-4927-b70b-1b23c1d7d5de,561,447,7
1577ae53-31ee-46be-b938-91ea9bc38e1a,193,125,2
5a97dd48-8cd1-4ab6-8815-c38168bc22f5,902,275,3
4d407e32-603c-4433-93c2-917e636eb1f8,216,57,3
38074adf-a949-4d04-a653-a6b5267bfcea,893,371,3
d73f057e-0584-472a-a8f9-a05c1eb8871f,603,135,7
f58047ba-fcac-4b41-8f5e-6294287f1d33,314,226,3
0b032b98-facb-4c59-abe0-00945aca80e3,726,144,1
1ca89ff8-5afb-47c3-85b0-46a76a497e18,213,108,3
7dc80bb1-d4b7-4581-8850-6dd8abd33fba,731,440,1
58b36c8a-fcf3-4895-b80f-1498a12e0672,916,212,2
78169fde-b1af-4205-8d9d-990b8d0a30cc,603,362,2
d8689ba6-7c4a-427b-8d24-af2d03e25cfb,674,134,8
53b59585-266c-456d-a0ec-5bbcd14a08b6,450,16,7
61572622-35f5-493c-9ecd-304d0881d95c,768,90,4
bba61639-35f1-471b-b870-305bf36b0fa4,67,395,1
3f0c3f4f-a473-40c2-b692-dde564cd872c,538,243,5
f72072f2-6a2e-46b8-bc78-dd6eb611207a,224,208,7
418baecb-2693-4d9b-bf3a-6715044c855c,772,428,4
3ca59191-ae74-422b-b692-8bce8a75a53f,579,201,8
2de9e787-a52c-46d7-9778-7919d1037226,368,425,6
e432ee28-c5b9-4fc3-96fa-e73acccef823,223,21,5
d662de04-b83c-42a4-b5e3-14b499e0894a,366,53,4
55d02220-372f-4ce8-bc28-a117386ad863,267,278,7
bab02c8e-7368-445d-9b78-e18c2da006c5,732,18,6
801da293-813e-4fbe-b88c-474af3fe2bba,46,485,7
f26d27a6-9d30-4fbc-96ab-54b902e38729,22,270,1
0f3bf907-1bd7-40dc-9c13-f8b12f57be6f,380,393,6
44751bca-14f2-4cb4-ac2a-d12ce9095ff3,544,420,3
4f6161bc-8512-4a25-975e-c2bbb576cc3a,986,22,8
734b0834-927c-4e7d-b66e-610a5cd971ae,631,454,1
59385dd3-7298-4176-8eda-c2e3c461a53d,882,347,1
492e6dc5-d88c-4967-b07a-04caed540da3,498,299,8
c0ea3657-50c6-410e-8018-6a8d94a17214,925,348,3
b29bbe5c-747a-4473-8cd9-f2faa68f793e,743,129,4
73caddca-3456-4561-b608-7391e3a55fdb,809,409,3
20605030-e1f6-4dfe-b372-c10bab1eb0a6,18,165,4
e3a006f1-9723-4ac2-9b2c-89a03ea97b14,418,180,8
e1a5c755-d9bd-413c-93c5-98593bba6ca7,400,26,4
2480aa29-0b00-40f6-a3f7-8e70b5af1688,223,23,3
2d828ea4-5170-4090-a635-2dee3e345717,32,76,6
f82df488-1cb2-4ae9-a1f0-b7fc5677f773,420,325,8
efd10c23-d615-423e-9ecc-cdefec2c847b,913,336,6
004f385d-7ee0-490e-b63e-7543522763cf,111,121,6
2b642b3a-dc9f-4551-8d55-7b109a2f8d26,320,290,4
6214a308-2f17-4e56-aedb-7f1c955d2dbc,94,136,2
80113fec-cb6a-4e1a-bede-d586d93c1ddb,958,474,2
02a35848-2037-4bbe-be57-e39698a05788,77,283,4
c7fbcc39-4b7f-42a1-b34a-9d13f7cc851e,55,472,7
99484221-ecba-4044-b9ff-11dd5fe664b5,65,10,3
37988e52-57e9-4c11-90ed-8f19a12cc06d,17,218,2
11f23d02-434d-4946-9aca-31316a4f95e5,76,100,8
e7acfd23-a7a4-4db8-a6ab-4532a80a9ac3,492,406,8
1637461a-8509-4175-910e-9a157de2071b,640,217,1
643777a2-172f-41b0-b704-1471ea461663,228,442,9
6b147656-a2dc-43b6-8f51-92fad01508b2,526,342,8
31647466-3c3e-488b-9208-44e990c2feba,7,359,4
76ef4faa-fb0b-44a4-a9b6-a3d9d5ca0b91,732,167,9
227dd8d4-19b9-4f28-9706-b38895dd8ae6,463,365,7
42d59413-6452-4697-960f-6ae9f506e684,792,343,9
febafb97-6b21-42dc-bb32-de1782271cb5,768,312,9
7f29058a-abcf-47a0-9316-b2f614a3fce6,412,40,7
6ea74456-8a2d-439d-89cd-859ee6d49ccb,40,60,5
487bfd6a-67f4-4d10-b281-bf5cf9ea25ae,948,71,1
37327523-9e72-4e19-af7a-74ea8479fb11,398,453,1
149ee8c0-96ba-48e6-acd3-0e4af3a477d8,490,492,2
af84afc5-2629-4621-8318-bd48b5a60ad4,556,48,3
182c622a-5489-4ee8-b23b-ae7ab33bd405,118,47,3
c89b36f3-13cf-4d85-a55a-b7340495aa2d,784,306,8
98441845-e11a-4186-8c47-7d392f6e4003,543,332,3
9eab465f-4c4f-40db-b102-9d76226b7354,197,464,7
759cf7dc-a969-4ce6-a6dd-84361b66fcfd,976,443,2
4f5f0551-e707-492a-a347-517bfd44f642,190,113,6
3b2386d5-b00b-45a0-be91-8f898ee58632,257,498,6
6840b11c-d5e9-49bb-aac0-b5dce4595ade,31,345,3
f32a706a-e229-4fbf-8cb7-72944557ab44,357,270,3
12716a1c-4537-4283-8264-499839ffae62,240,500,5
2bcd0f1c-1651-438f-a21c-ee1629a8a5df,575,199,2
f24f8921-49a1-46c7-8d2e-30a4738a9f27,671,203,7
4581ae0c-39ae-47ea-aa7f-e35a31315781,420,134,2
ebde6c3d-3d88-48eb-99cc-b34071a93d08,896,236,1
8fb72cdc-aa74-485b-adfc-3018018ee7cb,769,324,9
7a2c1fd2-f251-48a4-817a-c22a5e653928,324,297,7
f944165c-60cf-4a6c-9308-098f3c5680ad,676,17,4
740cf676-6326-4df9-80d7-774cf22d3b7b,977,475,3
59152cdc-ee68-4f7c-a20c-3a711dddaf0e,721,293,8
6e2815b2-c0dc-4e8e-94d2-c989b61dca50,435,121,9
8e0d27b2-58d3-4f92-afa7-981a3361faf0,875,402,2
cb9f5868-3734-4af4-a181-1dbb192404c3,109,26,9
d32d701e-117c-49b8-be1a-9644852549bc,51,65,6
07fd9178-5f15-490c-8f36-e01439c60fea,355,277,9
d74ca6b9-7d96-47a6-88a1-e75a3dc2937a,966,413,5
3e79f96f-7a9e-48b8-a744-db20c9bb0c72,794,423,2
3ccd3bab-ee88-4780-9d24-1f9d9075d981,561,322,5
092db187-ac34-4d76-9b78-7a6ff8458b68,86,17,7
ca037171-b54e-4f19-9bfb-fb0528a68871,712,359,2
a1048ec0-5dec-44d9-830f-d38d42cf13d2,274,262,8
2ef7c912-fdbd-4868-ba77-2fbc60c8f2d3,31,399,2
6bffe073-9e3f-4203-9752-9beb383f2728,520,120,1
5d2e5b8a-10ac-4b0b-a6bb-403d8aeba60c,869,281,3
6f26d823-062d-4254-96c1-45317ee57b4f,525,398,4
98ffefd9-345d-4a64-a431-07b0fef7512a,136,148,2
3d9bd40d-103b-4727-b1ab-76f20a58abed,830,170,5
12af5f89-d960-4a7b-b9a9-c397015bad75,556,325,6
868ec949-5c11-419f-bf32-6a76bd6cdadf,362,165,6
fd46e058-4fe7-4890-a0e3-ef4c2347dce6,711,102,7
f3952886-aea6-4b52-a094-cebe7ab4c4dc,515,151,5
3367e7db-da70-4ac8-9895-17c5575f57da,4,57,3
ea45584e-e1dc-4fda-bab8-39d6e8df70c6,101,77,6
58b2670f-b3ec-4048-8450-66760aca8a67,905,267,8
8f0e52a0-d6ad-451a-aa42-f7131e0a0684,803,53,8
0a4ca47f-19aa-461c-a3bd-82de0ad810ea,180,137,4
9e1dfdca-c4b8-48b1-b92c-a414bc9506ae,338,171,1
7442d986-9304-40c1-a54c-f69e848b5c33,348,425,7
24586e10-386f-4815-b38b-15df19e7236e,398,27,5
1c9efd83-e86d-404c-b61f-11bcf41a14a1,388,444,1
babc49ed-fade-47e2-afc8-7063847baada,194,423,4
bb159a71-36c6-4f81-aff4-9abfdb4220c5,449,278,9
251f2535-6bf5-4dc1-8086-40fbef70ae7e,322,185,5
fb8f7e41-c2f7-491f-8e0f-01be4461cfef,652,465,9
b1968e7d-ddbc-43dc-b967-d8a7483ff89d,624,443,8
5704c156-8141-435c-ada1-13b6ab071e4d,455,410,1
ee3d6cbc-17b6-456e-8b0c-542030e5fe50,718,250,2
b353bce2-f20e-477d-baba-47f66049c056,923,360,3
b052e19f-527c-4c5b-bf36-cfea03bccb8b,418,141,3
80ddbcb7-1de4-432a-9206-c34f3884ead5,970,98,1
d319814c-dcc5-4ca4-9b99-d039584b122a,867,114,3
a52184db-125b-4b4d-bb93-9da3a79918b0,452,74,2
30c2204c-0f78-4807-947f-8999fea80875,347,271,7
6132f8b1-93b2-41b6-9a07-5902e56eae46,758,275,8
4ef240b5-c63e-4212-86cf-1a806c48ad19,111,61,6
bf7343b6-21f1-4d15-b18e-944bcbe7a796,60,395,4
fa13a0de-305d-48a8-aafb-b0fb82ebc461,416,197,9
ebb5a808-ae32-406c-bb8c-2274cbf1ad0d,691,153,4
1a88445f-faaa-4e62-bb4d-f8e3e29296ed,690,456,4
a0633812-df1d-411f-937f-0a4d898b29af,809,474,4
2b31b501-b5bf-4cea-b9fd-9e0001c064b5,558,341,9
7842ec0b-473b-458e-b139-a6e5621c0a18,4,247,8
3448779e-034f-4f50-9eb2-a19245d4de50,97,374,8
dd60b931-9b3d-47b6-b4c4-4ec64ad4f883,946,398,4
94b48dee-73dc-406d-8e50-f908e0f118d8,417,122,7
df716bee-3a72-4eb4-94f1-32c00aa68f50,608,400,9
ccc09a24-8b26-4c53-9984-e02258139453,477,349,5
0511e603-fb93-4e5e-b348-24942f288f21,41,33,4
f9042819-a86b-4fd2-b401-4fd48f77db25,697,232,6
19b58998-bc8c-4690-b251-8ed38bab7c9b,668,316,5
1a1e9399-8b96-4200-a5fc-64b28cddf8c0,453,342,8
c4092f2c-79d7-42b8-80cd-0bfa3718170e,98,256,4
2cc2a403-fc6d-4a1a-b98f-ebd8f3c92b40,441,240,8
b4d61d95-135b-40c4-8774-9a63b9c32c57,331,205,8
cff7a1e0-c444-4528-8dd8-c7375c4fa75a,517,370,3
f641a142-8fe2-4104-a148-9d778d852eb4,469,493,4
05c094ae-5ff9-4810-a14d-01f3c6eff87b,494,409,1
12f69078-5b79-4143-905d-4ceea6891b6a,475,48,6
385cb667-ce21-43f1-a1d7-c58c809749eb,594,127,3
a3aee817-2f46-48d3-9fdd-121c5ff546ef,778,84,4
33cea8d2-f1d7-4a2a-af68-0ec4da08d443,610,218,4
33db588c-5f2b-4766-934d-14d8bca0d211,324,324,4
754e4c2f-9066-43f4-9357-3d7ab02855f8,657,102,6
3933965b-1208-4789-81b6-224ad648bb8c,565,165,6
a8ed3e8d-3d13-4dc7-b096-8fc2c86efb1e,958,457,8
56b9274f-ea4c-4432-bf39-6f016af484a2,837,126,3
b4041d32-da0b-43fa-a45a-55c05708ad96,705,336,2
bdd309d3-221b-4d74-8c91-517e51cc88c3,190,164,6
e01c5ba4-f605-497e-8b8b-d29376da5087,556,77,5
4f8d1075-ba00-460e-98a2-0eae28a2f094,662,360,7
7f7dfc2f-303e-4800-a729-de8240cb08d4,211,242,6
f05cdea4-f973-4c1e-8d49-bfcfaab6b3c2,745,31,2
fa8c33fc-9fc1-4f42-b9c0-bca1a0cd6a44,950,202,4
112e88ab-4101-457f-8462-c54a8fa8c772,484,194,7
46a53f81-0909-4642-ad6f-a1869ea8e113,15,331,1
03b9ebfd-4dde-4b78-8692-402b75639703,646,287,3
18a9d53f-454c-4884-80be-e27ed2d81135,248,324,4
ba6ea07e-167b-4b01-b550-43897e078f29,336,455,5
7e6ff4dd-310e-46f0-a7e7-8aef32ddeae1,668,382,3
823ee976-f0a3-4113-96f4-4f7a84761a3a,856,9,7
6f3cbe0d-1dc4-4237-bed9-9ae84499b72b,150,155,6
1dae0483-3b27-4fe7-b278-60c4f6b6a275,392,499,8
4b86ab6d-4727-426a-b37c-41f15ec9a8e9,251,41,4
d95c1204-8a70-40c8-b033-e4c2394d5ba7,793,305,1
38d6457c-a7cd-4bfe-a170-42257c445506,161,253,7
d6444dba-4a90-4619-8b30-968ad5884e25,64,457,1
f0f821ce-ea20-4c4a-8551-66d3d17840e5,436,477,6
9a9b0c67-3bf9-4f3c-a75a-88da3bf3e8bf,309,91,3
021efd8d-f657-4a69-9553-9766c1cf91ce,20,57,4
5fab4718-f39d-41ce-84d0-fc22b69005ac,53,473,3
9b01d03d-3721-4a02-8772-edb43b036ddf,242,381,3
7d86aff6-761d-4f82-8923-e12d43e7f24a,521,303,4
e0474bfc-4b37-4ceb-8e15-c5c36cf00966,717,77,1
33286b83-a260-4485-878b-2af6229b38e0,572,316,5
d32d6eed-a024-432e-8c63-d3a9428accf7,975,21,4
6e55915f-ead9-4799-bf78-c8ccc364723b,261,394,7
db6bc554-4abc-4560-be7a-5497038ceee0,531,448,6
3ffc74c9-f06e-4c1a-9fd8-f8cc629b6eaf,997,330,5
cfa19b2f-e0c4-4359-b883-2e431d4e852e,500,146,3
ba750165-0e5f-4b71-8b41-4514feee9a97,69,498,9
ebea328b-159c-4986-9a30-31a2c47e02f4,257,79,4
8d5fd801-b9cc-4945-974c-eca9c573210d,758,359,6
f6c72b92-e0a8-4cbf-9c84-81a277eae5a1,886,493,8
560f6d71-84ba-4d61-be34-4e6ca4095c87,63,68,5
54f531be-ccf9-47fc-a42f-9da709f21a5a,715,231,8
c1fe3033-a20d-4aa1-ae78-a5294035adc2,442,390,3
824ca4ca-f505-468c-9518-b49cfddf8a51,95,151,8
c4366a3c-6dfb-4bbd-80aa-473543796319,119,134,7
8cd22b70-dad1-46b4-9237-dd897564b362,442,39,2
d2136cab-506b-4bce-beca-262a447ebefa,957,293,6
0791cd1b-2874-460f-9ffc-c970e5b8315a,193,484,7
106669b9-d0a5-408b-94a8-abd91dd323da,859,10,3
87bfd64c-f4c9-493f-b1cf-b1b09891c797,428,383,9
6852ad09-b551-491b-995e-0ccad8b67fd5,475,234,5
d53912fb-62d4-4c43-b28a-d246921b6472,536,157,1
b9427118-4ca8-4940-8319-6de31d8424f2,881,70,9
4edc91ec-30ae-40e9-9ec6-09a51cfd734b,584,270,5
6b8481d4-e1a5-446a-b50f-8f391c9c9ef1,23,405,9
ca7c0ab8-365a-403b-a4a0-cc7e3264f449,27,232,6
9b5277c9-89bc-4c6b-8803-e733fce13743,220,115,2
754f1dc5-6b8f-48fc-a127-9d9ed14a699a,860,387,5
55762bd7-0fab-406a-9e71-4cb906c8d5c4,784,83,7
f169f9e7-2afd-4de5-a8a6-46080e21a994,564,165,6
1ac0f895-4761-48f0-b76c-e5cbdad68384,830,138,4
eb156555-253f-45f4-863a-1d480ec09318,518,30,4
979fd374-cad2-4996-b2c6-ae1a78c06c25,552,459,1
ac698672-7d55-4986-85f9-a84f38389af2,448,233,7
6440aa5f-ef91-4b1f-bd53-b1fdc7b3ff74,611,441,2
81468d35-aa10-4b59-bb92-9df2674bffd4,970,394,3
0ae5037c-e5e3-4b89-a436-3be046ede6bb,816,460,9
36c5d9b3-866b-45cc-ae6d-4c6cf2b77e6a,478,277,4
588990fe-7b42-4eba-8f2d-0809a960e01d,479,326,7
93e44b32-33f0-4fb6-a740-4629eb50e3dc,203,332,8
ca0e04a2-e69a-4d4a-a169-6e611a6bbade,149,199,4
74146ee3-b978-4aed-af8d-04203063720b,480,77,7
e6f1ce13-cc43-4af8-b33c-6d95ba159451,530,35,8
07448c75-d74a-4326-a05b-32d5d93604fe,248,268,3
a5aa554b-af72-4982-9bc1-5dcfcb5f58eb,282,500,7
0abc06b4-c364-43ad-9978-7d1798b4e556,549,250,4
eaee082a-0df7-463c-80dc-8ee06a7067da,753,183,4
633c65bc-98d5-437f-a708-d891cea852b0,191,289,4
96535c0d-462b-44b9-b93c-7df0813517d2,640,218,6
0af7a1c3-2049-40e8-86e8-4ddb9fa3ea1a,381,55,4
fade35ef-0bd0-4a5c-8eec-cb702f75dc51,381,254,6
b5590010-197d-4b54-a052-10c16e68b10e,730,7,5
5096eaf3-d458-4261-9d68-f7bcd7e47d5d,322,403,7
b13784d8-97bd-4001-84e7-cde0930f85d4,32,308,3
ee8684cb-cd44-4905-bc11-e62d937993c9,757,430,9
24d1a5d2-f336-4e94-8c30-80dc40bd14e2,820,89,4
5a0170c3-c4af-4a50-8477-89d505e06dbd,17,216,3
fbfc391f-bbdf-4883-acf7-94f89c522ea8,984,498,4
386b3331-bfc9-43ad-9c68-5e978dd76cb6,879,435,7
aa234bde-e0bb-40e7-a6e8-6866a4cfcdf1,981,406,8
9adf43e5-9fbc-4752-869a-e053856a49cf,639,476,5
de625624-ef9a-4768-8b55-49e467085d10,933,276,8
efd67bea-5723-447a-aee0-559f4b0ba55d,191,72,5
aefe13e1-ad63-4965-8027-762eaa7f956e,946,112,6
5907e50b-cf74-4b02-b132-2bbca806f32c,874,426,4
68449f51-a4e7-4e8d-821c-56ddf03f83f9,383,40,5
4b80a09f-ff3d-4ebf-af18-2d922cbf13e3,213,110,8
5bb5a060-a58a-42f7-8172-05f1a01acc43,996,472,1
a1ea9cd3-b4b4-4fa4-8e8b-24beea87a22c,448,249,8
d479cfc6-6694-4ab9-a5e1-77504e9e0e3c,739,69,3
a5fd0e6e-c16d-45d5-ae24-1a9b0175f4c1,39,191,5
d1b0671a-8d7d-42ab-b3af-86c0fe929e0f,814,121,9
70f51200-3f92-47c1-b87f-e61b862f0e9c,170,465,6
c25ef313-9d30-4115-b77d-02bb7a21bc20,980,332,1
71a4bb06-1e4e-4425-8673-5c924f1d7ba4,538,200,4
fff607b9-1b5a-4aba-9446-cb304778a0e4,261,74,6
1a6558b1-20df-44c6-bf5e-9724869b88c7,268,131,7
8370ec28-f67e-48c4-9ebd-88718620ed31,800,337,9
d56195b5-5f26-4bdc-9bfe-2c206962f728,872,468,1
d029d67c-ffc3-4d80-8807-ad961d7c7584,523,159,3
2d064e7c-119e-4b51-b2bf-f06848c48cd2,536,359,7
aab266b1-2b5f-4ee2-8079-d04537d7e42d,459,333,1
905c5f88-fa9f-4f4b-a60b-b54e219b9ef8,226,455,7
1200288b-d1bb-466d-84d6-1297f07e5cd7,702,143,4
9348c2fb-eb45-4442-8e6c-216ca0d20458,114,365,7
3e6313ab-765a-4740-b443-45e826c94eb2,481,447,2
b97c8bcd-91c4-4fdf-bca3-84a0e24e8fa0,962,21,6
cf8dc186-7434-4a93-8e46-97a5fcaafd66,252,327,3
65b6cd6b-efd8-41bb-8dca-79a7f62b2776,335,151,1
fc78baba-06d7-4ccf-a023-c047096ae67e,194,147,3
41c5e656-5594-4f72-abd9-d1b217f80e86,551,10,2
546cce1d-9e94-4533-8ce9-d711d6e6e46c,448,369,9
bc851ef8-ad98-4053-9708-f9aa5286e4f6,794,376,9
b0868fb0-1c24-4e52-afd6-2af62a9e7139,28,145,2
4c27d4d3-1977-45fc-b114-930479427c4e,243,235,4
bc0460f3-0fcc-4e88-bdf5-bd9924a2f706,129,13,6
689308e0-e4df-4d65-bef7-54a0038878e5,175,484,3
ad19e3d7-5dd0-46e6-8e46-803d5624e40c,897,282,4
5e9ae65d-b868-40fe-9f87-819a9b75280c,691,255,1
e0a55505-c28e-4575-bac9-def47fe1499c,829,481,5
d7418a60-f6b4-40da-ab64-030f8c421713,721,126,5
cd8de7bb-1911-42d1-ba33-9a69ad7b1912,154,11,3
a2625412-0bd5-4e25-9843-8a6eecce3dad,887,44,5
eb82e4e1-5f04-4986-b438-4ba92853385d,29,90,6
dcf6ee97-3969-46b9-91a8-7ae81049ccef,22,491,5
5357de91-1718-4dba-9db8-8bd792060a1e,925,374,6
0045eed3-5e17-4b1e-9da5-44eacd2d00c5,773,195,5
bf30cf47-f3b3-43bc-84bd-b4512de04c21,721,486,4
3633c98f-5752-4aab-9c8e-e80c3da98e93,246,384,2
8b68a802-8843-4081-857e-3a96338cd8e5,402,277,6
b9b766cf-ddd1-478e-86cc-8a9a2b804d49,693,482,4
c83d6512-e4cc-4364-971f-7cb59b847222,42,400,1
48547fa5-4a37-4bc5-ad9e-a55b6ec268a4,618,316,1
0e98c5a2-0649-4001-b61f-38e2a3e23a6e,700,358,8
0419136f-bfe0-4dcb-b8bb-32018c599a9c,877,8,6
e4b802f4-95c6-48d5-a51d-fc2027214acf,883,110,5
d5a49660-bb59-4fc1-8096-a718113b0ca5,353,137,6
f56074a2-3434-4a21-aece-e04d9bb55e08,882,386,6
0ce11e17-b267-4d51-a941-ec9673b1d827,131,247,5
9da0909f-85b6-4975-a46c-c4d1774719b7,539,414,9
875ff8b9-35f4-416b-b885-dcea3b12c7ce,311,436,5
00526f0c-5a1d-4285-9d12-499500916168,875,358,6
47f9a7f6-d076-475f-8d86-13f0dd9f6f1a,422,32,7
879d6f70-e21f-4743-be1b-eeb7f999c659,352,446,9
6225dfd6-856d-4414-913e-2f97836c6948,561,34,7
71b5572b-42ec-40cf-86b2-49c332bc77de,230,91,8
8d4745e8-f085-4fc6-946e-3caac7d0246b,202,222,1
dbecbec0-8c79-4efa-8497-11ce690e9b27,36,413,5
e17e5f7d-5b4a-407d-90b7-7e4ea62503bd,499,320,6
784c739b-6617-49c5-8cc8-bbb877c84e51,550,162,9
181cd6d7-fddd-40c3-99db-8bb96232637f,148,490,9
afa8528b-fdf9-4133-ab2b-744aa8accdca,547,5,7
48d17e45-e7a4-462d-b37a-fa1101b719c3,981,429,2
333be9a2-cd5b-42c3-9267-31562a8d207f,930,92,7
b4e60124-b593-4c9b-b9a0-6dcc73f37411,307,420,9
ef19a402-f048-4b6e-ad8a-9c3cb7a51090,546,498,1
b0e83b80-f37a-475c-a256-0cfde21460f4,762,472,8
0b52a936-01ef-4728-8757-35a7ed66986b,534,65,8
8f90d4eb-5619-4f3e-9e71-1aa2e025bbdc,414,185,4
e2b4ce13-e17a-43b7-b818-a4457e696824,197,220,8
61ed72dc-ffc6-44ac-990a-18c0d1facc62,295,300,8
28e947a6-df80-476d-a1e9-737892424868,101,251,1
6857a17f-2a14-4f44-9827-67e7a4e3aceb,188,375,6
090a8dd5-0325-4f28-840f-2ad50c5b2613,763,159,6
b02d1eb4-b970-44d5-97ee-baa5e2bd6314,275,75,5
485e3751-41a5-403b-8b86-37133adacf6f,825,77,7
a1225ed0-bbac-4c3e-b429-9fd9096ba043,775,204,5
881fc8cc-5c6f-4135-956e-8d8a4c270235,817,405,4
a4ea4a6f-dc10-4046-88de-1554f97348a2,908,316,9
62928791-fcaa-43b4-83a0-9e802b50a3ca,742,467,9
47cc57b1-0f1f-4f58-a282-b236cad3e681,372,82,4
94ff7e68-6c1c-4479-b830-b0aac7a55a46,232,30,9
0bdf4132-da9b-4460-95d3-160e8ab111b2,529,199,4
3ab2e5ee-1062-4ee1-978d-a3435c506cf4,431,310,9
090e7530-f576-49c3-80ae-5ea8ed84a328,790,307,2
4a9b9b58-b429-45ef-b534-28af68d66a3e,786,439,2
85057342-f918-4b1b-a260-b483a05aaa05,260,377,9
5bbc838e-914d-40ee-a67c-736aa0902527,531,318,9
eae8a9e2-698f-498b-914d-72dac9c76921,285,446,1
c71bc316-4994-409d-9d1d-05634a942c68,918,87,4
e94c4b40-6d21-4047-a75e-a449d91d2757,523,115,6
e13c88c9-ac4c-4002-b65a-fd10f30fc6f9,917,173,3
98b2f90f-01ee-4db3-84b3-f7faa4f08cb0,295,113,6
48bb0913-fad1-4c6f-bf88-2b9c8ed578ce,392,269,4
a6f8d504-ad2d-4df3-b7b1-ac0844c039f4,583,173,1
5f616b79-ebda-4f06-8c1f-850b8f229c5c,831,69,9
7ba90231-b281-47c0-8fd6-35a1a2017deb,193,475,6
22b34cf8-ff16-4733-b676-5543d1dc8ef9,912,360,1
e0c91cc4-93ab-41a3-ac47-3d351f8a51a9,967,482,4
e588b76c-8e83-47b8-8b1c-0ba1f03e9a0f,121,87,4
a11947b9-6cf0-4c02-b0b9-096dc5ee4bff,862,193,6
b3ace8b0-8bfd-45b6-b7f9-f590d73b8697,717,113,1
4e81e46e-c9c4-4305-aa66-3951d6e4561f,199,284,8
fc69b930-3e49-41c8-ba96-3b4db3a2fb30,815,260,4
7f8f1000-2635-41dc-bef8-1472d805e150,584,412,1
99faed0c-fe5d-4570-b3e8-023278639880,652,11,9
2da33ebf-c814-414c-a693-261adfe30f6a,636,421,3
8e413173-e174-4893-9260-aa7ddadff90a,284,409,4
1ee6bf6a-6fe4-43b7-96ce-27c1ca78523a,342,2,7
5b356a4e-b256-4f2e-bcb1-b9309546970d,631,332,5
c8433306-9add-4afd-820f-310686053ff1,422,165,6
ad20e8ce-e3ec-414a-8291-259ead87baee,161,423,4
3771c77a-d1ed-4e81-9d36-d5d6165a504f,608,218,9
11e7b1cf-95f8-4a61-8dc9-774e7880b77d,587,174,6
00337d61-8927-4a0b-80aa-c760a079ae1f,238,81,2
f2746790-aa6f-4151-b76a-4df15f85a5b6,278,355,4
84801fa3-987b-49d3-a235-bfc2e39e58b2,748,18,4
3aaab057-68ed-4d8f-8c3b-54a4d09ad295,568,120,2
2e6f2655-0048-4b01-b29b-8dea7d2e21b1,162,226,6
d8da60f1-d450-456c-8565-76bf1e743922,719,76,1
b03d2bdf-f1cf-43cf-a6c8-45921325e2c5,359,5,7
2b39c88c-1a82-4ca7-8d44-622045c03a05,3,112,7
16559cc9-f316-4d19-a91b-6c4d105e3f1f,866,382,8
58f6fb6a-82d2-495b-92d2-1c9355d89496,989,97,6
bcc16af3-8e14-4d26-ac35-c7bdac1e83b0,742,26,3
08313b21-7c3b-4339-bcd9-2492028c742d,826,156,9
d1fee79c-4292-4fbf-b228-6cffad6d942f,900,255,4
e7ff8b39-70d7-470f-adcb-d0018916ceb9,321,26,1
6c6e8354-0135-411e-961d-2338a6f523ae,28,341,6
7910acf5-019b-4375-b748-7821469b69d6,911,120,6
a5f6b547-b015-4645-bb6d-ed80b8620f2e,129,420,6
63bd9aef-e207-4b50-9cea-71bd2446804b,616,324,3
7fdb1e8c-562a-49a2-86d9-729cb37e794f,788,24,5
47a6e7a4-edbb-42c4-864d-3df1382a866d,501,114,8
a161c405-cc32-4c9f-9f6e-6f7102a17889,807,450,9
58c4cef0-1e79-48c6-b13f-8a6fa812a250,320,136,6
a4ece738-a5f5-4085-8b8b-23e74d84affa,712,72,4
8ccea59d-c9a8-4970-833e-1ad03abd4bae,230,431,2
dabb480c-4966-437c-b5ec-6e553e7dd709,815,385,5
8e338d49-e105-4296-91a6-a98a66421052,827,340,1
99fd89cb-bb40-4b9e-9c00-6d8805c0b47a,236,76,7
6062fc6a-76c0-44d6-8452-906d7a298903,663,454,7
7330f3c2-149d-411c-96d0-3f6a40363441,555,432,8
08ad390f-30d1-4056-8eda-cac80415b03c,807,364,6
34cba993-aa98-478b-a08b-e11299c205ff,507,103,6
0ee5cd12-d180-4af7-ad66-c6de5cf374f2,193,411,9
f4ffa869-220e-47ae-b2d8-cad3ece73481,632,295,1
6e4d9b4e-926b-4f7d-993b-a10379322000,585,32,9
faa89d22-f4a5-429f-8b63-a6a79829e541,952,215,4
08b0be8f-eddf-43fd-a590-a9ddc2c2ea44,317,56,7
49f43d9b-4b15-45eb-941c-b7f9de7ce05b,669,139,9
1e645653-7614-4f83-9a74-2f95a35249af,640,382,6
e05493ee-5c1e-486f-a63b-18af0a7e767e,468,489,4
27575421-69d7-47f7-b00c-d5fc6b6d1b07,665,24,5
b0222c71-0d51-4098-beb2-763f36250070,544,466,4
dca87fb2-1962-4235-ad1e-20acc891a1b1,766,245,4
5934f6a2-668d-400d-84ba-5c37f8987e73,895,420,5
fba2a40d-f5bf-4354-ba03-1075415fd041,266,157,9
3cf6ae7f-aa7a-4496-9fca-6f52ac426757,700,218,4
26da647c-cd4c-462b-af92-c2d7091467aa,533,440,8
5410989b-2b8f-436f-8711-6df2d6874f4c,871,88,7
5d4adda0-7598-4b80-a3b2-944c77a3e0f5,424,404,3
25c6acc6-3e48-4999-a817-d333e119bbf4,67,469,8
d23c63f5-f50e-48ba-a955-36ac42684d50,161,10,2
2c20b146-1aa1-4fbe-914f-721d7a2666b5,290,117,9
dd1692db-ec93-41e3-b16d-f4b323d3dfc2,711,167,2
53b67a75-44a9-4c3e-918b-140a5b219764,447,322,1
3c9be2c5-622c-46cb-8340-f47e7e893157,117,489,9
d9232235-bc63-43ba-a03a-f8866d70f823,78,374,8
c473dfce-1c0c-4bfc-be35-ac8bec8e93d9,98,243,3
af169ec6-0d5c-47cf-8b1f-705dfd0fc449,731,332,5
4a4f5aba-ac96-49c2-a16b-2d8c3522e3e0,209,427,1
68197877-a29a-43af-9196-f2f84e237fcd,558,421,4
053792a8-14a9-47d2-ac40-9ea284debcd4,625,344,1
bf8f99e9-d93b-45fd-8ecd-9665f661ed68,314,92,2
269a7798-3930-4222-962b-fc53e2f5aa45,483,50,8
bd22cc03-3302-4ba5-b1b5-0892015a1e9e,248,263,6
548896a7-d939-4029-b56c-39f945c98f3f,351,469,2
8579de4e-6009-4a6d-baa1-0df0a515f662,219,370,3
0472e401-2d0e-477b-8131-99a6fa4729c5,811,485,2
23caaae2-2ae6-4a09-93a1-77e5f9d6cce9,461,250,7
1f712f83-23d0-4478-b7bc-e979fcc83376,196,282,5
dc8c7c24-460f-4c84-b854-4273601f89ab,388,177,1
00dbc289-f962-4db1-8a94-3fe4cd4e9c97,956,89,8
74402a59-03d9-4acb-b05c-32af7378f5e9,752,141,4
3c735ff8-45e4-44d4-9db3-07727c9a8b8f,420,187,5
4e71d120-d849-4c48-884e-b54e79f699f6,135,219,1
d2a458ae-a9a7-4325-b955-df77b89bcfa6,23,46,3
2552e4b8-b84d-4613-9d46-9ea4ad88e8f9,858,321,8
f7859b31-7d43-4ef6-9a6a-25a697f9d1dc,338,259,1
a82ebf24-3c4c-4f05-881d-42369f7b80b9,356,399,2
1c733deb-fb00-40dc-85da-4b451911567a,925,366,2
d94eee4a-c4de-49cf-82b9-393f4b4e030e,778,443,6
e0c0cbfd-a1df-4c01-9b73-a488e5fbde45,554,92,8
4554982c-815d-46ed-854e-7e2888cdd969,584,329,4
cdb93a6e-cffd-47c2-a7ca-ac22733e1941,413,76,2
27ebb972-3775-42c8-a93f-69b6ce5b6321,578,139,1
2063a239-087d-4c0c-9135-ae59a7b4ecc8,745,366,1
c886d7bf-eac9-4e29-8185-2398002efc46,752,418,1
be6f78b5-8d49-43ca-b960-b54bdcf7e1a3,941,459,3
ae9c9dff-25e1-4da9-81f6-4f29567fbe01,364,192,1
3aa36f9f-d9bc-499a-8b6f-af77e3222e1f,703,289,6
ba157723-07c3-4ae5-ad80-befc1d97c3d6,9,415,5
c2f66f91-d554-49de-973b-445355209c6a,993,360,9
55500dfc-4f25-4ae7-8304-bfca3d8b6c0c,59,162,6
eabbb413-e071-44b2-aeac-38d35593c0bb,388,77,6
f0ba56c2-5c7e-4ba4-8802-efd05d1cc0f2,198,300,4
04a2def9-2d80-40c8-8ded-53b8fac2b520,988,394,8
09497fa6-06c5-489c-85ad-4a0f5563dabc,521,109,2
a96be48b-f3c5-4f21-a692-a8fd71461e9e,957,443,7
f64b7eee-2123-4706-bfa7-e497b26a5e64,9,302,9
42e709f2-a048-44eb-a08d-51b18af9b3aa,989,74,6
e3e9e1ee-34e1-42b4-bfbf-43e1ac8c8539,344,130,7
0aa03b4d-d082-4af5-9f83-998d5dd4fe54,698,427,1
2ae68cb8-6684-4aaf-99ab-36a07a3fa75a,41,236,9
4d5a3eb0-9f30-46e1-a476-24b615e75341,285,229,3
5b179535-979b-447f-9321-c1e9bdf5b5b4,390,216,6
2c29c934-97a1-4939-8658-69e91527b309,28,168,8
2d302e6e-0ce5-4bc8-b8a6-f51e06f7e1fe,947,56,8
711e1c9e-5d55-4583-843a-31b4b1af9fff,682,113,8
46abf817-4d24-413b-90de-568f3fbbb63d,101,36,4
e356ac08-527e-471e-90c6-dec9256cfc61,408,380,4
2ed1623e-9b71-4cef-8bfa-1d3223b4835d,319,224,1
33bac062-23d2-48b1-b613-caa2273be17e,949,252,4
fa0efccf-bdf7-49be-bf97-eb190af35d2a,224,323,9
38dc6562-2fd5-47c3-b080-bfd5b6d3c674,385,214,5
f89906dc-5cd2-4ccf-94f4-4fa7f8ed3ab5,393,140,3
88f7bf76-f570-4a25-8877-5d13e76085d9,82,32,2
f53bbfcc-0a6d-42d7-9fcd-528608273c81,916,470,3
c448806e-d00d-4352-8f4a-558f3c38021f,917,457,6
97477f7b-b8b3-43f1-a56c-c36a3f80fee9,238,488,9
bead98a4-9c93-41f3-94b0-972515bc54f3,387,361,3
89948610-da27-40a9-bf25-b481570771fe,2,303,9
917db8a7-6426-4d7f-9a90-6cc0eb308996,931,484,3
53e2ed15-15de-4ef1-be42-fe0da89463ed,305,499,1
cd58f2d3-b703-4c15-8e03-ff62fdac7765,400,447,5
a064f03d-f6bd-48a3-9c07-7f8647cf948a,763,265,9
1a675833-0099-4053-9fdc-28472107b313,111,194,2
184dae8f-c15a-4e7f-a17d-ba227416104b,760,466,1
f2736161-d9d0-4e51-88bd-bb2f17bd6c17,955,458,1
7531379b-5122-4887-9d77-0a65563ecab7,535,55,1
fe12bbdd-bfb5-40f2-af79-defc4ce31596,656,425,2
5443a9f3-a595-4bb4-ac82-10fe83f804e0,223,294,8
dfd579bc-ff11-4ca0-8a8b-65fb21066ca8,750,463,6
66b1366b-3a22-4200-a0ef-ad11b06ea658,893,263,2
d64ab67c-7ad2-4a75-a393-d7045e1d4740,654,133,4
59ac7d8b-b55c-4b3a-8619-d58ca0dcf109,62,18,7
c7fe832a-b392-44b3-8340-4fd690a42325,626,335,7
fc4443b1-b109-4552-9474-43a705e78c85,642,471,4
bb3043fe-c1bc-435f-9426-b63e948f4d07,460,308,8
278813d0-ff70-423a-8a26-dd8560f1832f,560,16,8
65cfa3d9-705e-41ca-adde-8efcd62f87da,759,110,3
ffa48f68-36dc-42b9-89a7-334e79233aa5,130,22,2
c485656f-a324-476a-869f-9aac51254203,662,169,7
aeb1cfa6-b8fa-498d-b0c1-2adc56e05113,314,284,1
ef1d7fc4-0de0-4020-aeff-74513b8fa0f2,514,256,7
78ff2585-22d6-4c66-afa0-cc8e36b8d782,359,90,4
d46a0b10-9169-4729-8fd4-9132cfc8817f,301,442,9
82b838dd-91b2-42f5-bc30-12937a903048,132,404,6
a7672263-ccf8-4ec1-9c16-19596240b187,86,299,3
0eb448e3-bd28-4a33-af82-fd1ec151a4da,101,309,8
d3914af0-8bac-481f-9c49-2af6db268e73,77,146,7
81895e2b-c7c7-422e-9ee5-0a734d78cbe5,938,320,1
1c79f5e4-e52e-4a56-a85c-07075886ab47,285,78,7
dc66e1f8-eec4-42e3-a834-a69ffa8c3163,339,294,8
76427fca-95b4-4c63-8da1-b9580b03ddab,773,352,4
47b50f62-d801-4693-830c-a649cf122069,875,272,4
c7138c4b-f6bc-45c2-8ff6-845636370cbc,71,110,4
62ea6445-5782-4659-91c8-cbc1634e7445,679,285,2
fea20c70-70bd-4b4d-9b02-326b6d2ddd9c,722,340,2
3581fd81-be7a-4294-bf9a-592e9062d6e2,68,198,3
696f8e17-bcaa-4924-9832-5cf18e596985,795,456,2
0de5a225-5fef-40b5-b6c7-1e6e43b3f0f2,205,489,2
b40154e2-6469-4c3c-b571-2573e120573e,880,437,3
b55a0795-6906-454a-a14d-fe879cff5ee6,99,434,1
eb448a85-da0d-48fd-ac55-e6fb0b391843,1,291,9
35162249-e42c-4f33-997f-645f912c1d3f,350,364,4
f67b2a6d-8f88-4125-b656-0a88a2208ab3,101,372,9
453d2344-2027-456a-aa8c-28f739598815,948,279,4
9653ec2e-b4d9-4b04-81ce-c35a83de15cd,771,348,1
ddcdaebf-e1a3-4868-8821-3ad39fbfc780,144,443,4
5dca3000-ca6f-4f0a-a4db-26bafae7b6bf,238,291,4
3a668bbd-c988-47f0-8ee5-47ccb111d8a8,522,313,8
8d113b2d-d6c0-4c95-985a-46035d15f8aa,753,176,5
85e396a1-0d47-4b80-9f95-f68482e50179,445,19,2
e5de25f1-6b49-4029-a857-85757e2ff715,374,376,3
1669fc25-86a9-4dbc-99f4-bf69235cc3b3,640,6,8
4c36c985-6ba1-4f73-b1d2-4e6ca43e79e8,115,78,8
635cd18f-96b9-4454-930d-24a29e4af480,77,169,9
08e0b6ab-8d60-4b3a-abcf-26a5ed48cafd,531,364,1
172b60c3-51ad-4cca-be0d-40855360855b,984,172,1
09e399ac-4651-447a-a03d-5ca3332181e0,471,282,9
27464335-44db-476f-a299-7f17f4603a18,751,46,9
f2813dba-9487-4428-a21b-cf1a3e0c8c0b,583,54,2
b14d4089-a8bd-4f52-a179-c0167be895f4,943,6,6
aedd53d9-8b9d-4b96-aa1c-4fbfa3c93569,59,199,2
23a726b5-c34b-432a-8dc6-37565147c078,899,192,1
89a487f4-af2d-46b9-9dcd-cc3292679d73,753,318,4
527b9cfa-cb17-47d5-979a-e6aeec54a277,129,276,8
f1cd4f43-4891-43d1-8669-dac88ab63530,138,273,5
f4993afe-e9fd-4fea-b295-9fdeb69afd2d,908,435,7
cfd59999-ed9d-4ab6-85d8-cb3bc1a5cc97,778,499,5
039164ab-757f-4839-ae04-5604a25e6efe,451,146,1
055d8ce2-3c9d-48a1-971f-966bb6eccaee,295,7,9
fcca26b9-4f19-4f0d-a5dd-c9c7d1b5d697,214,164,8
5e3f9b89-8b33-4ecd-857c-9a1a674ae570,83,497,9
3a664fcc-b489-4a8e-948b-5997efcebcd0,333,128,2
defcb84e-25b7-4141-ba02-844e0f84a724,551,188,1
832bd19b-c9ed-4f32-9ef6-e2f4f0768d18,793,200,1
15ef10aa-db36-4036-a781-ec559bc8bee8,875,304,4
f77a8850-2cee-4733-855a-71845719d350,966,380,9
300374b9-7cd0-46cc-a592-7979433abea7,50,370,2
7cff7251-fdd9-4126-8cad-79af51395311,601,19,5
34405f22-f4ce-400b-86aa-b7c6d9e27dda,50,453,5
74f0bf87-b4e6-4633-bb20-00b09dbeec3c,252,327,9
a5e4de6c-b331-45f4-8021-0072dee4c030,490,75,9
35fd26bd-79c8-4b20-9495-c94b61979aff,527,428,3
b2a3e376-f156-468f-9521-5753108d22eb,491,363,1
4aa25291-9c24-4dab-9a48-9848bccdf37b,95,477,4
e9beae6a-69ff-4a7b-acd9-2c594cc68722,100,424,8
c238d2be-89de-4ae5-9869-8d179bda2756,828,204,7
95a4d6cf-5716-4fbb-bfcc-40e5abaab8c7,112,66,7
1d695bf1-73fe-4daf-a135-3da11574cccb,538,47,5
4b951733-abd4-4208-8b0d-132f59bb8fb7,185,4,4
6c60de70-c720-43ea-9e69-a79bc475184a,783,307,8
3593aeac-f9c8-496b-8f3c-d2de5cf1ac54,190,83,9
96db3eca-9cd4-4c09-a3a9-86d8eddd5234,607,316,7
5958a4e4-0f95-47e5-9a87-22fa237be2e6,898,98,2
bdacf4a2-dfff-4b17-aad1-d74b58687a19,357,140,3
f1eb4a84-603e-418e-8af9-302562b880f8,618,373,9
9130d75b-8fd8-4bf9-9e3a-4b0ab153f3be,979,435,9
8f6a18ff-30eb-41d2-87ca-439be8bd804f,970,385,6
629b56a5-d04a-483c-b7de-ee7940c40183,197,450,9
a906fe1f-e425-411c-bb7c-6e7ae8e3f4a9,518,158,5
8c4f4afb-a27c-4baf-9d26-4d1372edfed1,93,2,6
72d2559d-8786-45dd-87dc-f75d07194541,929,472,9
7c4485e4-a684-4e4e-b26c-019be91e9919,535,162,2
795305f8-60ac-4897-b546-a9dd4893189a,723,56,3
e876ce5d-d430-400d-b2c2-86b7f7cbcc22,68,159,9
77fe628d-8b30-44a4-81b6-0b0a57ec8a17,499,235,6
771ded99-8aa3-4946-a6d9-6355b0d00e5a,309,17,3
91770560-0068-490c-b520-1b81982d2096,541,249,9
c32164f7-a90f-4db2-b328-8d45892be70d,437,197,3
bdc9ba73-d528-450c-bda2-4a9ae2d0da99,851,434,1
0b5611b2-2df3-4dfb-a5fc-c7fb102731db,317,345,5
73b53423-ef2f-4cbc-b648-798a77534197,338,15,6
e4ffa752-a673-4557-8d94-31028928c200,931,410,7
7a03f536-c0dd-44b5-82e4-d84d46f294df,378,21,4
959c8b90-d29d-47d3-a6f8-888ea45dd56e,839,31,2
1cbd56dd-75a1-486f-9be8-ebd2358b13a2,292,464,9
41f087ed-d911-466f-8297-9d53fd641333,57,377,9
e84de1f4-af02-42cc-b91a-490e0fea5c5c,624,236,3
ff7e771f-67a7-4c8d-b41f-69b2ee033799,216,107,8
c7525ea7-b7c9-48d2-bf4c-9feb9c32114f,759,288,3
84d9451f-2b5b-4ba9-9903-2532060ec287,60,380,1
2dd92919-920b-48d1-be8f-13f4e2e809cc,917,481,8
ccb816d1-b281-4d47-be20-9df456e2b112,923,348,9
cd68db49-68f9-41e7-84e0-c0fc7f7f27de,795,361,6
260dce07-5924-4ed9-a934-ac1715716e4d,368,158,5
