Transaction_ID,Customer_ID,Product_ID,Quantity
93f22f37-e2ff-4ede-b825-f817ec41a922,326,166,6
736177d5-3067-4efd-9e2b-dc541a4222b3,504,108,6
29efa35c-3d41-47de-99b8-b7e0c3736375,148,228,6
2a80e475-2d1f-4a74-8ba6-cd5444ece702,281,336,8
10b8e3eb-af22-4393-8f5a-f0d3afdb306d,758,383,4
6107bd72-92a6-40aa-937b-f5889ea01b5e,25,136,5
2f5b47d4-a5bd-4e3e-98e3-97c8a7b14b37,157,280,2
39527f29-cc30-4f56-87fd-4341a62fb027,997,416,5
4dfec5b6-a786-410f-bc08-fc24deca6644,805,363,7
0657104b-4c90-475c-b4eb-95f5bf1f61a4,137,267,4
598cd9df-6415-4fda-b74d-4d675d5a8801,179,53,9
8d429b4f-b701-4d09-9b6c-d2aea841adca,958,268,3
dfabbd3d-6900-4354-bcc9-423d631ef23e,673,202,3
716818ba-d44a-4985-b074-f1ae7b9e7add,381,84,3
2d43b3cc-fb23-4816-a81e-407fee580315,30,246,8
06ea611a-2d76-42c0-9097-fe8337896707,61,181,9
4eb8d8dc-f76f-45ba-ac77-9b5ce73bc49a,42,203,8
f1062cfb-5934-4ca1-9ed9-8ac82228edc9,817,375,9
49fa89f1-cb2b-4f14-9e6b-237ba2daad86,162,405,2
cdab9ee7-e83c-4ae8-bcd6-d6c5e6e28b04,531,315,5
85302711-00e3-4819-96b6-716696bfcd6d,120,53,1
7de3f0b7-b66d-417d-a2b9-533b591c76dd,665,381,8
2873e5fa-844e-4c45-b7c2-74bab212bb39,961,222,8
56ac09f6-0be4-4c68-b6db-05cb7de27fdf,632,396,8
bdb12126-b76d-4d27-b514-d3f81180eca0,474,472,4
10d4fe0b-ef3d-45f7-8b68-d3be71270d1c,219,144,8
dd06639c-1954-4143-b27c-740957469e99,123,95,9
ab240ded-55ec-452c-bfe7-9e2e8bf297a8,672,133,8
ff2c8fee-9d84-45b0-bd8d-90db5e0936b8,923,254,3
b506b8df-b9bd-44c2-a634-d375bb305a0c,398,32,2
767b6869-2e14-47b5-837d-e7f108003ed7,66,307,7
63c73580-c748-41d0-99e9-c57e98b7b818,821,331,9
2a3dcbcc-e5c9-46d0-b25e-11a56c45b531,781,24,1
68b5acf7-d796-4bb5-b120-362abb517f62,960,247,1
f80e74a6-cdab-4509-b8e4-4cca7d8a0839,774,224,6
f4ab5e92-89b2-45c7-a792-a8ed2dd1f475,372,164,6
013bf807-988f-4d34-845d-a49205a30064,387,147,6
f95796e3-6af0-4818-9eb5-f5cada4404ae,369,161,2
fd3d42cc-6d0a-4ab2-a2eb-9a57fb4a8f06,41,8,4
7345c215-c6a8-4856-92a2-485ebc27b305,10,293,2
406766a2-b2f3-41a5-abce-d65d6d7242bc,961,322,3
913ecb2f-548b-4e8f-b867-764e78e53bb9,231,246,9
5cda2828-761e-4019-bb5e-a1f3cd6f0541,175,253,5
2b227c81-8aa7-404b-a67b-e5deff02da30,898,430,3
7e3e21c9-ad01-47dd-bb17-4d230146ffa4,946,320,9
69e3253c-ee74-446a-8003-4803b125eff3,87,427,3
5c0e1904-81ca-4199-8213-54e99135c904,583,200,2
3ef8068e-3566-44fc-b7b7-4614d8e58610,552,281,6
b48f16fc-ed88-4de2-b399-2c5db5282c15,55,363,2
4f581311-f018-4e32-b0b4-2b1aa7192c59,418,52,1
a5fb6747-6ad3-4341-b06e-0c6077ace1ea,745,56,8
581eca00-3a53-4e5c-89f8-447ea7eb2e14,494,318,1
15357d9e-b235-4a96-a628-d6425da53746,739,21,8
8a46990e-d9f7-42eb-a0ff-078c488dcdf5,712,17,4
ba9bf88a-17bf-468b-84f8-b0b37aa86323,35,2,9
1b21a504-f8c7-49bc-8258-c806effca8e4,865,128,4
fce4e467-bdbd-4ed0-b80c-e471a1ab233d,25,347,4
c7181c7c-1036-4735-b211-a2da27613dd3,443,1,1
65e07016-bab3-4e56-a0f0-5fa0484fd403,352,346,8
90db9d2d-f764-4228-b287-cd2eba6d321f,460,358,5
20d57ea3-6f7c-4b46-b2ae-15d96260db14,38,118,2
69908f52-47e0-4236-896c-05d4464c22ad,987,345,1
924bd6f8-c156-4d68-a110-a241386291c5,402,2,3
51231cd2-19c7-423e-aa27-1d5b7a67e858,668,23,6
c2047278-cf4e-4892-977b-68ddb5ffd65a,87,464,1
1c1553ec-b206-48d6-97a5-2bb8631df31a,806,33,2
4635894b-3c87-4531-b36e-ab17927e9958,40,10,2
03b8d54b-6338-4442-8373-f3f21172fcd8,547,370,2
6e6b6288-bb85-4236-b9c8-c84aa0bb1d1f,311,425,4
38f036ca-88f7-4170-afa2-7538e545a618,391,125,8
8e47ffd9-0916-4726-abb6-34fc506becb1,485,319,5
dfbfe4a4-2039-4290-ab16-a9a3f4c3b458,876,491,9
71ca59d9-2c40-48a4-ad6a-f7d4653b7598,700,344,9
268abf32-4c5f-4b96-ba77-e1024a591513,661,317,8
0a931b32-da45-4e61-bf54-ceb7f22fcfb0,887,341,2
5037d870-fe70-45bf-afb6-4a912426c517,941,178,8
f2553b99-465d-4005-94cf-d1cddc145475,311,355,9
a2dcddbc-e022-472c-b292-3cc35c4e3fee,16,381,6
6e13d690-1ace-44ee-a469-4a10a0fbace6,411,115,1
a4e69c49-6356-4a1f-9914-80df85f7a02c,4,380,4
53d521c7-2d8b-454e-b8c7-2061b385c059,409,193,8
0de13786-4733-4b21-a35a-9b890df2694c,320,303,9
0fd32dc8-532f-436f-b226-e6890462def9,257,284,7
368cb4a0-5bb2-4f6b-9c09-f7544a6117e6,789,229,1
ae987455-e638-4b85-b593-5c38634efdb1,532,158,1
a2bcfbc2-bdb4-403a-8825-132a1ff19f03,188,175,7
d74faa70-0ac0-48e8-b417-e489c7338af0,549,477,1
d1de9d04-1f1b-466b-8c78-1a1253b49cfa,296,16,9
7f08ed07-d710-4666-b776-af67d0cb05c8,774,95,4
73b5df55-78eb-4440-a178-41eff672a802,96,486,9
247b3dd8-ce2d-490b-9a3d-8a23142a429a,725,340,8
fb6d676a-e884-44e4-9977-800850fe20cd,877,248,1
659758de-6f90-41c5-9ef9-f719f1c5b8be,679,21,1
303b8057-df7f-419e-a6a9-920d605a36cf,698,332,9
7ffe368d-4b2a-4392-b468-7e84c9929b00,901,154,3
9cde6078-8300-48e2-adeb-19aa58274087,424,15,7
02b54cb8-9cef-4450-baf7-ce8b69105138,204,183,7
abcfac94-a074-4822-9ed8-0efbcdfa51a7,28,378,7
4fe50a22-922c-46d1-8a33-07ca4bffd92a,986,69,4
4962c6b9-e16a-4f84-aa1d-f37d9023e036,228,83,3
93def4c9-fdb0-47a8-9e6b-162b105df0bb,792,463,1
88e26335-7d60-473c-84a2-a57f6ce44247,585,123,1
f23dfebf-f32b-432e-b43b-15d814bbb199,589,275,3
62d3f6ab-bebe-4690-82e6-c40c36036be8,199,140,8
ad281f8d-e5c3-44c8-a08e-4e6765ea86d8,118,244,3
dd3d5465-b7ba-43ad-b867-c71ab1b41e54,763,226,5
95b1a85f-2b47-4926-adc4-c240443f9054,218,207,5
98a93670-3d1a-4ecf-b62b-570a0e66f31b,370,321,1
403d652b-a5d0-4e83-8239-1dddaf20e5f5,827,87,1
213606e1-e31e-4610-93ae-b1cd8a9e3e58,13,104,7
9de8d603-009a-4783-b94b-2415ab811e10,743,242,8
4caa7e97-8442-43f1-97d8-d0cf8a38c14b,250,381,5
57895e15-9dcb-428c-8c71-d416a3f8820c,326,357,2
936dcfc1-b3ba-4a79-81da-7e5c07859502,945,206,3
2b75602e-1a56-4292-a0fe-16d0ebe6b5b8,766,317,4
523a61fd-902e-4db7-ab12-d95f0a163c3c,69,365,5
a68d1787-3749-4021-b8da-9eb460675390,618,222,5
b2364128-0152-44fb-af3a-ae3a4db73c32,799,61,8
0d6074ce-551e-4add-9ded-d5ac0e7684a1,439,451,4
7c2fc4a5-0e0a-468e-9fd6-ba7303a21770,827,284,8
0b4be1ae-72e1-41da-8357-6bcc4dc82cab,611,29,6
c0771526-38a5-4892-b19d-ea7c08e534dc,465,92,1
e2aad1c0-641b-4858-9613-7a82c53f7247,966,116,3
63b548e4-5938-4525-8f6e-3232de591243,633,202,2
8ff70595-e2a8-4004-8807-3bd0c752967b,514,246,5
71f91d55-7257-4977-99a4-9ee886efefca,502,321,4
e5e3f726-705c-4feb-a70e-575e0ba5299f,648,314,9
3d4d6c0d-5497-4484-bef8-cb2797a185d2,9,343,8
50e0d7cb-f32b-4006-9a39-237df6b5148b,489,492,8
b2f187bd-c762-4812-b64b-e200a7fee352,365,193,6
93f04441-d6c5-40d5-842a-901641bc76f3,26,272,4
fe57d537-9282-4b35-a8e1-73ee5eb14c58,271,23,9
8aef0b10-3f59-410d-9f71-6765ed32a153,120,76,6
874facb8-9e6b-4ab5-9bf8-2889253a0464,599,205,2
ca18eb4b-a90e-48de-b7cc-0d4c5675eebd,358,369,5
dfcf3c19-0fce-4f51-8328-552f5552265d,775,376,1
17212726-10e3-426f-903b-b4705c346236,551,404,9
a482e16c-7dc7-45bc-b4c6-db8b3d043b7e,220,337,1
feec9b31-e709-4178-a766-32c003a10812,930,106,9
d039fe9c-1d49-4ca1-82d4-5a8bb3f18428,509,322,6
cf33a5dd-c846-4df4-8c4c-9d923faa5d28,837,70,1
bf1972c9-94cc-4e06-8d74-15124ef6343f,83,416,2
48e9a1c9-978f-4b0f-9de5-47abd2f751d4,207,166,7
856b4d25-ee02-4829-8bf1-6d560ffc98c3,784,66,5
2b35632c-2c63-4546-a15d-11ea02064b9b,402,155,2
b7e92d34-cd51-45e1-ad45-0922d0a8dd5b,989,332,4
5f5633d3-3aa2-455e-b443-ac160d7719d3,245,379,3
01e74122-234c-46cc-add0-4bcee3106f87,147,491,9
89ce01ed-eb0b-4568-8c96-6b1677cec39e,658,73,1
4ec2ebd6-1123-4398-923e-be128edcb83c,347,352,3
7f5b5697-9f9b-49b9-b7c8-fb012d75c90a,524,362,8
cbcb7a7b-ffc1-4b2e-91d0-7973c5e72747,829,100,4
9dd2177d-b5a4-4be4-8ad8-120d59857840,608,140,4
98fb335e-c18e-4a47-abbe-c4e4bb85b86c,760,177,2
1fc6b11d-23fb-4237-a311-32e3a6bdf769,746,406,4
6ceb91e3-a1a4-420b-8e8f-34f0ebb97604,654,446,1
2b5e462d-27d6-42db-b654-5301c0406fb9,684,237,2
2686cd28-8501-4fa9-aaac-2b9f7988dbe4,907,51,2
9d81717e-9af0-4654-8693-60589aaebd65,601,205,5
142de734-bb95-4eba-88b4-25be89e3a112,422,483,4
b7a187cf-63e2-42e9-98fc-869b7ed0ec15,143,499,5
21025a37-9b7f-4725-9131-4a8f66d6334e,682,500,9
67fea410-fcfe-4254-9c7e-5da7ff36c064,542,319,8
9adb4ab2-90fe-4ca5-810e-45cd50a0e60a,480,489,7
2be7482f-d490-468e-a116-b66735478f48,254,46,2
56a188c4-fe7b-43bf-9e0d-c8c5a605f6e1,665,466,5
366cde61-dfac-4c42-857c-6b50d8c6e65f,573,474,7
e8f17b38-cc8e-4e50-9658-fd469149e113,949,165,6
5d81e962-8de6-4de6-9f97-d71a066c02c0,709,256,4
611ec316-a5c9-4246-b457-d40f418e75be,720,443,5
f2b19730-4c67-4fd7-8652-3b661a2ddec4,674,363,2
4618e749-920e-45a2-b0b0-a6b414658553,48,458,9
59d9e54f-89a9-4efc-bc35-c0b9af335936,327,463,4
fc27b097-3f96-4468-946c-c825f3d57412,995,104,1
c4600f94-a57c-4f80-bdf1-ba42a505b20a,745,203,7
5bf35ca1-9e0c-4e12-942e-1dd5f336932b,128,397,2
4074e456-f011-4151-896f-b394a7094e53,236,340,5
d29fd1ea-da38-4503-8480-83e0f18187d2,866,371,4
55b28aea-e8c2-4092-b84d-70c4c2771f3f,304,398,2
afcb4edc-f844-45eb-865e-949f727cd5b0,927,97,3
9bb45373-638b-410c-b262-9a70d431a021,978,165,1
601699fe-3587-4284-908f-183d587dc93e,633,181,5
e4868798-db6d-40b6-9bc9-d2389a2f4017,763,126,2
7a702c40-dd24-4028-bab3-16591fab4583,646,407,9
e94c7d1a-d3dc-4fd9-8143-734d11ca51eb,222,480,9
0e5f53df-6ad0-45bd-b2c1-943d9197f3a8,147,451,6
09fca6dd-3b68-4dc4-bc76-8dce7002779c,188,316,9
c655f29a-dda8-4f8a-b013-2202fcd4ce76,457,124,7
a6f6c447-0a54-4ba1-bf95-c39616d4fdea,247,151,5
1cc28c87-9ce7-426e-a58f-0218cd5bda22,921,234,4
183a2f2d-0312-48cd-beaa-701b0aa84b8c,261,381,7
d0b1ebe6-3f0d-498a-8bdd-9e3898639e53,914,266,1
0cb4894d-4c44-46e0-a85d-ba4cfa9c0b82,677,462,9
b9df7e90-50dc-4c9e-a8ff-d7f7bee46c28,561,487,3
dcdbc0d5-0752-4768-a93b-ae20d304998a,6,389,8
4e3ce12f-3621-486e-a3c2-dcb785517524,146,253,1
eb9e7297-c98a-46fd-b339-81301f79e56d,448,250,5
f806dee8-a0f6-4662-8074-6186d6149c12,526,197,5
50a4b5f8-6db8-4e30-be52-b7f1aa3fcdee,316,150,9
a38a12a7-4e33-4d6a-a9c3-f99bc3bcf2bc,916,44,1
3e475f1f-485e-4ece-93b2-56979c7a698e,281,146,3
9acf6c32-b031-40f0-a6aa-78554023af67,98,496,7
331bbb8f-def1-42c8-8605-98c36b85ac7c,980,497,7
0615f5e8-ace1-4efb-b9c9-d8fc73df258e,612,9,7
d7d96637-8ac8-46d3-b59c-a0a55dd7bb62,802,155,7
b70f4d1b-c6a4-4d70-b9fb-331f8007eece,594,415,8
105df221-9136-4d05-be60-84ad0dd81f68,839,63,3
6e4f4836-d3bf-404e-bc3d-943e6c1ca655,648,44,1
0cb2f5f4-691a-42b4-8918-c11ab12053fb,22,474,3
adca9977-b257-448d-b019-562f5e974578,485,255,6
3ad084cb-bff2-4335-89d8-a4ef871621dc,648,487,3
d03cdb05-8c07-41d1-8193-42a824615819,837,175,4
07d3eb0f-537c-4935-992b-00ea3cff6d7e,987,387,1
709ff651-e7df-43c4-8b7a-a6e68f9ecc00,523,361,3
09735660-872e-41dd-a617-36a7838123f5,872,481,8
d6520094-84fc-4bd0-8788-89e6b7edc7ef,295,300,7
b89bb76e-97fd-46d5-9858-794f126d7723,256,194,2
12934931-6304-4dd3-9132-87e2f89c24ee,338,433,4
930393f6-ff18-44ac-8055-99c7b8298d8c,40,144,3
9c49abc4-75b7-4d8a-a868-810239f8fe64,301,445,2
dafe24f8-d66f-4355-8ed3-854d89ee39d0,474,350,3
7aab2362-c07f-47dd-8540-534efa04a740,927,172,6
7224869a-b404-4591-804e-e1541bd8c701,583,188,9
94728b6b-e057-4cb5-9fea-a30a3f999d18,495,337,4
430bdb9b-bcdf-407e-b043-21c94913f270,784,352,1
69943146-ec7c-4a79-ac43-9e162329a7a1,494,130,6
5a48d8b6-3e2b-425b-adcb-db6bde0315b7,452,74,7
d07164fb-0a9f-47ac-a1e9-c28b95d501f2,338,370,3
32b63339-6a37-45f3-b0bc-9725171976dd,268,268,1
9cdd120a-90d4-4a4d-99bd-c1533a564d00,525,293,2
596c9b55-1b7a-444a-85e0-f1096dee236c,650,489,5
44c6ba76-60fb-45a0-9a19-55908f5a3a1a,238,468,7
2c8ef9d3-ccae-4778-b65f-c7a210f9829d,849,183,5
bf2d5d7f-53c9-445b-9c19-17c6a51f4c66,92,60,4
6451cd02-a888-4d9f-bb82-8b48e2403c98,151,324,5
d52ca2b5-ca67-4d2b-8425-42aba82fd6ae,836,156,5
9b69b206-4127-4ac6-994b-80945132bdf5,263,96,5
c065ba9c-2929-473c-b25f-301d622f50e7,390,37,6
664c7740-f5f7-473f-9116-a11ae2d0e68b,692,350,3
0a7a6962-60a5-45b4-b36c-ed7565d7dfe2,306,81,5
27ec5f1e-bddf-4593-bf0b-3898f8a002cc,572,424,7
3b82d4d2-f306-4d46-8e8f-089b59d711e1,660,366,3
12acbb73-08e3-4d9b-a54a-51f521c8bfb4,921,192,6
ff79d5fc-465a-4045-b5a6-f3aac4de79cf,248,59,5
3f51545a-7220-430f-8a2a-568c8c96ca4e,228,371,4
0bceeaf7-fece-4144-9f33-6ecf0979496c,493,77,9
863a7242-9513-4c8a-8c09-d757375f6cbe,50,498,1
302d8c22-d022-442d-914c-b651b62a5b4a,611,207,9
d1493170-d06d-4ece-a39c-afb6f7fe0aae,404,441,7
b5048b0f-396b-4b68-90d9-94eda7364b98,568,27,5
5eb5b337-edb7-48b1-a816-09d0ae6f0f36,788,48,2
80142f96-4343-4df1-8615-e1250a283190,364,171,5
f98e599a-1b28-4730-ac05-b9dfbb00eeec,928,78,7
bcc7be8b-1529-4a00-a91a-694217ff4e1a,996,53,9
4b813502-e337-4b06-9d13-fa40b23f3a62,867,212,1
bee7e6d5-e66e-430b-9059-f90864a0f823,147,104,6
d4f6156a-2cfa-44d2-8dd6-434e5a997102,652,242,5
6ef1066a-19a3-4852-9caa-dd1ff8111994,389,35,4
067c953f-704d-45cd-8881-2fc123180c92,917,326,2
c4845ff0-d7a3-441f-93c7-87eb151d3072,668,426,6
a995548a-65b4-4739-9199-2e0d22956e4c,183,107,9
0b5455fc-2fc8-4fce-b226-78d0a327d176,856,24,6
824561ee-a4c0-4ed4-a9d6-4fe1ace4531b,396,270,6
ed50d5a9-afba-4032-88f2-f2c81c813411,8,456,2
4a0a82a6-3709-4d96-84cf-619830ff1a1c,393,135,7
b8c30509-e61c-463b-9116-254437eb5d64,872,410,4
726f366d-8682-4069-810f-9ddaa87c50fe,266,120,3
6615ca79-d717-4819-a51d-4935f8142d4c,361,177,4
6c8e8b94-d151-4f6d-be33-6ff11a82a59c,987,6,7
d002b46f-528f-4ef7-886a-16cabc68bc5b,913,315,2
f069a9c9-96aa-47c8-b83d-833edccb1b6f,135,416,9
aeb031c7-c9fa-48f9-9384-ac5a84ea0f9c,898,112,2
330e83b4-1e19-4cd2-81ae-5fd77102a318,351,38,7
7bb328fb-1101-470f-af65-0ccf2d4e26b2,830,321,2
48136a31-4956-4b1a-9bc3-1ba910d72ce7,736,399,2
4ce9f2b2-191a-4870-a52f-d2e7a2dc8be9,153,374,2
63a803d9-b659-4c5c-92a5-14f09e8753e6,76,334,8
2af4e12f-081f-4adf-96df-247f81dc52f4,929,68,5
f87c8461-ef25-4c3c-baa0-c63c95cf2fbf,965,378,4
6fe7a047-9ece-493d-9f77-0acc867b976b,909,32,7
4eb367ae-3d71-40d5-88be-8f13ff3d9f6b,215,75,8
90a6afbf-4fa5-44c7-90e4-386c1732f1f2,920,189,3
24295ddc-1108-49ad-9643-21701941f146,907,268,3
4a5f2cfc-7211-4115-ad58-9f3d6f8ffafe,682,33,9
002b7390-77b6-4a02-add4-cc60ba9ea50d,275,208,6
0ab3a8cb-4142-4c30-b052-34b98a69d36e,524,425,1
514f8295-b1aa-4e99-bdc0-1b0fac183a2e,619,9,5
92ca82f0-95d0-412d-a339-0df74c7043fe,772,93,8
cf47db6c-a804-4a66-bd91-55d50d8d31ef,569,193,2
e3feb26b-82a6-437f-94ce-e8e6975d6d47,87,3,2
76d41097-e556-46c2-b59c-71897708d98f,35,150,6
21d0da24-b4a3-4e88-9103-3af386128a05,973,113,5
5c9d6fc2-5cca-48f1-befd-d4f374968588,1000,435,1
eb04e48f-e37c-468a-9fbc-9ad56ccd09dc,669,116,2
e1f56c5c-6b39-4f5a-bb76-054169dbc12c,846,312,3
347d2e65-6b9d-42ea-afe2-d6e32a60e479,390,269,2
7467cc90-300a-44cb-ba7c-b15c28da697c,488,338,1
bd6e7c10-5dec-4e0a-a8c6-18e1b28ca541,830,317,6
29035367-9d4e-486b-b382-000b42095caf,579,158,3
e10c0280-a0cd-4999-b56c-09711aac133c,9,167,1
5b984ac4-55d4-4334-b6dd-1abeb151e0a2,833,45,8
41b657ae-b479-43c6-adcd-99c141df97c2,567,77,7
98e55fe8-8880-46c5-b7de-5d471f26bc7a,465,293,4
1ce90f5f-727e-4f9c-bf63-56e9cfdaf28c,12,491,9
7b292044-94a3-436e-8bfc-0fa51c8b3d68,283,324,5
7033409a-3e50-4d1f-8429-824e30471014,467,153,2
5c8f0b6f-876b-4a3e-a83c-855991d5e735,712,263,2
89f989f3-681f-4e11-8ad8-a200e93c9275,230,478,9
aa0fed1b-51be-44fb-a91b-97fedec2ed5f,558,118,5
1e6ea501-3e1d-4c63-8252-34af53b035da,631,178,1
e30642c6-457c-4293-bb94-9d9fc506ffeb,884,156,5
ed816bf7-d459-47fd-8652-6d0e218cbb21,698,113,8
60dc4891-2b9d-41d6-a9f6-a0857525f6ba,991,405,9
40032d78-1b9a-4022-92ca-7c2ef9bcf4c8,617,213,2
8f609f6a-b5b1-4079-9927-3368e67258fc,22,303,9
af64b9ca-19f9-4603-a97c-450568971aee,445,121,1
465e9c0d-2bf2-4069-b481-7963b9896b86,851,24,3
36288857-36bd-47e8-9df2-e298ea0f0d37,531,73,9
593c907d-e904-429f-b2e8-520e5cadb17f,280,122,5
a7f2e6b7-4717-4ce4-94d1-6ff18ee8edbc,348,295,9
d4f22d11-8ee8-45d0-9b0f-80c976ba02ff,799,191,7
3594567d-34e2-4cf9-a32c-014c25640a38,103,11,8
fa87fcf5-3701-416e-884d-88f42fc2a162,43,321,2
5906f654-cacf-4327-8422-e3bfca06bd81,645,486,1
f4997ddb-fd70-4465-9e5b-973878322485,43,213,7
a211e752-4e76-478f-9878-4d3b0f87fbd3,652,202,1
162b2edc-3eb4-4e34-976c-e1c297603f1a,638,428,7
f61069f4-3431-4fb5-927f-b98be41ec19e,514,344,7
19e01f04-0de0-404e-bb1c-69a82adc0204,5,168,6
5129a2b3-3a3c-4db3-9fa6-1552a7410c55,324,269,9
a0febce8-856f-4361-a532-3516caec117a,949,260,8
c3a3bb8a-2a43-44b5-8eaa-8b4fd248a1d1,34,59,5
5401d426-ba55-4392-8e88-59ab1862e599,103,1,1
7dbad786-ab99-4d52-ae42-d43bf90e5ace,405,251,5
f8944c00-e9ab-4d41-bc60-f0818ff7447a,452,376,5
c8407495-06c6-4e42-a34c-77ea17ce953e,676,16,9
9d9b5a25-d403-4c0b-96df-83ca6a101259,998,213,6
e6fa7b62-e737-4152-8e14-f19e491fae9c,602,142,3
5c1f98e1-8362-40d1-8188-f7e5b652fb27,520,52,1
ad8d93c5-7628-4ec0-9931-011eb4d38154,809,26,9
aaf01521-fb96-4db9-9b45-645464414164,356,170,5
ddf49774-e6ea-4a8a-853b-026a3e53f506,196,230,4
285cbb15-5a5d-4c9d-a86e-adebea1e9518,640,426,3
a242d32e-f1e7-47fd-ae37-1dd5bf94de2d,983,230,4
db84b803-38bb-48a5-a964-cd9616565639,771,36,7
83d11460-a904-400d-8a46-32c4f4fd3c5e,500,392,1
06fa9ef8-010c-4099-b42c-ade66781e552,855,168,6
0d08769e-a4de-4d50-9a65-c480b7223fc5,666,332,4
b90ebff7-c2d2-4a46-aa0c-d81bc2123c18,530,326,7
79dd2445-a89e-44af-9087-f55e91cd0795,282,451,2
f88eef52-0094-4e6a-844a-adbe206757a9,493,154,6
9941fa46-78e5-459d-a65e-48972421464a,474,427,6
ed9dda2a-4735-41f4-897a-5629ef387e96,552,106,4
db448148-f266-48db-a58f-4112ce002da6,278,318,1
33b3bbe7-4c30-4c25-b35a-abc1e9a15ad1,275,415,7
616cd7a8-d41b-4c52-83b3-8e70e42faebd,135,491,8
f0441a59-82a9-4aa5-92f8-5542acb58611,550,248,9
0dd34f85-619a-4edf-9fd6-1a8debc12a8d,245,359,6
f0b165ef-db67-4b55-8f43-3df5d1175dd9,194,193,9
1e9396dc-8713-418b-ad28-3bcc55686485,684,330,2
df9175e4-197f-487e-adae-8f3eeeb6eec1,119,113,8
69597f17-3a2f-4731-aee6-cc5ca234bd50,816,80,2
ce4b99f6-2f32-4864-a7aa-a15aab2c51bf,849,437,5
9828aaef-e2fe-46ce-a92a-db4ce9d12660,992,170,5
ce33f2e8-1858-429d-a638-0830f0a5e742,93,14,6
440b5283-c03f-4ea0-851c-146a72fbf2a7,936,66,5
2cfd7246-a87b-4b9c-b0c8-7a55ec9706f2,932,138,8
ced93908-ac2c-4f2b-94bf-d3249e215366,733,431,1
94fa10ba-e5b4-4f25-9450-ffd92b657d5a,525,434,8
14cf76b7-1ad9-4b0f-8c9a-ce81f30ddff1,649,451,9
4a8ef549-2f25-409d-9720-32781dafe15d,261,15,5
f09f88fa-ceb8-4a2f-bd75-4cf79bde88d6,997,392,4
b6bf16ea-4358-4f0b-ad02-bfe4c0fb462b,717,470,8
2ceb9a22-a6d9-4153-8ae1-eaed4630e9ce,52,483,2
6ffb15c4-009c-48d3-a368-5bd58767aead,441,237,3
1e0f26c3-d4aa-45e6-8354-be6c20175205,216,167,3
1866dfba-8129-4bdd-bdc7-b3e2d44c62d5,437,80,5
098c2e5a-9fc1-4ccf-909a-f010301f1366,273,52,3
f7a2b841-d658-4c83-8016-2b9f3b690ff2,332,309,7
b736d5e9-ab8f-4330-b6e3-814822fd0126,212,58,9
cd5e3ea2-a9a7-4935-9b3b-a02f4c777fca,604,370,3
28143125-787b-4526-875d-bf45a4b6bb41,264,224,5
f9fa9cf8-1b27-4f04-a7af-452e30dae923,276,61,7
b3abca9a-014f-41f0-a966-5da198eca06a,675,456,9
b374ebbc-6c71-44de-8735-9a9171b556b9,854,385,3
b091c660-3876-4eba-a234-1dcc808fd339,117,23,6
821a2eda-7916-40af-8d6e-d2d47cc1c3e6,837,421,8
ffd5371a-ff89-465d-a82c-19d27590546e,210,326,7
23e75977-7ee7-49dd-918f-d79e56f66df1,9,87,7
5e4658e6-4711-4e7f-8f82-2b1cac33c242,345,62,9
88c54e73-20aa-4408-a7de-2450ab813e67,856,354,9
688e78c6-0fd5-4416-ad13-46a45a945c2c,88,463,7
7b0a98d9-1793-43c1-b69d-12bb730e9cee,262,148,8
35e84335-5705-454d-a022-a06cf15f8970,701,148,7
130c7910-e56b-493d-9bcf-705860aafa68,206,304,3
6ebde7e4-7d11-4c5d-b37f-5a25e11a08c2,480,52,9
fca9b589-9490-4d38-944a-963684e9ef3b,324,500,2
431daebb-f0f7-4717-a874-7dd607a5800f,266,304,8
029c9dab-3801-4909-a697-d1ac257daa1f,475,374,6
943f7695-002c-4f99-a1d7-ef2296bbc29a,600,393,4
08713e4b-afb8-425c-aa83-953f12ccc9a0,832,215,4
a473ab79-6207-47da-acdb-2a0cc72a38f9,946,144,1
888b58fc-ca4b-470a-91e3-ec8783471851,131,37,7
6050a47b-585e-47d1-900e-9857fb8d2313,749,328,8
a816ffd0-185e-470c-9b70-60287ab6370e,515,196,7
a6216240-cf69-4b8d-8c67-2e1133e67eef,805,284,3
1dc13e2b-3897-4996-9f00-a5ba4a42e559,593,348,4
73f7b2c6-aa8e-4a16-adc0-19efc710971b,737,271,6
41c9b9e8-f9bd-46ee-a9bb-19a0b1f52d7d,4,47,7
22ab5977-394c-461a-bb87-60cea3418cc3,495,452,1
69b1ec2a-6a76-4f15-9d61-1dade0c2d6c8,374,353,2
ac5d0e96-8b41-459a-b573-d84dc1175c76,530,124,5
20fe390f-8d0d-4137-8ec1-8111ae290b0d,3,129,6
3162fb70-7ae3-47ff-a3a7-f2fb11ca6a24,934,158,1
7de0df22-6515-4c43-8920-e3f304d70f8f,296,51,2
43e0163c-d364-4336-b368-a68c72d64fc5,804,353,9
b5fef0d8-e428-4467-a62c-e655cd5cf3d6,510,394,8
dc51eb0d-49d7-48d3-8eb9-f9f0ad92b198,333,87,4
4a4f3da0-018c-4ddb-bce8-9516fd399a7c,772,134,7
a876e916-ea1d-4910-a035-58a0d0402159,27,179,4
161c672f-e1a2-433a-8e6a-920acffd6dbc,164,466,5
752746bf-dbf6-4ef3-8e59-f935b70dbe27,331,430,9
c9f0b52e-ab89-42d9-85ea-bae88395e586,374,245,9
40673f41-3438-421e-8fad-9cb3d4595d05,345,301,4
6a42e286-2451-4278-92c9-3797829bf369,841,362,7
7c31e910-7557-4e04-b57c-38b6b38ee590,709,68,9
7a9a14fc-7ac8-42e8-8a69-f793c619a7e9,350,382,2
e94428ec-b1a0-4851-a40b-bfb874b2a289,342,427,2
c5194bab-4d68-4d3d-a508-4a7292945d19,852,281,6
b4a511db-ef2c-47c2-b316-37d19e8932ea,834,428,3
ee13fe08-d0f1-4b97-aef2-1950efdda2eb,721,279,6
1ae040f2-8baa-4921-8a3b-20eddf6b9989,656,371,5
3da99142-6e4b-45c0-83dc-cb8c9f615172,5,64,6
9dceda58-261f-4743-84f1-87f31717e112,376,270,5
4ece9b5e-727c-4132-bbc5-9e30c18f5c9d,717,133,5
926ff8fd-75be-4c1c-828f-1be84ed6ae29,308,468,4
a8106a0b-e5bb-4653-a8a8-0e298bcf455a,206,494,6
84aee016-7e26-482d-bd90-cf3da87caaed,785,408,1
dd847ae6-e6da-4348-81fc-462d064ec4f2,119,38,7
fa93ec9b-e5d2-4c96-a28e-8879c703ad9f,876,185,8
78aa624b-ee1c-46c0-92d2-7b39c6bcfc73,932,300,9
3c18d61a-f21b-470f-b21b-cff6ae508639,35,112,2
5d61dc50-ff36-45c6-916b-a76664e1651b,609,220,3
44fd8575-c086-4980-ac27-6844e71e418b,93,180,6
8e3fa8d0-3537-418a-bb41-4bb8b5e0e968,155,99,7
774fbe53-d75f-41f7-835e-df3c197f34e2,971,56,3
5804b8c0-76ce-42cb-a2b1-b57e00fdaee4,785,445,4
177bfd1f-8e94-4401-8d21-0e27fe11e074,156,467,1
bcbca9ff-c497-41ed-b83b-b88f0e48dae0,32,19,4
a0058d6c-a66a-4e0a-80b1-463ab2141451,288,278,8
31bc51e1-e23a-45c5-9868-1dc0b82aaf57,324,103,2
dac0f7ea-1bb9-4fc0-862e-de3c7ebc82d7,364,388,3
cc6e593c-4f9b-4304-94b8-93001ba3a35c,289,205,4
5c654a1b-4f00-4550-adb6-c01c46cebf9e,811,345,5
a66db957-1428-4eca-b078-8b7863aa0bfc,415,416,4
31666ddb-d24b-443d-bfc2-ed36a3f1ee89,583,322,5
47758d83-f200-43f4-ae84-33db2dc8f424,256,112,6
6aac5319-9ac8-424a-8af2-f5c04790249c,316,83,7
03e37e18-3fdb-4757-a3a6-d3fb74b91854,111,322,6
670cda0e-f34d-4654-a256-f95e97a4403e,51,198,3
4a93d0d9-9363-450e-9691-116ee4d3d10f,400,129,4
5434ca3c-ca4b-4c03-b457-316433943904,729,380,4
2dc2645b-4fac-445c-965a-c9d59a837f38,93,497,1
596f4ac2-2024-4f00-929d-152fc43e997c,118,19,3
cba2207e-e7e6-48e5-b597-e7348190d7db,722,73,7
1b0581a9-cac2-4278-a851-d25956777c96,62,214,6
4e11b5c5-9461-4690-90fb-62900eafa9b8,678,137,2
9ee7bffb-0a4f-47db-99bf-7f1f05c832cb,744,185,1
8dac203a-d476-40f8-b55a-9f9558a18cf8,540,3,5
28e6d85c-3b6a-47b5-b89a-e4e60114a6da,520,498,9
4c8b0d46-272b-4ed6-8de6-e257620e5572,692,207,5
7dffba76-472e-4d47-a364-81d95f876e6d,105,463,7
9d822866-7054-44d1-aea6-81a6ed2b7c08,578,241,6
6b7509f1-d21f-4117-ae2e-d183d5845082,210,357,8
2592dabb-3f4b-438a-83ed-bae61bb241fd,832,378,2
e9100b58-e747-4e71-9469-7c8facee483b,800,279,4
0d4dece5-1515-4ff4-b7f4-b6fe780dadc9,635,465,5
5b07b45a-4ab2-4f63-9032-5b9c0fec34ab,412,434,1
1ca2b59d-3a1e-4f42-a8f1-b86ca332aa0d,715,420,5
aaf1509b-9476-44ee-98c5-f256ada094cc,208,224,7
a97b1a6a-966c-4132-9a4c-05bf50807932,137,326,5
979a4e28-5660-4ca9-881d-30304487715b,764,105,4
1400e2e1-fd8f-496c-a0d2-b070a862c264,751,129,7
ada651ec-2b6e-454b-832b-ff70ceab9616,458,205,7
8141e1bb-74b6-4c88-bdfc-a600a2baaa96,302,408,6
c56d5d81-3ac2-4f07-9c32-6c04825cedfb,562,258,3
bd4d6798-57d3-428e-910f-31a0db16dc8a,234,264,5
99b914c4-3dd4-4d14-9856-5ae84c924192,995,468,3
cce07f61-639f-4fd0-a79b-d935cf0b4338,461,311,7
b3f443a7-0860-4597-8e0c-c098abc9c455,11,268,8
e65d4521-d0eb-4872-bf0a-cd077bdec275,775,33,4
3e15c4fa-2fac-48f5-a639-d7996c795ef6,855,429,8
d8b30637-27cc-4146-aced-403f20bff687,557,401,3
aaebb08e-d055-4a27-93d0-8193867ff9c5,213,136,6
f19e97f5-ae6e-4510-9eec-28333532020f,701,276,9
3f0389b5-41a6-4f09-b7f5-34e2c736e79b,23,385,5
f738a17a-0ec1-4514-a5a9-ba47c9449ae2,410,422,3
108562fb-77ec-4da0-a5a5-b2ce9837c5fb,683,288,3
f007f853-9c2a-463d-a90e-1b9f554c6433,248,51,2
af14df3f-b1c7-4bab-9185-80f4b33ec386,64,339,2
c9534fcb-1fb7-4601-a8b8-8bcef71e54ef,628,477,8
36bf776f-10a5-4142-99bd-f713f73e1862,700,21,1
3ab1e133-5187-4856-a74e-b5cbf7399604,315,478,4
9641a97d-0c79-437d-8edc-0dd6db6a529c,519,242,4
26361d07-6b71-48e6-b02f-3809a4c8de5e,863,111,9
bb6ac234-a759-47f8-a73f-8b2a5f36af4d,734,459,8
f15adff4-aa31-479f-a6a4-6bc4a4d30f8b,901,227,4
734c247f-e8db-4d0f-a821-c7d055b052a7,694,308,7
245c7819-d609-4776-ae03-61292ae41ab4,43,98,9
b3b92598-3f89-4001-bf64-100ae8aaef63,746,431,3
9cace8c0-4fe5-4121-a02e-d39511923894,37,341,7
a8901cd1-885f-4aec-921d-d56666c9ffce,657,402,7
c410bc5f-ef85-48ca-8422-d4b11558a598,343,59,2
b8a7c83f-9b68-4b75-9fd4-a95b66c73216,617,326,6
47072b17-d0a5-4225-b864-98143801f7ab,76,345,2
0f944703-ca0a-4845-a6aa-1c9091ca59de,182,62,3
fe3c95f9-908f-4bf8-bf69-aba2d2984007,216,49,5
0512f107-37da-4b2d-9098-b595eea30c75,213,192,1
24b8dd48-ea57-4fcf-bb1c-8c4734f82b4d,6,441,2
7639590e-3eb2-482e-bae3-6292b64cae96,521,51,4
92204f23-8b24-4246-a6e3-508c6f9bdfd9,812,195,8
5af4c335-65e9-4385-ae88-1a7d0ccff31b,342,283,2
7cc4c392-ed55-4a31-a39a-71945608a8ec,151,458,7
e7011d18-a539-4b42-911b-7b6875db5d3a,702,422,7
156388ce-d288-4c30-989f-f1e7aec556ff,173,141,4
5957efdf-add9-4a27-87b7-e857f009e156,259,285,1
51acbfe1-21a4-4189-bbc2-d7e963554997,904,130,3
7aeb8229-40ba-4734-bf5c-00d575d8a9e4,814,427,2
c3812d14-9e0c-4497-9abd-55f1b5d71715,587,480,6
dbc603b4-dfb9-458b-b23b-925ca919292f,741,7,8
5a1caeb1-d784-4e94-956d-269aed424f55,593,259,4
680f67ce-d809-4dd6-b004-d2b5833babe8,715,165,8
8c6478a2-9eb8-4b3e-9531-36e5a47bffbe,886,431,9
d126e378-a233-4118-b23d-2e5fe7e5c057,366,371,5
fb12c564-fba5-4f53-8bf5-9f06fdbd5727,624,349,6
6f317be3-6e3c-436b-b94b-9f2a09d2afaa,19,5,5
b1162830-1582-4aed-b219-e543a92f8ab4,424,143,6
d2175c68-e090-4bc3-8101-b57b8c65baa8,960,386,4
2a242ef4-02cf-4449-a392-e03b0a874d93,554,377,6
fa0c1a3e-2fea-417b-bf45-068e7e3c5b73,2,208,1
9aa3986e-4dbc-42b9-9efd-0e208a3ed71a,978,4,9
355765a2-0437-40d3-b032-f952bff5a9b2,734,125,5
24b42bbd-ff90-4bce-9ded-002951ad36b1,49,234,9
ce524f23-50df-4a2f-b6a9-c616b2f972ca,620,474,3
1b59f8dd-9727-4970-aaf7-72e1208f6873,6,283,5
63b0c28a-d62e-4c03-ba1e-e9b8bffffdff,951,104,9
8c818121-73f8-48e5-a3f2-47a717eddb28,798,63,1
0069931e-1e10-443e-b7fc-01777570b107,578,37,1
198891ee-2bcb-4d44-bbef-91127b90a4a4,581,3,4
304479f5-3d99-42a9-b990-ab2dd28b24e7,310,470,5
8b283e8c-a7fa-4480-b7bc-e40eca41027b,622,303,1
56188eb1-6ccb-4ec4-8405-0f282df9400d,580,160,3
9a370e3a-3561-4425-83ae-33fab4873c37,34,387,3
141c9aec-2344-492a-bffc-9eb2f6605cef,110,94,4
e3cdbe08-d78e-4b87-9124-3b1bb2bce37b,626,128,1
e369463f-9e61-4cc7-bc4c-4d08d3213559,538,224,4
38c24bbc-2b7d-47c5-b46d-1b869187f5b9,731,11,9
21cda936-fcde-4118-8acc-8a0ebfa16765,47,34,1
07383f1e-3bfc-474f-a641-0313e6306d05,934,65,2
6b6f56a0-b315-400b-a324-4bb85d552a0e,655,303,4
b2f4de18-9a0d-470b-9348-2a7004e02d92,485,389,2
5c983cc9-e7ac-48c4-97ef-fac79753799e,382,443,4
8df494ca-33f4-4c37-82df-978d6cd6c7de,114,490,2
890242df-4653-483d-9142-bdad32e0a10e,346,468,2
ab2b524e-1b3c-4db7-86da-d3d5a1a68a3c,756,263,1
c863406b-d3d5-4da5-a898-b419f07960a9,522,151,8
381b2e6d-ae08-43c1-8773-434d83e07298,777,62,1
c33ca870-a484-4a0b-a914-b0c8c2d50d51,923,259,1
d644550b-a5d5-437f-bd8a-3b2d6fcc82c2,725,386,2
203ffd20-6bec-4369-8a0d-6fbb7a11829b,864,217,4
a55fef6f-065d-4ee5-ae56-d634bc5a07c3,725,312,1
ffb3b880-b297-47d0-b9e0-a81c289bcf51,617,330,3
48845e29-ca5f-4e4d-818a-dd5edfb478a8,258,188,3
0e1bad23-111b-4ae4-9eb5-881f9a3ee841,278,106,2
8d3c31c6-88f2-49d1-a9ff-fa2c56298b7d,323,293,3
b221c59d-dee7-469c-a26b-1120d2b05957,64,359,8
bbc2fb90-2da7-4e5f-b680-5b57bb6ee283,375,388,2
2076950c-a970-41d2-829c-68c50c9d8fdf,882,118,1
107ab930-34f2-472f-8327-9fe6bbf59cf6,959,119,8
1569c4fb-e705-4517-8d49-a039e59e4d44,110,119,7
62241b41-07d4-4914-ac76-ea92c0aab993,879,386,5
fc2da3d8-c5a9-421e-9fbb-c709b5ed0e8f,829,236,1
c9eb62da-f0f3-4dcb-9947-d42adf6f2e19,156,136,2
24723371-a77d-431a-9c4a-479866cdb029,812,136,4
5a40ad91-d8c4-42f4-a371-4c548f16520f,432,229,4
b8985836-7dc1-4892-9a45-269038b42a49,475,140,8
6f06167f-d809-48df-b6f4-e58db0a3ee79,722,64,9
3eb35881-bb29-4caf-b8cd-5d34ec9fa527,860,397,6
88769ac7-78a4-4b83-8fda-bf2886c852c7,759,248,3
bf3230ca-ff60-48ad-98f2-3db823e38ce0,392,387,6
475246e6-e926-4424-8e2d-ebcbddc96a86,84,215,2
2c839992-c19a-4752-bc65-b8485f90fba5,745,340,3
2f1cdbe8-4895-40fb-a92b-ff3269e444cf,863,344,9
c957eeaa-6c5b-48a4-9298-f4ad81f4e674,249,79,5
bcb6128c-2df1-4bd8-a109-42d4943f78be,497,160,1
ebeb0adc-be40-4300-81cc-0ce17435c25c,509,179,1
5e4c746a-0b20-4af1-82e3-0f3a72c82174,134,422,8
264fedcc-8d05-4552-94fe-21fd758c62ac,632,498,7
181f767e-80ab-4bae-8c80-83a8b9056927,161,131,8
e27bb68c-993a-4dff-8b69-782e6d36779a,450,443,2
9d3854ac-25f5-49a0-a0a2-d4726cf755f3,716,99,3
4921eed4-a8d3-4280-aac2-1f0252b56c1e,125,50,1
4dc021bb-f0b7-4392-b65f-3e0f5dae2383,420,47,6
bcecc7e2-8079-4dbe-be13-84f562a17523,592,61,2
065a46bf-405b-48ff-bab3-8b9aaa1014f6,226,348,3
2aee0bca-1741-47b5-a9bd-78e8d1ce2a62,523,486,2
166f4ede-c108-4a49-a79b-1f2f0e78580b,135,170,3
cca3d1ba-00f7-4f7e-9379-7bc7ac9318ce,121,486,8
2119d4ff-5fd6-4d2f-a074-a4e6701f8c41,15,332,6
fdb9785a-7790-421c-bbb4-e7e328c296df,291,141,9
9db8871f-5a46-47bc-b3a4-156c7b2ff92c,288,411,7
52ec0ce3-ba83-48c6-abc5-0f353f2ebfa5,371,381,1
c2e6eb76-5673-4213-9be5-f71e75c35692,813,345,4
555a61a0-1a73-419b-88c0-dd75d8f25633,849,341,2
0ecb3853-472a-4bff-b236-e9ac367c18fc,727,168,1
d0452cd9-9c67-48d2-b506-8ef3402fe825,750,318,9
d80d23ab-cab7-41b9-a6c7-e04ee8005375,988,186,7
333bdd96-598b-41f4-904f-a427fbfebe73,893,246,7
2f377763-83fe-4449-9052-ca6af9700db4,294,311,5
db53a17b-ab4f-45d9-86cb-72053e88f8ae,68,343,5
e5bd0b18-1872-4d15-b007-23699929539f,742,479,9
b8b3dd73-5f38-4216-8d10-d96620e8b2cb,894,321,7
7e499d43-8e4c-4887-83a7-713690a6a45b,622,329,6
83443cc0-7fca-41e0-b664-c74da89708ed,270,300,6
8bebf7b2-c28d-40f1-9d00-88c03a8af3df,973,168,3
5dcc6b2e-588f-422b-84b3-ef06edb15ca3,485,288,7
a224bc61-822f-4134-bfeb-e7965bd87003,922,361,2
e4f99de7-dbec-48a7-aefe-c0dc8d3664b2,18,183,9
7044b39c-b438-4b4b-9ead-eee9339370b5,830,233,8
2bc5895b-2e3a-47fe-b7bf-b26e7cb38586,143,29,1
3e16fbcf-231d-4e25-b032-564c7f4bc7a4,959,260,7
f938ed89-545b-46c7-ad85-5f26b3aa99ca,255,125,4
2be6f4fb-3845-48a1-91ea-b8c345e2a32e,35,36,1
9d1987f1-ca6f-4f03-aa0e-d095e688831e,823,478,5
959ed61e-db69-4ca8-bd8a-19819324c5f0,18,141,7
70c12858-96a0-4a4a-a858-f4032c36b807,985,494,2
a299afe5-53cc-46cc-b76c-b10661bb1996,113,113,1
bbd7f731-6ccc-4257-a996-e3d765baadbb,867,453,4
f105897d-e91d-4ce8-815f-ff3a9414a4b0,92,284,3
0fac0662-d1bb-4c46-bb68-d6b0e545e673,671,152,8
d7b071a6-2f85-476e-84c2-c170dc3552c7,120,458,7
633200a7-3fc0-402a-ba36-cf91931ddd6d,712,410,2
65196dfa-3842-407f-9399-64ef88a7ecff,140,482,2
3dc28361-50db-459f-83c4-266588b3c2d6,930,270,4
edde46f1-55e1-4f7d-85db-244283b50015,901,209,9
59b412d7-6698-4e16-9922-73447b4de8b4,746,340,1
51a864c9-5ecf-44b7-8bc8-1beebce35208,957,449,4
35e8ba9a-81a1-47b0-aafa-4bf8188bdef7,839,462,6
777734e2-4aca-40eb-af9e-aed0cf196382,175,60,2
51189510-1397-4a7d-a0b4-b1279034ae92,205,256,3
ca4dd5d9-0e30-4e58-a509-d29e2cf9599c,317,79,8
8613abc5-b135-4f78-90fb-32841dd231f8,519,444,9
0e784d5b-bdea-4c34-a8d2-8f753a2fd653,45,163,7
e7c4e1fd-f9bc-4f57-b5e9-78911b192f2e,799,123,3
f59b734b-819c-464b-b8a0-dc6a190a9d28,937,180,6
c12d66fd-5c46-4c5f-ad74-4b28c90601de,527,225,2
0e3a13f2-4c4d-4ffb-b9dd-497115c05ea9,136,412,1
a6cff202-9aab-42cb-9737-55cc8ee325f5,92,259,1
3d06c962-ce81-4274-aba5-9b242c554a3d,272,450,5
a35c6653-2464-4c2f-bb8a-4696573e4c91,285,324,7
0235f265-a41d-4386-b07b-a203f1d7405e,238,247,6
87502628-636c-4d2b-b76c-1028c4bd04ee,728,264,5
43a2333f-91cb-4803-9587-e0d01e8865f7,609,106,2
68bd3143-20d2-4479-84aa-4a7a5c3771b0,218,298,9
75d933f2-62bb-4bf4-abbe-8c1814cd10e4,754,361,9
fd8ca4b6-8f04-4f6c-b20f-666512dbb06d,316,337,9
dfd7446b-a609-4c85-8838-1d1db5690a3a,340,472,2
1af1338b-7459-4840-8ded-62ff73976eb3,368,450,6
9671c634-4d8e-427a-90bb-753a63a9dab1,575,451,7
befadd96-0cb9-4149-ae07-53b79cbc47e4,571,476,2
8aae2af7-32c1-4ac2-acc2-d2de05000ad3,782,428,4
5988519d-891f-4057-aa8f-bafc3c7c4d17,624,157,7
afff9069-74e2-43d9-899f-06a3b8afacaa,741,343,7
4189ab64-a2f6-43cf-8cb7-4cf597d06b6d,4,260,9
812892d4-26f6-4543-ae26-2d1f1ff37336,407,23,1
0f1a799e-f9a0-4444-9ba4-54f5a715fe59,346,299,6
3ac44826-d8f9-451d-b06d-d592b683d3db,218,451,5
2309a21e-426b-42d6-b0f1-e7355f07d752,548,27,9
f098776e-aca2-49e3-a32f-2ee9482a7298,453,7,6
ab1a4c7c-f525-4796-ba93-26ce61fc7f06,528,85,8
7328c043-2bc4-46c8-828c-ecb04ab59782,204,364,1
5be76b49-3a2d-43d1-9342-9295d8415909,577,140,9
b2c3b712-2fa9-439a-8597-c4ece192d8d8,215,147,1
a2af4d06-3ba8-4823-ac28-00f73500c3f8,248,45,6
4f1d7e1c-d82a-49ae-87d5-a07ee3027c89,466,470,2
315a1a4f-e987-4951-8383-dec2dbd57e7e,546,29,5
455a05b9-0e16-4ec4-8c23-55676c362e13,472,322,2
c304e25a-d092-4a4e-8dcd-1213a2cd079d,198,384,9
2ddebcc3-4731-4c6c-9467-08a5a9f9b5d7,14,217,6
6d46f321-de13-4f44-9f30-ebc869558074,503,398,2
53faafa6-b210-43c9-8682-c5f0d58a1217,880,429,6
d765cbe9-2c3f-4dcf-9ad7-e89e3d4edc9a,787,133,1
a06f3462-2cda-420e-9c5a-0792dd1c7a86,591,102,9
074d8eb7-33bf-4198-8dbb-80c245db1a7b,632,217,9
3cb828d9-570c-4545-8f9a-97d0cb0f9747,546,340,3
3ae8f3b7-89c4-4fc5-95d6-16abda614515,571,229,2
ed05b2b0-8bee-43ce-a722-59d24ccdcc64,94,10,5
a0d8c48b-fd3e-4891-9ab5-bac5906b0baa,403,13,1
3b95dd6c-2df5-4e9d-8ab5-749880bde295,858,387,5
2398a50a-459c-4209-9a80-f6e29b34e953,629,443,6
9b70f760-4e70-417f-ab41-bd569a119332,576,251,7
6b8757ec-7a87-400c-af62-434ebfab8684,755,336,6
b5198a72-08e9-4b51-9a4b-47d9cbd242f2,665,147,2
2e743423-b7a6-4d4a-8b93-f94e99cd1893,489,293,1
81668dd1-6b49-464d-8b37-1cd1f2ddb552,349,465,8
ba9051a0-528b-418f-b18f-7df658b74492,230,109,4
abfd1bc0-ca2b-4e44-8c57-0e352711c87f,820,389,3
0be66221-825f-4007-a750-00fabef3c908,367,59,1
076a878d-33e4-4304-a669-d4cbbf106df3,539,442,1
a6fd5c60-5bec-460a-bb91-ceb68b923ba2,167,86,8
3c93b2c5-e78b-4fb3-8adc-81a249e38d11,842,450,2
6fe71c6a-f9c9-4de2-8d44-9d093b3c8bdd,440,72,4
9c8e2ff6-737c-4369-855a-27ffe3ec668c,688,453,7
358c49b7-22fe-4849-8aeb-d032638a1a39,920,303,7
7f47c718-dac8-42d3-b861-7a1d882b0dc3,233,314,2
e5cb467c-0322-4f1c-81d1-d9ee75249f97,606,320,4
4ee2ce4c-38d9-49e0-a81b-3ca94d26f1a5,353,137,6
c765f8ce-73e7-4ae8-8359-b0fbeb7046e2,290,377,3
a355fb2c-f4ef-4f3d-ac52-e295fc31d282,379,443,1
5fcf429e-ba92-43d5-b533-7997cc7c13ed,539,431,7
aabf4151-cded-46e8-acac-87d7c72d8120,293,224,6
5ffc1609-a8f1-41f1-997e-becf0cb09261,786,426,5
00d49bc3-e014-4de8-a9f1-70912e2ee917,860,102,9
0ef45a3f-d88a-4baa-807d-169c2e2c35b6,794,140,9
6313dad9-9831-46ee-963a-271fbbf76175,799,163,4
42644e4b-8398-4a36-ba04-043472b472ae,487,227,1
5d69d85a-26c1-42f1-bb7d-15e06e562a84,218,373,3
a0b9f9cc-df0e-4bee-b1be-9def9c8c40df,224,322,3
86d8de5c-5d27-48fe-a5a9-18d6f31af29f,609,499,7
718bf434-5c05-43cf-bf13-b619874bcbe1,935,412,6
11ba724c-34df-4dc7-afb2-ecc9ab17319e,723,143,8
436760e7-5e63-4224-9682-1c88b104f1a2,645,347,6
b42c6e6e-0867-4f4f-8595-3e9930499160,432,260,3
0d877338-93a1-4d7c-a204-299630b3341d,96,123,6
5df229b0-b271-416e-8178-2dd6dcc14268,42,482,3
e5e15300-cc8e-468e-86a1-0074d8165693,842,181,2
b046aef8-1279-486d-8a59-f4245ebfe1eb,501,490,6
fee62ffb-073a-46cf-b275-3053c933c0f2,375,193,1
d87fe7dd-892e-4e32-9149-397e484e1844,629,194,2
b8978350-87da-4ae2-9cdd-db18119d65d5,881,313,1
e837abf3-4d6e-4efd-bfdd-c98c4c670570,673,13,5
7b5a23b4-367f-4a38-804f-4294bad72c21,64,160,6
ffcda143-8506-432b-a07e-9469370069e3,658,13,4
d5d8f956-3e10-41d5-bb16-3b87b341cdd6,64,193,9
8e9fe048-e184-49ab-9d0f-3c00b5a11bba,725,425,4
40016014-d2b2-4c22-b251-8852b1058140,442,268,3
800bd2e0-3367-4710-8b34-37a6d1eddce6,910,237,3
7173829b-3940-4c96-a26e-5d78f6394586,415,208,9
14667a88-fda8-45d2-b581-794ab2746e34,766,122,1
6a3f7c77-4f0e-4c7a-b4d4-f376613593ae,764,291,6
39e02518-0f30-4a16-aef2-786dc0b4cebe,116,458,1
b4af1e94-f03a-44cf-bad3-4bcfb2efb5e6,856,111,9
f0bcdc03-8811-4d1f-9d55-6af30edafd54,522,348,8
6aabc783-bc26-4dd7-a7b1-fe6a49d96b52,333,165,8
c08364d0-60a4-4736-a5ca-c6a095d349ce,924,298,3
11700a54-0aa3-44db-bbc1-391b80650125,530,265,6
4a2cbd7a-8816-4483-8570-64b9d4a7056f,719,24,3
4f04390e-35bf-4caa-9f7e-c2339216232f,895,195,6
c9e8f406-c0c4-4e8a-bc0b-fc312c0ef942,850,26,5
f3194c96-db74-444f-8371-b8b43010043c,287,35,9
02fdbda2-bee2-4682-9c52-b9d08c7276ae,1,440,4
d4fe8e01-657d-4627-91da-87f110c9ced2,402,433,5
fb347565-ec80-4893-a6ac-cd4fc9bcac25,857,417,6
f49a3ba2-b478-4738-a79d-369883e7d36a,714,163,3
938d7623-4947-4854-b361-74a45ee512f9,644,262,9
ebd95a99-2296-4665-b970-5a12b1609263,543,145,4
4838fe57-e57d-40a0-ba9c-b1ac6558d70e,210,45,3
9ac7e58a-bad8-4f3f-9d17-da8883d2a356,114,371,9
7d0ec378-210b-4a2c-9ddf-314fc0e00080,269,259,1
13fc9162-ddbb-43b2-9ac7-b7d5d76c4277,428,343,1
f8be81dc-a788-41d0-a5b4-82e8f7151d76,77,313,7
9eb1159a-86f2-4765-b65a-1729d05cf2e3,103,251,9
c48b049a-4a76-49c8-bb2d-8b11dc031dc5,484,182,7
5e488c78-acbe-45bc-b8ad-e3be7388419c,546,187,3
800f6a1e-750a-4eee-9ad1-0c2bd91868f9,597,190,3
3f12f119-7387-4947-ac7f-7ac7452432f0,394,16,9
0b90a59e-9aa9-4a26-9596-73a583409d22,146,468,1
c0b3f04c-9577-4436-87ac-775130e66bc3,33,140,6
1a1123e1-dfda-4f68-9b02-abd16ed78064,22,325,4
e602d33e-8e7e-4325-905f-7b2a8d101d99,538,51,5
2dd7fa89-ac62-4473-914c-d60dd6909af7,970,36,5
43188c36-da12-4efa-a23d-e01522f6a506,275,388,9
48783344-b173-4bda-809d-3ed555c6e02e,118,233,3
c474b16d-2a86-446e-93c5-d263eeadae87,781,469,3
12c2b60e-f026-4f0c-9dc0-67594e79b72a,43,40,8
d415ed52-d933-4a58-9797-2a166d615f1c,371,344,3
f8b89d1b-0489-43f4-925e-294aefead67e,521,448,6
9eda79ea-e81e-4821-93c6-c0a4f59959f9,307,379,4
943d9148-a8e8-4ada-8c55-4332fc0912cd,83,199,4
b1cde318-b2ed-433b-a2df-1e6e613be6a1,292,423,4
1495548d-5353-4662-9199-464a7a2355db,65,349,7
3622d40b-db4b-4cc8-95a1-a4c52e257599,321,408,6
0db00a54-87ce-4c52-a698-ebda7652217b,596,318,6
2f00db19-b356-4141-a23a-bb145c6a37e7,789,499,8
656ea6f3-7f09-40f3-90c9-a7fe629a9a7d,662,106,5
3948a284-37bb-486a-8f0d-68eceb2ba848,702,32,7
7b08713c-4485-4182-8504-03f2817d3ea4,891,295,8
87926116-b4ba-45a3-833e-6c3d47af046e,333,486,8
cb7979ad-1d9e-4c5f-a638-3c2929759b30,620,123,8
a77446bf-41a7-42b3-a14e-42198a8d9716,466,176,2
55115582-1f61-487f-96eb-a13909a38b06,353,210,2
f91637c0-c7a3-4a8f-88d9-659b2b5c54c7,295,361,8
77265063-cf38-457f-895f-659417235a2d,586,3,1
f9b9156d-8c41-4931-9d3d-f292be6e34ca,105,334,2
26549dff-42c2-4870-9181-769b92c6c204,427,70,8
fb939f44-9fe9-4103-83da-761e5c242e16,446,176,3
3489f104-88ad-401c-ad6c-f55fb5e16eb0,799,145,1
60dce7ad-0365-42cd-ab9e-19ce74089e4d,192,147,1
a08b8063-7ca0-4e39-a2c2-9d4979791daf,187,127,5
56042d1d-7b5b-4cb4-a9c3-8403970ab0d5,874,308,5
dd8df955-9b01-4f59-a7ed-30509b03dbac,1,490,8
5a9c08a9-47cb-473c-9fda-4e7c522130f0,663,93,7
6184fb7c-7f77-41c4-9349-259e3bf10a0d,319,318,6
ad86312a-57f9-4cf1-8a48-3baddbbf24b6,569,138,3
f5e36849-ad50-456d-a1a1-dc2eace878ae,637,179,6
7fb19cfa-2861-43aa-90d1-df7d2c71bf19,613,158,1
9df73f3c-b1a3-485d-be44-8b0e5c2c22c1,70,297,4
371c3a88-b3af-47ee-8c30-19084a439a37,617,349,1
e8e17091-020a-4d74-b1e2-2c298a3e39f9,492,429,8
f2435e07-7b29-4639-b5a1-10eabbdac887,805,165,8
eacaad16-c387-43b2-8237-cbd9ea3c6b76,461,275,3
6922890d-2c7a-4317-b1de-58e45832b907,983,223,3
c8e9dbf7-e4e0-4209-a1a8-c8559a3956be,618,193,8
c7e6aeda-b191-42f5-a40f-8245f3d6dbb8,558,479,4
7d90b50d-2356-4eec-9ef0-08d24f330692,141,479,1
ef290dde-6600-4cb5-8fcb-f09cb78ee7d1,279,302,5
f3236303-67a7-4f75-b165-aec29c944746,718,198,2
f2dde0ce-7397-4e4c-b0d5-36f8679bd992,50,3,3
f4170cf8-69e4-4e56-b401-88dfe03b1bf5,837,317,6
ff66289e-1b57-4dc0-bf32-e4cfdc31173b,241,334,3
59143897-1715-487b-a2d7-88abed1f723c,221,262,2
6c17da69-f963-499f-9456-acfcfa611fbf,104,222,3
bab39fca-528f-4952-9931-156b203ccebe,919,300,3
84c49587-9e66-4751-b0bc-5aa49ea98608,448,293,7
6cb25767-6bcc-4c20-8caa-207e505879fb,303,55,9
5ce3d39b-b21e-4133-a2fd-906edd314c33,940,401,9
07c60942-7ffc-49f0-b815-a3e83609e86f,436,391,4
824f396c-31b5-420e-ae32-32b249fc435b,526,443,8
2833ea4c-1129-4400-99fb-e0cfcf20887f,493,496,5
a23322fd-8294-4781-bda7-835931831422,688,103,3
cde41b06-9031-48bf-aadf-e5ef862c67df,133,162,8
c50c0f0d-1c35-477c-ae1c-4b2685cc8220,155,460,6
624c87c0-3cbf-4f93-90a8-aac4f99a0134,950,424,7
9c5e0c75-8d60-47ab-aca4-2a8b3dc95b34,526,312,6
aaa88dca-aaf6-4fb3-873f-a1aa0b502305,639,399,3
ed52aae2-765a-46c3-bd32-5d3d64758a43,955,466,3
3ece0979-3802-4668-81a2-09f00cb555fc,232,280,2
01730c15-5ae2-42ad-9c6d-aa17ccedb580,573,371,8
1613e818-d839-4e94-94b3-918069953974,720,50,8
23f0640b-4ebc-498a-bb58-b5e87c55faf0,865,292,6
82fd0a56-19a7-4f51-9932-ecd3ab8d7939,887,51,3
2987c039-dde3-49ea-90f5-8f261f0c2698,285,320,4
f8ea076f-424e-4828-83bf-f26fa74f5318,7,3,3
149727c3-f53a-4ca1-a024-7995f1492fab,563,374,6
34227a10-833b-48cf-b59f-46efee0698aa,145,117,2
6eb16e13-6f42-432b-8dd7-6396a26e96e1,656,256,4
fb9811dc-456a-4212-b158-73ec9a4ab596,336,266,6
2ee5ad98-73e0-411d-a62d-7cd1c96962a8,308,431,1
34f4e5ef-8ae7-431b-83e0-f417ee9d603d,504,125,8
5974d24b-8f16-4024-b778-845f58a08ad7,704,463,5
be45b84f-e093-4ed8-860d-28a6f82ad257,530,486,2
194219d0-40d9-4061-b83d-9806bba9630c,419,99,8
4961a6e6-ef96-42f2-b59d-570a1e21a5a6,742,463,2
b68b50ad-4461-48b9-b33c-a7bc04af0971,462,1,5
8f94ba76-23a2-4ad5-8592-fe78e2de6fed,363,170,4
3b84bae2-b0ea-442a-8da3-9e0c0d6260c6,457,472,7
938fa222-6443-4374-8c56-23c0bd83ae2d,916,269,6
f47483a4-58df-4410-84f7-ab9f1a59ca54,823,4,5
40cca91d-95b3-4eef-93f9-fabc636e7c97,692,270,9
83700a1e-9a61-4fa1-915f-8d7b561d2742,731,228,3
382f92e3-a0f6-4554-a3f5-e883dfeb6c96,708,30,2
36d48a2d-f356-4b3a-8daf-1d117d9a776c,929,40,1
0004fdf1-4a63-485f-a3cc-a77c5c0d98a1,923,364,9
666d39a3-2c43-410a-ab17-a7c806a5dd5e,414,487,9
b9c44ab6-cd27-4752-be80-85b6f11623e8,996,339,8
b6110369-7a83-4d5d-a7a9-bf52459af1ae,768,162,6
124ff6d9-a4d6-41a9-ae7b-c45a9d1580e1,202,331,1
7f546ac1-ffe8-4460-8920-ea08c648a02b,440,137,5
b3fb3b8e-a70f-425f-8b26-1ab149860b4c,382,481,9
ca9eb7d6-d51a-4ef3-ae2a-9d96330ce0b1,35,467,3
7015e33d-dba6-4961-9782-a0a4b6003143,13,255,2
8248fa7a-131a-47d5-9811-c027086646d8,962,299,6
9f3e4f58-f33a-4631-bbb9-38afbb12f3f9,645,371,9
36ee0246-31cb-4ed3-a5b2-2ffab13186ef,771,214,4
d284f1c3-b7b8-4778-962b-a08496408777,488,388,6
8184790f-955e-4def-9a29-9df521e2b9a6,672,129,8
f7fdd990-d8e9-464a-bf6c-f04835e26b59,786,320,3
995c6d0b-707e-4659-80f5-d039f23ee79e,333,187,9
9dfa5487-ee1e-457b-880a-f61eea34d91b,646,473,5
26348f80-2bf1-4d98-af2b-b735cc241477,577,72,5
b7703eb3-ab9a-41c0-9aab-6ce1977c7682,393,131,5
c28d300b-364a-4ca0-aafc-bd7215044abc,74,125,3
576dd262-b4e6-4772-a33a-8ee6de232cc7,268,394,7
a0acf8e0-4f2b-435c-8a57-9a7a9ae99250,449,485,2
5f9947bf-d416-4c6a-9083-02ae856af64b,293,97,1
b6c819e6-9aa5-408f-b217-bbd69428a7cd,417,107,3
44d1dd14-c8b0-4782-9997-fb6cabab448a,769,473,2
e37337ba-f3f9-4a69-ab23-d7f1e5036964,93,276,6
510f3fcc-8322-4833-9f2a-eb169dbff3eb,491,279,2
a34f9cd5-f409-4fae-bf73-44906fc0d690,243,195,5
5d9af661-ee70-4883-afcc-939757bbd59f,165,63,8
072b1efe-d84c-4598-8dec-5b1ff2a3c23a,809,305,1
e6deac2a-de5b-408c-950a-825903d43f12,594,140,5
fb42fe52-413f-41cd-a7f4-2af7049a2303,575,189,6
8c2b0721-5f19-4270-80d0-e3986560ba90,797,69,3
e592b5a7-5f7c-48bf-b606-c21861509360,805,66,9
f65b5cc2-3701-485f-a27e-64b4922660a2,469,25,2
8fa47ba2-ea63-45cf-8e77-f78dde18da3d,449,283,2
964cc870-001f-4e16-929a-6bacb5fcf9f4,444,322,9
e3156604-45f8-4d32-84a4-b741033cf93d,810,149,5
bf88dcab-cb46-4bfa-9ab3-d7255efbc5aa,858,282,4
c87b118c-86cc-40d4-a367-a7601e5230dc,694,232,1
ba8723ec-5b80-4b8a-8666-98fb7bd29818,800,348,9
77f853ab-3f92-4a34-a7e5-6e07ede619d0,994,120,4
f6712510-db1b-4901-bb2d-cc9414ca7e70,709,55,1
28798df5-3a44-4842-9dcd-4a0b9a9dab0c,533,355,4
05cc18e0-3441-4ae6-aa5a-d2cb2219422e,268,438,6
f3d084bb-7c29-4488-8708-5bf7f0454275,396,75,1
c9f51fd2-88b9-4937-9292-b14ee0d6a969,340,214,1
52bb2bcf-de4e-4878-ac0d-50006c4eafd3,833,69,2
859a79b2-8c56-4706-ad8f-647fb9732031,563,369,4
53900a9b-7cec-4fa6-96fd-4db7665e62cf,299,90,8
fbb57fbd-eb51-4dba-9a26-3cf766a61504,792,481,1
35d28f99-2941-412b-845d-98bb5cb02b5e,536,456,6
cb4a81cb-d701-4e2c-98f6-d61a2257980a,9,381,3
e48a1e32-62c7-49bb-ba34-43081fd1f300,1000,303,5
57e7be7b-514d-41e9-9ac7-f4c2d816e1a7,992,171,2
4e811d11-baa4-41bb-a3d5-44bc1d3d111c,116,244,8
f2b0846d-fbf4-4e0a-8e8d-fa91111763bd,345,225,5
47987063-6a24-44a2-b42e-d8ba8d6a4eed,323,208,2
cab8499e-8d09-41ed-b045-09c396a11259,111,476,6
e0979bf4-3a16-4f11-9c06-bdbecdb3bef6,979,157,9
cd1b6fe0-145d-4560-9038-794d1f49a09b,86,205,5
2b47c2e6-9c81-4e6e-a2be-88104609bb26,474,73,5
a816d33e-9ba5-4a34-9d8e-5d2ec7170c1f,762,498,7
78587201-3624-4ced-9fe2-9abded681adc,970,365,2
67728c23-bc2a-46a7-bcda-6f5d52f11623,293,16,3
0c8392c2-4855-4754-9679-7d2698b60c8b,264,431,8
cef089c7-760f-4e4b-b1af-3dc8a48f994c,509,231,4
b3029fd4-3e2b-4774-bf8e-a377f08c479d,189,293,2
f14db55c-5332-44eb-9704-12bd54cbed33,824,261,9
8bfb13c1-ade4-431f-bcc4-e3d0f9652aea,877,63,3
ec631c30-38f9-4508-a436-6058bafefb65,559,189,3
5cab1a32-09c0-45a2-82eb-eb154a865a7d,58,104,8
b779d5a3-94d6-450d-ac5e-6fab2e7e9faf,462,170,5
ddac707c-dc58-4fe2-a0d9-8cf79dcaf4bc,390,206,9
2fcbadad-e836-428d-a164-61b4f8c6c317,344,355,6
21eabcf2-0ab2-40b1-a718-e52290396558,973,278,7
ae77b066-6f81-42e2-9c33-b30365b171d8,921,493,6
99ae262f-1ea1-439b-b3de-051c5ed1f358,765,43,8
0f950167-a212-4e9c-b1a8-7f9370498330,713,349,3
2a4a7962-84aa-4a18-afcb-777586a1c6d4,714,457,3
b67104a2-b1d7-4398-9ce4-25424a31fecf,591,436,8
75b220c5-afdd-4bab-b6f0-8116ef6d7d5f,100,333,3
95c48d64-1365-4044-88eb-2e11e5dabd23,943,2,6
ecba3d5c-de4c-4844-a918-e85ad32b0c15,83,33,5
6c32b8f0-dfbd-4cf9-8579-ca7c8a69a07b,395,407,7
540b0a5d-157f-4dd3-b51f-0115950126ff,378,497,4
8829b6bb-2a02-4bcf-b2ff-f2ca31110fbc,142,379,3
623a205d-3941-421a-8686-6907e160fe2e,936,140,5
a77e8b56-d1ab-42ba-ba5f-5cae078b455a,896,156,2
a5178dee-2bee-4304-9c07-1b58e63566f5,67,79,3
14967f49-188d-4249-91f4-2fc825c4e8e7,915,182,2
ac7fdb63-fcad-4edb-9959-418c6e70ec2b,751,200,2
47080dc9-9a66-4ecd-b01b-8218ef97763c,341,284,7
24cd51ee-330b-426d-b24b-1fd76cf85a37,854,421,3
38050133-473a-49e4-8224-f76b84ac3350,904,305,9
21db4ed9-6e30-40f5-825a-9da6663d1dfc,383,110,1
6b9327a4-6d7d-44c7-88f4-f3f0b6241255,81,115,7
94d6c9e6-79f3-4939-9c2c-9b1970327012,520,3,8
b9deb11b-9552-4d31-b673-f01f1977a652,835,98,2
a38a72d7-b397-4e83-85de-afcd23dc72da,717,14,2
0657128f-61de-490d-a3a8-809ad76ab8a8,451,151,8
77e6721e-3270-4009-adeb-b08f04daca12,91,475,4
ae846a1c-b8b0-4748-bfc5-3d6ec140d819,600,189,2
2b3cd6e8-0df9-44ca-bc92-a6d9ee5dbcf7,755,444,4
d2e61640-693d-446f-a7da-53f40089f423,99,477,6
85005cb6-7a29-446a-ba71-0b2358338b60,559,206,5
5a408199-6381-41c9-b9c2-0468cb90b374,830,36,2
af043c9a-a3cc-422c-ad45-9317cda9f5a5,559,425,1
3c3b8d43-fcbc-4c6b-a8bd-5b877f8af585,184,157,1
32363038-7e1c-46e5-8e2f-52dbb3a04315,685,65,6
99a1dbc1-8502-413f-abb8-909e4e2d75a4,373,24,6
732aba07-18d3-4b5c-8205-15d509dd1291,311,269,4
23014ea7-e63f-428e-ada5-455074bb99ad,700,392,5
3d2e8ad1-83d0-4893-a712-0d1d16a435ec,580,111,7
67e590db-be92-4451-a994-3648c20361fd,782,118,3
3db4ad24-8c93-409e-ad26-64e70d072452,683,151,9
1b00cbd1-5c06-434e-82b8-0f5749026943,482,289,8
e7156b7f-0b96-4189-aefc-082d04b0c723,879,457,9
0a720993-bfe1-4123-b794-bc8a1f89a523,420,17,7
e4f81ab3-d33f-4932-a599-7faa3b954bb7,445,496,3
079f9e80-c3f2-4887-bbe5-2629d44cd430,160,172,4
a9dacb7c-82c7-41c7-a16e-7276cc75250b,332,77,2
322a7c2e-5a98-417f-a92d-47f9946676a4,870,479,3
1dff2818-53d3-43e9-8573-b5ba99d1c092,632,399,3
0966fd1d-f048-47c1-a2a9-41d102b4c40a,784,57,8
ddcf1c7f-0ea6-4883-9a1f-0e03273e9a19,642,428,5
609f906f-bf8f-4eaf-9db4-0497a0959064,573,204,5
33dd9ed3-c373-4cc3-a4a5-3aa493b547e8,475,187,8
0c25051e-7dc2-4607-a672-22fa79dfbb2a,48,105,5
5c205e46-22ff-4da4-9b8a-2dfa013acf01,659,147,4
2e500979-fd15-403b-8641-a215216c586c,755,158,3
60d728bd-25a5-4b78-ac1f-1dcdc2128161,432,369,2
3a12fc6f-78e5-43b0-af1a-523dac4cee7c,969,129,1
8789feef-ff02-47a2-84ae-84df628017d2,39,127,6
f0853ff7-f186-49b6-b358-a4e4b4d0846e,241,413,4
6fdb3079-44cc-411c-b426-041e810a1d7a,811,328,6
8f1b7aca-9d37-4661-9af6-60689637e9a9,854,99,9
c79dd30b-e9e8-4bee-80f9-a40c1f9b4f81,302,294,8
eb38cae6-4fde-42a3-8974-83c7c0266d26,638,31,2
0a36e12e-5192-4fef-941a-e5f4a9beb586,954,468,6
e49a2111-0b3e-431b-8877-3e7d0d0d0039,608,107,2
9221f4cb-0f1b-4146-964c-048d999086f7,936,317,5
b27f1f68-8de4-44ea-a901-3417b729e4d6,229,497,9
545a0e5c-96cb-4075-b582-cb609e56072a,762,243,5
5df6dfed-1a47-4fcf-b559-70389d8a0bcb,291,263,9
00aaab4f-1483-4a7b-9d85-51b401eecefd,638,432,2
1c087675-0fb2-4ef5-868f-27b5d4666873,292,92,7
000f77db-93dc-4bc8-a787-2fffdf3c43a9,711,195,4
2e4e5303-7ad1-473f-927f-7bece03854c3,316,487,8
646af8d2-e17e-4ba4-b7a4-db1cd32c6ec2,852,134,7
93ee28d1-7bd2-43d0-a74c-3cb03a3c899c,527,156,9
5afcf968-7de4-4614-a3fa-3b396bce1288,36,171,5
9883d785-7e8a-4d71-8ad6-d96af2655da1,705,261,1
7d7738ea-3b25-491d-8d7a-3e96374d72ed,590,100,4
fe89812d-35d9-4ebb-91b7-2b84d34f7f1a,771,167,4
26a24e4d-1b0a-4e8f-91f6-d923900cf450,237,71,5
34058253-f123-49cd-be16-3ab8033db781,369,19,3
52790efc-bac5-49d4-808b-0b0993f8077e,596,128,2
d37ca327-ee09-4495-8928-c71b2be82630,793,163,6
6ab30d04-80fa-4a47-b67b-b26574d88a1c,899,72,2
659d722f-4eb2-484a-a7d9-ab5ab9a33cb6,128,147,6
ade8267b-776c-4a38-801a-78c0f20c2308,843,76,5
5b75626f-603c-4719-8c97-b84dcb15c394,142,186,6
f1665286-24e5-4e53-98b7-15d3a4313eba,597,349,5
4663af22-d251-4874-82bb-082bd0607dab,549,336,1
59ff31ab-ae6a-441b-8121-ac819d53beca,877,146,6
d8634d7d-f8b8-4b5b-aec4-18f70d5f8f3b,146,281,2
0943af5c-1205-490a-9fe5-38a8d7ae8208,708,165,4
59a15312-a23b-4e27-9b0d-73597a2c7e83,237,53,9
6ea57e2d-8b9e-4c97-93c0-548980b9a67d,200,142,2
18fde186-a11d-4bfb-b450-9e9c747c5f09,477,66,1
fea81c58-45af-426a-a1b2-b5736a11dbf8,522,2,1
a5f92d92-a0df-4010-984e-b9913079ad5c,657,348,1
f12cc314-ff85-4222-b84f-152e3106c037,501,383,4
39e1d107-8010-4282-be20-e9ddd7cb1586,100,250,1
b56db00b-5adc-4aa2-a886-71c0c31e6b40,139,17,5
615265fa-4dcc-4c8a-934b-c25bc4f12137,430,267,4
c4630366-5087-4493-afbc-e0979b40db7f,401,293,2
7c331802-6b23-47b7-8acc-12416945c43b,681,442,9
6e7e6d4b-c9c9-4544-a35b-3e07f62c7314,423,393,4
8fb4ea89-1ce8-447e-9366-744d06ab5c2a,970,496,6
a61f0956-5eef-4819-9e85-f647ef979628,230,276,5
bf507b69-085f-4579-aaa4-0bf3896f7767,874,73,7
cb7f1197-5b91-41ad-abc4-2811efcc78bc,385,364,9
a0841e1b-59d2-4b28-94fb-b62cab9bdc52,7,224,4
9a7ef3e6-4e2e-4f9e-aa3a-a85d97d85f7a,43,301,2
1e1bbf90-30c2-47e6-bebb-179a80e015a2,420,301,7
c0ff8103-4c47-4e1a-be3f-59f65a640161,320,370,8
7f429f11-4e48-4318-833e-e5c0c7a82160,895,435,3
da702aaa-b901-4de4-8fb3-1457a6b2a9d4,144,328,5
843ba577-07ef-4ab0-876a-c6ebe974d1da,175,213,2
cad58c7a-9e6e-490c-a4fe-039e45f80642,260,396,5
f3823998-7f6a-4343-a541-7dfe6fc074c5,548,303,8
fec4d1d0-33ff-4392-ae7d-661e52ee1249,567,349,4
6e4f523e-b7fd-4d1d-8bc2-0449ab75020c,936,160,2
d8ab63e8-4609-4f29-84ee-a36596806f6d,959,109,5
54356633-68cf-47d1-b566-a4e9e0fa3138,619,80,2
d5c3542e-654f-4d8f-b38c-d0342486f730,398,390,5
0e80c4d6-10db-4b03-b3b4-2416f4cc5e45,506,56,4
88a923c9-5485-4d6f-b105-7761666f83b4,526,108,6
40c0d200-0c8f-4476-be5a-1dd13e39dfd2,757,435,8
fd1dd5e4-7737-44de-baa0-a80b4a957d75,510,274,4
df3f18d0-1d4b-45fe-b4a6-373af79cb056,577,435,7
51b062f0-0888-4ed6-a911-2762420103d1,195,157,3
661fc554-e311-435a-98b4-79cb3227bd9b,963,216,5
c15c7aab-3543-457b-9fbb-6ecccf3dc50f,150,360,5
ce2c1aa2-e59f-4f5d-8493-f83d9cd437e3,390,403,3
2837d50a-aa3f-4864-9234-f8207241564e,712,318,7
027c5b5b-4ae0-43fe-b4f0-85cc2078a497,396,339,4
b90ad7f0-9450-43bb-8c1d-21f655a38ff3,675,425,1
8bd50911-d9ec-4363-9b0f-7fd52b627990,209,76,9
81d42564-2b00-4d70-881e-35853ba97bf0,956,413,5
4e931cd5-e50c-4ddd-9aca-2bf67b2870bb,179,33,7
b19e1486-e94b-4ccc-a57f-679102939698,686,57,8
dc0e6fab-c16b-4e6e-85d9-f5ffbf4becfe,723,361,4
abb0c2a8-8985-4629-b2bc-894f622034b0,411,389,1
8967d70c-c4b9-42c3-be45-ca0e98f16714,798,332,3
8e210bcd-4792-403e-bebd-43a5a8d87396,648,172,5
16e33f3c-244b-44a0-ae1e-f8960b7081b2,281,247,3
b8f34922-7a08-4f68-9903-ab5be943310f,785,128,9
030ab2ca-6a94-4035-b21d-c6beadf9cd73,896,204,9
8f11ff26-82ca-44a8-8d77-fd1891b47976,460,65,6
2ff89158-d5d1-4211-b30a-65599772e86b,850,367,3
d2d8bb9c-8d92-470a-931e-95bcb1a3999e,516,216,4
047fc56d-4f1d-430a-90d9-f511d34587d5,3,34,8
a5e44ab7-7ebe-44a3-953d-3b6ed17c1579,515,315,3
00a34e4e-19a2-4461-aa68-ac2a6496506c,87,66,2
09e345ef-51ba-4041-8960-7b20b24fc856,391,382,1
eabe4f1f-5870-48a0-9db4-9a2046466ab8,668,462,1
323b250e-b34d-4426-ae59-7a47893a15ff,867,163,6
54f0a936-7335-4ecc-95e3-bdaab1c26763,507,22,7
dfb3baaf-2987-4259-9afa-2bb0566762d1,153,486,8
2ae66a49-b50f-402f-b539-d0ab89c98ec6,740,430,7
a13ab6f8-7728-4e80-8770-3beaf17d78eb,488,121,5
2911a1a5-a6e6-4678-812a-c471d6a5c8a7,547,250,3
b1b07c48-2037-4686-b8ba-0290be9357af,829,45,2
cca2e3d1-6fcf-49d0-9606-0cb9d338f75b,816,343,6
df25f283-28a1-4f0c-be75-5e8fa25a25a4,431,448,8
fb20f57a-625f-4429-b285-70a00bf1554a,923,438,4
4053e064-56d5-45fc-9c8d-780932080b9b,804,114,3
8ab76a57-d7e6-4a50-9a23-2dea4ae3882e,721,236,3
af77eed9-c348-4eea-91bd-bdb39a0920b1,663,449,9
1bc28752-c483-4ff4-af52-acd61f23e053,377,11,8
f631724d-cbd9-4af9-90cb-b86386ce5b55,854,106,1
67edbd84-e362-4ee0-9058-ebfd6f5fd85a,164,246,6
12f80630-70ef-46cd-9526-59f9a5b1aa50,301,354,6
aee186ba-a4b4-4fd3-856d-f4eb976fa584,903,137,5
f8db2271-f633-4463-ab07-1e1f08daa719,504,458,8
9d433ea7-5e9e-4136-8d11-bf682e9769bb,651,81,7
85ecf41a-da12-45b3-a226-f1a4ebe431d7,691,139,7
a26e87ce-56e2-40aa-855c-efaf1edf0453,847,151,8
7eec32df-5dac-4717-8329-98362ec65d2e,245,468,8
17e8cfc3-9103-4002-bcea-008c80d7cc81,254,303,8
5c162f32-32eb-4daf-88b3-b27c66b17854,854,485,5
53eaca5f-3df9-4e76-8f43-6a10af82f8d7,677,475,7
3e2464dc-51cf-40e8-ae23-e3d60694e21f,503,128,5
f412e1cf-4460-4961-a187-8ec0436ac55f,424,344,6
9c13aa52-574a-4562-8e62-8543c9251896,365,86,6
bb0c31ea-87d5-44bb-a9b6-aaf456e2e00e,610,54,1
bccd297a-d854-4d96-981a-8242a1e30536,979,351,2
14c8bb4c-8702-4ea7-93d0-ef0347c03191,460,157,3
42888c20-d733-441a-8b6a-0a46549a69c6,519,461,3
cf08aa08-5adf-46f0-837f-963c2c4ed6dc,790,183,3
ed88f54f-e88a-4af4-b4d2-a697f643c237,899,477,7
6382dcba-60b3-46d8-a73a-0bea6923d48b,396,270,6
102b42d2-0fbf-4e2e-9f6b-46cd17cbb4f6,345,306,8
33de668e-b6d7-418e-b8d6-7134b24b41f9,393,48,1
756ff3e5-873d-4c9f-9c30-36c901342673,818,296,7
8d47e5e1-a088-4d26-8247-e24e940ff5e2,934,377,1
9b34d173-2ac1-432c-8c7f-379d7a4b1765,406,279,4
531b0ef1-4228-4f6e-976f-d31671fbe83b,775,72,5
02f66ab1-83ec-4904-8a8b-33983c2012de,449,279,9
d5642f54-c4dc-43d4-9863-ed274735486b,798,249,5
75e6c881-1b0a-4d72-9bc7-542064455c0e,884,262,4
e57970b7-67fc-4f36-8c8a-3e9cf8cb7d97,700,411,7
cec5966f-1cd7-4159-85bc-03b5e95228c9,54,437,3
74fb7fdf-6567-4fd1-97dd-5839532be556,511,260,7
c770441b-55fd-43fa-a7ba-f08b7b0b12b9,385,80,9
f5b7d1f5-b98d-4df5-be68-54ddcc8bd8af,746,437,5
37fc5dc7-5166-4552-b72d-0ba2db97604c,290,237,8
62157230-085c-46b5-ab4c-79ef8b6282fc,640,365,4
9a17da91-6267-4ee6-b388-2f8711fa53c5,87,405,2
8439024e-c374-43ed-ad90-610b67ef8bf1,929,396,3
0df772d3-c8e0-4c04-a7b5-8ddf10acf56e,836,493,2
e85e9249-36eb-47fb-92fe-26457891646a,651,314,7
bdc6c278-81d4-4496-8fdc-791893b2f791,296,316,5
87f77598-31fb-44fa-9bfe-3f005ca28c6b,499,13,3
21005b51-f608-4d16-b1cc-d15acd5b7914,126,466,8
ca3e1713-f03b-479f-84a9-7fe8eb9a9a1f,680,49,4
2bfd8d54-ac38-48af-8c23-38026b35c317,450,151,1
f843bb93-ea6e-4c53-8fce-fbcf6d9f427f,32,310,9
2f24f7d7-d3f0-43a3-8ae1-e9af20385b25,640,285,6
22872a36-84d0-43f5-a8f2-9b5dcc369199,214,361,4
f9492d8d-2c3e-4330-a720-f82eb361d6fd,988,409,7
74e167fc-a5f4-4c0f-9ae4-0a701a1890b2,840,392,4
3701b671-7f4c-4cc0-8909-098cbfd0291e,236,193,1
8c7c77c5-8f96-4172-81be-b72a6693a466,479,96,8
a1c02809-2f99-4e8d-9c01-71de5e202ef9,527,12,9
3c24a432-036d-4e5e-8322-235b95620516,793,115,4
5a2b788e-bb56-4577-992e-099c1905c31b,217,148,8
577a1ac1-4ed3-432a-9dee-2f1c99d4e382,882,111,6
37af2998-74e2-4aee-906e-753935f12750,687,26,2
a47ff373-054a-4f01-b414-f6f9a566b58c,430,408,2
8f0b1520-7b7f-4f52-8ef3-518405720280,402,224,3
f19515e4-e439-4ea0-b0e0-c147d24451f9,135,141,9
824ebe03-b800-4940-83ec-17c3de65f6fa,945,293,3
77ce73db-afab-470c-a0b3-7530c21b52ed,188,323,8
c3c6f2c9-33c1-493b-a484-d672e6185ece,365,497,8
531f615a-fc46-4536-a979-4d6bb6d2a030,954,160,5
18344c78-07bd-42c5-8c36-776f66c670e7,557,227,1
8c8033b4-d283-48b9-8041-b37ca9b6f454,788,394,9
32e17d64-e2e1-4051-8363-7bb7411cba97,514,206,5
b511602d-5ab9-48f9-989c-aa1e824f6d57,663,484,1
18cd1ec0-2bba-419b-84b3-73b4be8e7d92,349,129,3
4a41b0b7-4d1d-46b6-a6aa-29895d10efe6,817,424,5
1bc0b7cd-64e1-4acd-b567-d2263c2b5ea4,829,323,5
9eb1dfcb-5366-4491-b52d-6791742aff65,364,192,3
334ca573-e2f2-4b91-8185-cd04a8f38b7d,118,72,7
f3e2bd73-6e43-4b6e-a6d9-8fc153d09976,513,141,1
4df37b55-d775-44c9-a3df-db1d22f83434,266,392,1
5477d385-0cb2-41b2-a555-c28b9e160559,332,180,9
e78f3bfa-2d9c-4687-87e1-412381942a67,632,384,3
2deb38c4-f05e-4277-a73f-3d2557976815,90,479,7
c9ec7107-15c0-4346-b0dc-64ab56010c6c,264,221,9
10feb818-8599-4961-88fe-57f4de43c9b1,469,107,5
0ec5c508-e665-4607-b1e0-73f5ff747022,873,448,6
4b1375b5-9fa5-40dd-9197-f634b75e9682,924,461,6
a3d583a6-859b-4ee2-bd90-594a253e5e52,86,216,3
a5d5eaf5-07f9-49b0-b31f-ba59a9828c2f,87,60,4
420adccf-62a7-4f26-92ec-ea5a5f095317,666,74,8
8c7a0e65-cc5b-4cde-930b-b947b1a13649,956,415,2
676aea9e-5ea7-41ba-8688-5ac615dc2f17,584,84,9
39ef5e19-9b7a-4df7-b066-6a0ec58c22b6,921,400,3
9fbd6fcf-51f6-4ca7-bf03-acb86997252e,881,151,7
e0edfef2-4885-4883-b531-1f09bd401418,246,53,3
1c7ee294-764c-413f-8b55-d8d8ff2e3db8,527,249,3
6c81142d-b4d2-47b0-9d92-3620d671dd13,526,108,7
e64a63c9-0d5d-4148-abb0-cbd1684f2957,819,205,2
2e04b2da-557f-4dc3-9ce2-263d8d4bb340,922,132,7
d1131a26-207e-4c19-950a-7653f9ce6261,969,87,4
b0f9a330-a573-41ea-a516-615b29aebf77,838,429,6
5ba68aec-9e47-4fae-9e09-a993689f7e6f,201,482,9
96ff09ff-d3fe-47c0-9ea6-d15c69378b65,163,119,1
7886ed71-0931-415d-818f-4dbb655df1b5,632,202,6
4eea7bce-9817-44a6-89a6-4d988bc61cf0,634,303,4
491c113f-38fd-42cf-bfdd-0a8a850b5e85,530,395,4
fde0c99f-ef92-4343-a580-f2f6fc125bdb,728,293,7
94108401-4eaa-457f-8dc9-58e32c025a5f,495,128,8
87412235-f9b0-4998-8482-c16d300fbdc8,256,127,2
56f60367-790d-406f-a0ba-153cb940d3e9,277,111,3
e318b8de-751d-45a5-83ae-24d7550eb943,732,426,9
8f8c2022-a95c-47d6-9786-92756095dbe0,887,389,4
fb8d7156-a1d4-485e-bf22-3d6ed8c8d272,181,207,4
16a93249-f634-44c5-a27f-3d217229b08e,852,161,2
cb7a1b23-aaf3-4ada-816e-81b5bb6562c7,862,171,4
e2ddad60-0223-434a-b5c4-32d940f37460,230,246,2
88cd8651-640a-471d-b2fd-d47c504ba22b,295,219,9
22d2065c-4788-484e-8bf0-883f6e35ab0a,624,357,8
07d2b72e-1cb7-4189-b618-076e9867753c,800,388,6
dfff63f2-4bf1-4067-9e55-b0c15085a7d7,537,445,2
7e878c94-a198-43b2-a55b-89ed338d84a4,353,490,2
d35591ce-a82d-408b-8b6d-91a5441d4ed1,654,37,8
af5e2d18-01d5-4558-a823-aaf206cbb84a,706,178,5
25679ca3-9815-4e82-a50e-f71df493ef3b,19,350,7
20232e28-7622-47f1-a157-e4d59bdfdb8b,28,498,8
2c4ccf68-357a-404e-8a52-09f0ccf64c43,428,480,8
9e1ea03b-eb2e-436d-8773-3d26f426f4f8,754,19,5
a04d0ed6-905e-4e93-bbb0-17da40880dbf,368,414,6
0af53352-0bb9-4eb2-ac6b-e694b51262d4,418,134,6
3dd40d73-9911-4927-aeef-e88af7bdc0c6,933,351,3
7253bd1b-6213-4e87-9a6f-628b31885815,964,158,8
3cefa4f5-e6f3-420d-88fc-5fa9d5bc4811,301,117,4
7ba54bc0-f048-4327-8168-bad0a88bf417,59,233,4
d082c0ce-c061-474e-aaa2-bf07d5df7368,897,385,9
de097b09-dc55-49cc-8fa5-42f896571114,818,368,1
01d4b5cb-6937-4781-b0d5-a53804d719dc,316,34,3
8103baae-907c-4a01-a9f6-d415f3ea2bf8,870,267,3
82738ed9-bbb1-4b3b-959a-7bc3012bb2d5,331,184,3
09655a25-f6fb-4d9c-a26a-8dc7e1bed1b4,867,258,2
2d490110-1f9f-4338-a77b-1a03e5b47b14,371,407,4
0021f725-9fb6-4084-b073-10e6f2ccdb71,874,2,8
8516f6ff-80e3-4e36-a4a5-eb46415ccd7b,947,477,9
a863a5e0-eed0-4e60-adf2-4de70534c17f,825,478,8
e0986763-9342-4079-b71c-cc7c92691c6a,296,210,8
c83632bb-ca73-48f6-83e8-313cebd84aaa,738,150,1
a36fe411-32af-4c19-a08b-06f5a5fc5057,428,98,5
19a9a26e-e467-4522-a747-bf81c844aa3a,375,426,7
1834378c-dc7b-479f-9a23-6f5d8a8138ce,891,441,5
44346421-90b2-431c-a413-80a5adc71e86,329,18,9
a35d95bd-424e-4402-a6d6-d2fbe7e7994f,356,68,7
7111da8e-e6ed-4133-8235-a32d6a179687,1000,433,1
bbc8f54c-fff5-4deb-afbe-9d40020ecadd,177,407,5
bfc6c037-a753-4372-83d8-9ba556287163,48,248,1
205fc06a-be6c-41c0-84cf-033d505d4cca,390,340,3
de0603d2-5065-4fdd-a01d-d06cbd5852bf,36,315,1
64b053bb-a935-4a05-bc2f-5a9e69cf3e9d,271,318,3
281013c7-9948-4f5b-b18a-18fe6d98fec3,382,267,7
df7d24c2-e540-48b0-b269-8ef5ae3b4a3b,794,338,1
a15dd9f4-a172-4b29-833f-bc5719d08668,690,341,2
e3b0098f-2f38-40d5-a129-5fea4dc07134,656,331,2
db686ed3-5b69-4dff-b94e-8b648f246cf7,802,384,8
6b5be378-4a0a-452e-bd64-0b6ccb90e5fa,982,68,9
8bd4c430-8cac-49a4-8277-b0587ce159f8,597,40,6
b4dce551-9152-4647-9cb2-83cb2d48e320,943,79,2
667f4494-b47b-4808-856c-e02c6bfd014e,954,213,6
59df6c65-0124-4f1f-b34a-381cecc794b4,764,269,4
2ce2ab83-e29e-41bf-ad35-a3a371277174,482,350,5
7e007b94-a1d4-4c70-8e7e-7082e4a675bd,189,199,5
5bd8cbb6-fcbd-42d4-854e-d5c4e770b431,380,367,6
dfaf619e-4c0d-4d0d-bea7-0058e80b1aea,899,278,3
230b60e1-4db6-40aa-8299-351c9a92edd5,179,52,8
c3180120-caf5-47dc-9152-b144b2cff5e7,596,317,7
ff3a0db3-2640-4c4c-87fd-dea5b683cf53,800,386,4
c9941739-5694-4ed7-bf56-e2cf7be86359,961,364,2
73f34e87-c41c-4849-98ff-138a7b1c296e,23,450,3
7fd79320-5b03-48d9-b85c-0a23cc83d4c5,738,115,4
386b5ea9-7b83-4bd7-af44-9c8cbac180d0,861,236,9
234a25b8-228b-4c35-89b9-0b12cfe378d6,794,49,2
2cc0ad9a-1704-46f5-94c7-8e4b433fcdbb,172,202,9
9f03cdbf-14e6-4121-a128-946836fe8c49,886,233,2
b061a78a-e823-4c3a-b51b-a351fc96b40c,814,193,8
ed90ff11-bff0-4d12-94e0-bea62941c3c1,885,137,5
736056ea-db42-40e1-a00f-f629b52819b6,973,290,7
d79e7874-6078-4a7d-af6c-261941361adc,669,265,9
d2dfa22e-43f9-4951-a932-82c329272e34,805,425,8
b7082310-709f-44c2-ab53-743e621995f1,328,174,3
1d53a1b5-5a6e-47c5-b4e4-36c1c99cd16f,244,353,6
5b8bd46d-3de0-4710-ba8d-e38aa241d55d,473,56,2
0e2a0e02-4281-458a-9d9c-92c6ea0c4fed,286,271,3
c9db0a6c-a468-4268-87e3-b767d063ca9f,31,489,1
d76c8a1c-dc48-4cfc-9345-9f3e9ac19c6a,150,230,1
ff178188-b484-47f2-a72c-55eba0a4a35b,357,481,4
46d6659e-53b2-418a-b82d-eec21cc27e7b,219,21,6
566fdb76-997d-4b2b-aa25-49cabf468865,241,496,9
eaa4d89e-6f49-404c-9717-84eda0a8e9cd,446,367,9
a3470ecf-9aa8-418e-8332-e951e379842c,727,380,7
b79a8a6f-c285-4414-be21-455807c50b3e,292,252,3
12b59e86-a249-4054-a06e-5cafbc03a5de,297,464,9
dbc7231c-863b-448b-9e06-4854e5b79a65,581,120,6
5f8dbf46-c1fb-42a7-b3ed-44c18947e884,565,132,2
a7265c86-7e82-4c35-99f1-73a11cafa3b7,771,121,4
87ce67fb-5a81-4624-be2c-31ddb6d49425,156,7,3
98c41d98-35f5-4d42-a539-884f3cf868ac,497,462,4
1d24abd1-f39a-4180-a057-3e78a1ce095c,142,478,9
5f85b568-7f51-4fe1-8387-9970115380ab,438,90,6
66344ccf-329e-4cfe-8e3f-7a5886a639b4,162,141,8
d946b857-62be-488f-9328-86a6f06c5e49,749,444,9
f1deaf67-a30a-47d2-8c85-f6a62c0c94ff,270,329,3
e64692c0-8052-4dcc-93eb-9b756844cb60,999,485,6
59c60038-aec2-4851-85bb-7037db2811d6,807,6,4
4afc81c9-8349-4eab-a47c-3f8f6fa4f610,45,484,4
6ae06c6e-3b1d-40fa-97bd-6f0f9a9cd256,711,261,1
e8f6165c-4e7a-482a-94de-5e02bbb7aaf1,830,73,9
f9430653-a8c5-4c16-aea4-7d5cd372b9bf,666,68,2
6dcb7e8f-8833-49b4-b960-5c8dd3e2f069,554,449,2
4af0660d-d934-458a-b858-6c3e97f7c261,233,357,9
6d88729b-bfd6-4de6-b199-0bfab614a26b,542,450,8
d9a6dd4f-f2d8-40d6-84c8-42daf1efc0f1,52,144,2
791980d3-1361-45ce-9c02-5f28664c9c89,593,493,6
884f6997-d75b-4d04-a2f4-e9baed40120d,756,216,4
d2872063-7d8d-4c24-8104-2b1cd4e05ee9,446,40,2
dd45ffef-8dbe-48c2-a943-f105cc8e28bc,927,338,5
2cac1a9d-9f69-484d-a903-f0cef29576cc,547,114,8
db690fe1-e479-41a8-b14f-eb2aae12d1b6,591,484,3
484bcc4e-e219-4d9b-bcd5-d93f9bd9cfb5,481,357,9
21be8275-3be4-4ddb-adae-421283ac06f1,846,320,1
f56ba68d-2d5e-436a-930b-601de02b7e3f,707,156,9
293af02c-5658-4bbf-bd53-a21b146f00b0,774,101,7
18da7164-665d-4bf1-b2fc-c423d51aed13,849,235,7
a0a7c576-3e3c-449d-bd95-f876a435fce5,462,254,3
3e8b0c55-159f-4d87-ad58-ac51b42b83c8,610,226,3
a6eb9c1a-90d6-42c0-bf11-41691ee8f391,750,102,9
c4ac1fe9-265c-425c-a4e7-ac6caa072ef0,715,426,7
d2a75f38-dacb-4ab4-8621-89a9bd6aa54b,691,391,9
80c6d2ec-1e3d-4c92-bd61-419d9dad04d0,142,477,7
29582fa7-3bb1-4401-b66c-69d86d6b61cb,315,283,9
50509586-d946-4f9d-950e-9c11dc200513,481,314,6
904104c0-000a-447d-ae72-d29611720317,81,262,6
318cc34f-091a-4631-921a-2dcebec5a710,916,342,3
9677daaf-fc78-4c7c-bc03-df4750225380,395,171,5
58a64280-b54c-4155-8f53-efadd1568d1a,274,148,6
10dd8014-cc57-402f-819d-3bc5be98b3b3,564,358,9
6cb23140-039c-4557-8df8-2edc7cbd7c1b,371,476,2
19635eea-961a-46f4-bea2-5d93c776a5a9,292,335,7
d39f1f51-9a92-49f9-82b9-7b8e9e1d5146,8,400,3
9be1a7b3-e440-43c3-84cd-2319d7057998,355,395,8
89edbfa4-ea23-40d4-b23b-f7d164560416,367,358,2
5b57f545-a56c-4084-9b8e-406c4c06d9d2,316,276,9
bc592831-3acb-48bd-9239-fa486b14d442,665,206,9
90536944-d41d-49c5-9b4f-8ea4ac943e93,890,421,2
8cce7ce0-8931-4338-84c9-a67c5c9ec903,933,41,7
0743bfa6-991a-4d19-b782-933884a639c4,912,266,7
56c9dbbc-1460-479d-bc30-a93c2c8b59ec,72,454,1
bf405c2d-fc8f-44ba-b768-c6d8ee1e1cc0,53,59,5
2edc390d-dd3d-4f64-9ba5-7c3049750537,973,482,5
f4a0d655-2bf8-404a-b2ec-1a583e9a18b8,572,251,1
00444caf-b6ab-459c-ae17-064fc47bd64b,137,225,4
33885c10-538d-4a64-88b9-930bbd24d6de,555,490,8
8a96e4cc-9b49-49c8-9542-6777d929bcac,912,263,6
adf9da42-cc66-462d-859d-5c59af742f91,667,483,7
cc6e48e8-5caf-490e-a2a3-93fb9d2d8d7f,754,215,9
61d9c17a-319a-4093-b638-da896fc2d049,232,60,7
edae43fc-d45d-4fda-b41e-97a19e2f3be1,175,375,6
c8cffbb6-bfe1-4db2-a89a-4b72f50cb022,516,158,5
77fdcbe4-6ac5-4a19-b9db-ff22b1aece34,674,33,2
8f77e7fb-9bb4-4cc8-8b7d-f3f6c1f458da,559,452,9
0a5a0010-eacb-460d-96f4-bdc230e48743,996,20,6
b18c0211-ea19-4d4c-a1b0-6c1867fce814,63,28,1
1d0a2120-2fdc-402f-bd9a-e4f0862b6189,785,75,2
42207842-3b58-4867-b565-9ee42e5556f4,156,76,3
99738dfe-80a6-4273-b186-0c104361ad6a,828,411,5
b067a145-b726-428b-8d83-6c2cd8665997,469,176,6
10d81aa7-62b3-4bbc-9a35-6ef652946c76,945,100,6
a0abc0e2-866f-4f88-b548-87fcb046e851,448,210,7
39deec2c-a79a-4a52-a218-4774a9067a0f,5,215,9
ec948bbb-e2df-47eb-9f7d-32825fdc45c4,175,44,2
8164c99a-eb3f-4c08-8bbc-3149cbccd919,561,173,3
aae6c8c0-fcb5-4c3c-b215-38d504b3e29c,335,496,1
f60fcd8f-345e-4f23-97d1-6d3698addd05,680,363,2
1615b5a9-b77a-480d-9145-a6ff389bd076,711,62,3
1f0c1ea3-c742-437e-b57d-8d42fe38e148,766,451,7
48627a8d-0540-45b6-8195-7aa919b31792,186,311,7
8ab67be2-5970-45f8-a42c-ce1a861fee95,768,89,9
d316af8e-456e-4d4b-8389-2fa5218a2643,590,464,8
8f29a143-4b55-4a3a-9df5-baa4a31e4b1a,359,423,6
2e501205-7e21-4124-bb45-95a7c526e6ae,488,9,1
ab2558bf-24bd-4e91-85ca-3773fb4332ad,818,264,1
6059b3e6-c3e2-4e8b-883d-e2ec0cd338e9,956,186,1
b768595b-5295-4c47-b7c9-4eece416abdf,756,385,4
b36edbdb-156d-4cff-9cb5-db9aa5b220da,166,287,7
cfef1898-364c-4d15-bf75-9b1e15c9a4f3,385,143,9
2c8be1d2-c564-4b42-9578-78fa5517f843,419,350,5
3b321c4d-e820-4674-9229-ed5f71a1ec82,737,44,2
697312ae-03fc-4847-89c4-1ffe29ecd3a3,363,80,6
28260081-e62e-4197-9542-c6a1e4710316,119,337,6
a6a81856-0809-4e0a-ada9-f1d14bf5622a,39,54,4
f5375566-038c-4fa0-8638-666cbee356d6,683,397,5
69e3865a-813e-41db-ade3-5407438baeab,816,395,2
ea6d34a8-1932-4084-962c-95a728aed707,581,153,4
ca08a914-b952-4883-9c84-3a7d57eb6824,176,340,5
7ce75b58-c513-4a13-97be-fec169c8d645,623,124,5
5c71fe06-6bdc-4ad2-be99-01e3607be26f,464,234,8
c84fb1fd-6c48-41c3-8f08-3657ba352846,537,135,4
cfbde0fb-b15b-404f-adbb-b8841ae034fa,713,448,6
28dbf767-d055-4531-bfac-f00b1dcdad36,876,307,6
b824ca24-49d8-4dbe-9566-d25e30000c49,279,183,3
de414755-60d6-4147-ad11-cb559d96ce77,946,411,5
3b7ea721-0fd1-466d-90c2-f97d99b3b6f8,704,78,4
0df61982-a066-4b50-a07d-ee4942abf043,150,458,1
809eaa01-2baa-4165-85a8-9cea41e92f89,946,477,7
e4e6aec8-d677-467f-931a-6f5b686dc40f,727,213,3
993e90f0-0095-412e-a2f4-cf341e6a8116,789,450,5
c6156b8f-49d3-4301-8184-3b4b0a7a49fc,344,21,9
c9f50585-bc8b-41e2-baf0-b28824a65457,279,430,8
2e7f1a7c-1ab7-43d5-973a-51f2c6349232,623,219,8
2d1e8fdd-9f94-4158-ae75-ed18a7992edd,232,50,4
eadea6d8-2fab-448c-857a-bded6ab0c320,47,127,7
af3bcd1c-8022-4b1a-bfbf-554d14e0a83f,914,286,9
01e7235e-0aee-4ffa-9b9e-3085b97310e5,684,36,3
d07911ad-44dc-480c-b56f-cad5f612c7b7,240,191,5
917df788-1fee-45ff-9da0-bdf1db1f66c4,413,291,7
edfab66d-2d18-4204-a111-d188a01d1723,764,392,8
cb252409-29f2-46fe-ade5-1d380de54c1c,985,101,1
2ea41ea5-3410-4234-940d-1ea56b1fb06b,576,378,3
dfbcf8d7-ff42-4dc8-adda-c33d3f38ad03,867,448,8
3ae498ba-e1a6-4419-864c-94e43fdc56dd,75,433,7
8c7db326-f509-409c-864c-8dddfba7c545,150,97,4
665c5a6e-2e94-4410-b4fb-3b77f149e6ef,304,185,4
7e67b77a-9457-46ec-9ae5-b8ef665cc6f6,573,206,2
13fe0e26-27ca-44e1-90f8-ed339919d0b7,612,256,4
21f4049d-f424-4c99-bc47-60f86ec8ca1b,189,494,7
d431d176-7a95-4237-9c62-c9a0360c0eca,394,237,2
ac657c83-b163-4196-9e17-916228bfdd12,999,258,8
410c5a04-9f6b-4286-b96f-2b6b051c4c6a,444,227,7
bee78df0-356e-41d1-92f6-96d0734d2348,994,233,4
fd1e458e-7b2f-4ee6-91df-78253b8496d3,894,296,1
2c99dfac-5640-4f90-bf31-f43d0553444c,143,302,8
a424c670-e8e8-4982-83b5-b5a0b1ff4b79,982,114,8
6dc31277-2250-4511-a3a6-361fc3638409,158,349,3
ce7e2183-cfa9-4047-9bbb-6d9e07521e70,258,9,1
f831e7c7-6fe2-4ac6-b67d-0ddc7f1e1776,77,420,8
4112f567-b8cd-4835-9889-9f4300da4bcb,193,369,7
c503c371-e176-4ad8-9446-02ca584b37b9,881,226,4
2cb3ee08-3af4-4cb8-be5a-e19c8a684a64,611,113,2
b66da7a6-d89c-4759-9ac9-4e6f2cca3175,809,432,2
c99163d0-a608-4dd9-b061-461d3c44731f,26,261,5
2fa0db1e-c4a2-476a-b36f-c73db9b8aab1,256,54,2
f6537cb4-1254-4fe4-ac2b-b7fdb03bef95,3,178,2
ea095287-8ea7-452c-b585-52ecc708483a,643,3,7
7d1e6eac-6b20-44cf-8b9a-d2e4fdbf6b06,505,285,6
acafb1d0-31a4-4006-96ef-c093f5d579c7,536,60,7
5ad25c27-fbf6-4b44-8a36-2b2fb76c9d0c,494,292,6
01e3967a-8059-47ff-95b4-06a04e137ee1,645,351,7
08c968ee-881f-40df-a07d-af74900905fa,545,368,5
fd9e6e77-429e-44ce-8c57-6c480e963533,706,433,1
bf533bad-bad8-415f-93d7-7d695d82d750,729,90,4
bdf78b6a-c036-4a61-8347-15642641bbdf,357,146,6
f657206c-ba6c-455e-9340-5090dda361c3,550,384,7
25f8958f-3380-4962-af79-4b9ae5f9dbe7,149,93,9
8a61d616-6618-4e2f-aa7b-1b1413855152,528,234,3
0e8294ea-e98c-475c-be9a-cf2a75027cbd,13,18,5
1e72334f-ca12-4d73-858c-d6949f891b56,348,322,8
f177298e-6c41-4437-8535-cbf54ee349ae,942,312,5
f72b388c-3f0e-4e00-86d7-c64d2a5eb80c,903,282,9
f84672c1-171a-43c7-a170-d90add33d2c1,623,69,4
9122d96e-d681-4d89-8bca-db566fad111e,931,287,8
368ea86d-5622-4279-9bf3-43120a783fe8,207,329,2
2737d449-6f0c-467f-b4ec-fba8b5db08c0,581,12,4
ee35834f-4c6d-45c7-b003-83a21008498f,537,169,4
b8365aa9-7bd3-498c-a31d-b12e674c850e,513,57,4
899942a9-dff1-4b17-a68a-4cc6594238de,177,27,4
a0689efc-bd55-44e3-b438-99775eca7c8a,721,296,8
9915703c-8bae-4793-a16f-ac2a44a31c5d,809,284,2
8caa9780-9813-4184-bab2-ceaf2fc3f9a2,855,400,9
b3564c94-e023-4d07-9b72-c9ee73a8e0d7,362,405,9
7dd71d52-f5fd-45eb-a4c6-58f1e5c6d376,580,325,3
0c1468d2-c440-4d33-96d6-90d4c5bb9686,348,153,3
ddbb634b-edc0-4d53-a7f7-0dd9f2340a47,192,377,8
5c675b09-2b21-4a2b-aeb8-7e7c4c85cbdd,264,428,2
819061d6-c017-47e1-a173-52c3f84ced14,831,172,1
bb3d5d3f-fbdc-4e16-917b-86030a10047c,1,97,4
2739614f-dd94-423a-b4f4-5a5bfe372ccd,665,14,9
fe2f3d2f-11ac-4c7d-aee6-33db5664f992,869,288,1
516588ee-8861-4ecd-a8a0-b3f42132bea7,725,45,7
146c1f28-d009-4d7b-bb44-2124a84281ea,318,400,5
c4e4ac03-2c71-476b-a9cb-980c1fcc919b,250,263,4
97b3e252-e42f-423a-b544-2de3a63677e3,864,422,8
4ca075bf-5f67-4795-9e91-52a83e38f6d7,667,71,8
8349dd65-329e-4d74-8635-bd7344a1687e,492,169,9
16e789e5-5f1c-4c69-9df4-d7a2e2e42dbf,946,468,9
621237e5-b3dc-42a0-b777-94c1367b9be4,49,466,8
9d5419ac-8e42-413d-9ff5-058cc4f8a69f,141,459,9
1b879af2-b9e2-43af-9d09-56f55e50d050,56,68,7
f6764489-f2b4-425f-b542-467b95d3698b,134,256,8
45f07426-85ad-43f8-a0e7-7c1479726090,811,409,9
1a72635c-8aab-4d05-b890-4abe719357fd,25,315,7
cfbf668a-8ca4-4faf-a601-3aca87997c92,337,78,1
27bc27af-0eb5-4ade-8811-a14211b462b9,12,437,1
de7c2cd4-cfce-4bee-a3b3-b7e95aeff727,97,99,4
5e008a16-a772-4b24-a756-a5edb39fbf07,387,69,6
0d87f82f-57da-4a26-8496-5279db681466,807,77,4
2e116b69-f0a7-4502-9a90-8f70436454df,45,443,4
4d140216-a615-44f7-ba86-e7d4418e6a6d,672,37,7
dfbdb53e-01d0-42f4-ac23-d1a1144864e0,236,298,6
3442fcc4-a7f7-4535-ae3d-a920758bb0c2,787,107,9
135771bc-bffd-4fcb-af07-1c93b3c52827,197,126,7
eb6fc9c7-a37e-4d49-b34c-75e5ca1c8f44,621,307,3
cdca86d5-bad9-4ede-bcd9-d5912810cdda,344,64,6
21b8d7c9-8b9e-41ae-a932-a06b50e286ec,691,478,3
e9f79b3e-a1b9-4b18-9b31-6004e244fedc,76,301,9
9c9d4c77-ae11-410d-8f92-bf2f1ec13b16,411,393,9
cbd9cca9-5450-44f4-b1b3-dd247866ffde,465,222,4
026b530a-63fa-4239-ad59-9650cbf14604,847,114,7
76619c23-30b4-4956-bbe4-f8e1faf93fe3,274,246,6
b8f509c5-025a-43fa-abb3-8fdc42ebd028,772,226,2
a69370b1-764b-4725-8533-5f2151e60246,365,446,2
e662cadd-4e4f-45db-af05-9e068e5f4809,599,476,6
eac5c5fd-2d88-45d6-bfff-6ec97d8822ce,231,210,1
6f649848-cd06-45a8-b440-1494668deaa9,735,17,1
fba2a415-37d4-4767-811d-e9a5587f542c,823,4,7
f0c5b130-00c6-4712-9b15-702aeb62dff1,177,12,4
e419f303-68f2-4f69-85ef-b04c9caf29ed,459,138,7
121dd5f3-e256-4106-9bbc-c97e9f8ad079,559,178,3
1f4d0d7e-b536-49e7-8383-9b7939685853,611,155,6
20919d51-8a9b-48cd-baa0-58576cb6bbcf,330,265,1
e52e608e-8160-4ad6-9a53-b8ba73949ac3,559,179,3
19d00302-fead-4a8b-80b5-eb63bf6d352a,849,424,8
90a7ef45-9ef7-4f91-9441-bea578fdab4c,401,270,8
598432d8-c6da-4824-9bd6-13384280acf8,503,324,5
3684092d-b8f9-484b-b4dd-9290c336612d,950,54,4
b59355fb-33ae-4d5f-9452-a7a088bb061a,164,443,7
290bd324-648f-409a-8a1d-9aa01452b946,986,58,1
4dcc64c8-93ff-466b-88bd-88fd21788e7f,188,235,5
154a4e0d-7073-477b-b8dd-9216ee002f53,812,279,2
c3fe67e1-e5b0-4b25-b2cb-efaf1a23e545,153,189,9
731b829d-6c4b-497c-883b-9ed99d5e2e72,24,350,4
f5fb83ce-f46e-4340-8628-75a73c3a55c9,997,20,4
064ed7fc-3ced-4737-a7d8-c0762b6723e6,250,256,7
015eba31-f228-44a3-b162-ee9fbd7884ad,792,89,9
ca188a31-e9d7-4ac5-9678-3865a40983f2,844,476,7
7dc0cb5b-bf90-4564-944f-e7413bf22667,330,137,7
4a599804-9caa-406c-b900-7c42ff702f31,898,258,3
5661151d-22f3-41cd-a4dd-a716b2368842,17,492,5
0916208d-b888-478c-9c17-17a4970eb836,114,497,9
681f3441-ef47-42fe-94cb-0c27492894ef,523,439,8
40fe06d0-920d-4c84-8aa0-1a857ce68512,348,438,9
70575fd1-645c-41d3-b5cd-35d334efdc89,994,265,9
729eae50-f3b6-4dae-beaf-61f774940738,307,333,8
8d767b64-1c2a-488e-a2f6-7df68b6e16f7,878,83,9
2f539536-4739-4022-a480-24070505ab7c,5,299,8
fd7fc94a-7ff9-45b4-b97e-5eb753b1a24e,297,132,5
be3ae1f7-8301-49cd-8a6d-250c1aae9f53,985,51,9
6f600e36-8378-41ef-8392-7a636cb709d9,903,83,8
ecda6744-47b1-45a4-ac4d-552550c47750,761,5,5
881cd311-c336-4640-9190-daaaf70b3a6e,756,305,1
1e5f59bb-f8a8-4f43-99cd-bb3a38a4c052,442,470,8
fcfc73ff-4552-4494-9253-acd2370274b0,233,120,1
980be23f-b0c1-49f7-9262-9e2193fab06b,241,70,6
ac2d1507-7bfa-43be-ad22-c43aafcb273d,367,114,2
6f8f0979-8947-4857-97e7-5e8513389664,859,227,5
6f11ac42-f28f-4e12-bfe5-51757d901fa2,626,59,1
5ef480b2-1b4a-4400-a55c-1447d50bc175,388,161,3
3032c1c8-ca69-41cf-80bb-e5b314130dee,421,65,4
9de78cce-85b7-453d-ac76-0cbb904bb979,487,206,3
ad267393-85c0-449b-917b-473dea810283,904,308,1
5dc1a573-af85-46ea-bbd6-2a4516591665,505,143,7
c16f9efc-6cdb-4bae-8d6d-4c89bfaf89bd,404,44,3
79f0e0f5-cfe9-4654-bd15-c94425fde730,165,434,6
e54ad248-0f04-4133-9acc-5d2ae5128da3,211,247,8
7560f08f-d263-47cf-8186-c6be32292672,373,383,6
7a008b75-7b21-43e0-8c59-c25c2c12573e,473,21,4
93384590-1e1e-485c-a7e4-9020e0dbbdc8,110,354,6
5aacded8-9c83-4bd5-900c-d0ac881ad2c3,442,322,7
ad28502b-9071-4e78-b7d0-7a9543675046,685,463,5
cc576076-4c68-4e29-94b6-9191d623d523,194,242,8
733473e2-0890-4d6e-9554-3a56720d4ec4,687,422,4
899a7c80-5dd0-4025-847b-555e26371acc,780,413,1
e0bd2033-0d60-41c3-abbe-d9e7f8ff14eb,51,154,7
b499286e-3d73-4082-8ead-96446a85ee54,876,301,9
e8189e0d-c777-4295-a530-05efb393d6bf,634,408,6
9e06dd60-929e-4ee9-80cd-8de4290d8fcf,713,449,7
6227793a-1007-4623-b497-6287cd82fe4d,516,6,9
d092242f-29c2-48e9-81ef-bf3e434b9aa9,737,462,2
b9d863d6-9ac7-40e8-b054-8569635e59af,651,48,6
6e371d0f-0221-4418-8832-cf31cfb6c066,777,433,1
de5986b1-f0a9-4a32-8ca2-c22486465e33,102,434,3
0f36ab4a-bc40-43ca-a9a6-d0fadd61125f,89,63,6
ad4d868c-b5cb-4e40-96ea-fcda3b4662f6,829,357,7
ae33eb40-0313-4bfa-96fb-fd146d257659,816,248,5
8b126038-5871-437c-811c-721bf01fd867,704,62,5
fc2be57c-d621-4cf2-92c6-6f84bc3fdd28,84,252,9
f5d86a0c-e553-48a0-ac89-2c86968aaf4a,325,278,8
f22e0513-9a68-459f-b784-3f8944aaa9e5,970,267,4
e8097b20-c65e-4b7c-95a7-0d2e75b1b144,257,7,1
155afd0a-fa9d-4380-828a-841007ce5032,233,394,6
dfcf58ab-f93c-49f6-b868-8346cd57afb0,171,38,3
6d2bdc53-1a79-4bd2-a235-b8e1a73e44a3,29,444,4
f0a1dd68-23b1-4a4c-9a33-2ac3cb31c53b,668,342,5
197b90bd-91ef-4fa7-8eb0-5c76ba15f00b,221,183,9
a3c1b731-431b-49b3-b5ed-b42227a2657b,174,455,3
e083322f-bde5-4a15-b9f5-ad7035f54dee,183,5,5
427f842c-41e2-414d-ae92-48474fae76c3,902,105,8
97641fcc-b120-403f-9303-6e1bb8ca1a2e,287,27,4
8d14451e-6744-4e6a-97b0-0ffc3ee3e128,157,168,6
7ed83165-c4d1-4cb5-909f-40b2b382f3dd,425,77,6
5bfa0ab0-a0d8-42dd-8c79-0bc808259ecb,477,15,6
e0c72efe-bfc4-47bf-acc4-fe52ac34ba61,739,168,2
52fa606f-5b9c-4930-bc1b-408f31db202e,100,186,4
fc9419b4-5312-4624-bf1f-300e70420b0a,784,448,1
b28e7e32-4e01-44d4-9bcb-eee7595e6e10,176,67,3
2bca074d-db1f-4e88-adb5-8642d363dc85,998,430,4
b6cb8053-78a6-47dc-9f57-4d793458e204,387,391,7
45ddfcb1-cd13-4dfd-b5a3-05989b056fb7,813,250,3
659ade34-1b77-4bf5-bcff-b573eea92f9c,505,385,4
b92d9db9-2ba2-431d-9a2c-1f04d91c8182,616,400,1
ca8d4ab4-dfdc-4655-9868-30399eca2d77,287,253,3
fcabb1e0-a483-4608-b096-2a11629b284f,534,101,6
d399870e-415e-4a9f-bcc8-d97a96c8dfdb,302,380,2
e67ca891-d81a-4446-94a1-6217e04838d3,938,3,9
e840b83a-7621-4549-b938-a0dc55e7f886,248,124,7
cf34c961-c389-4834-a0dd-8e17633e0e46,936,224,3
bc2645d2-e97d-499a-99b1-7e49b7e90662,57,221,9
c227c964-f5c4-4642-8501-bce150734e6a,918,75,9
802c156b-1c50-494b-a4b1-31bf149f71cc,458,127,9
912cdae6-323b-45a0-8bf3-e8862fcc73f5,897,299,7
ceb314b9-66b7-4ef5-b7bb-4b64acbec541,325,401,2
5c287d2e-2232-43ed-84b9-1a88d4462f94,697,126,2
4d2b16f8-49de-4b7e-9808-bf84253219e3,543,175,8
dd01d094-dbcf-4141-aee6-3c79a6dd8427,336,382,9
fd357b11-7dff-49de-b5bd-f1ba18e609f5,833,95,1
b1db2263-96dd-485d-9d9b-7e7a76b6b9e2,314,306,6
97cbf97d-f203-4564-81c1-ebaf625185d0,354,120,7
a3b84002-6837-4a46-93c9-83c19f65e319,621,308,2
6099ef07-ce7b-42d2-ba26-a87830dc1f96,868,443,6
d2de482e-32b9-434d-a1ec-d96d9eab63bb,47,83,7
4c3bb1f0-3c20-4d8a-b14a-b3db6d2915e3,805,416,8
cb3cd059-0199-4308-be7a-5924055f1da9,545,164,4
a4aced53-2883-47b0-a485-c646779176fe,818,486,4
41780529-8955-4151-b327-78487d8b7326,792,403,1
48ab5820-0755-41ad-8a8c-3c0845c70781,689,259,1
3d06f991-0b46-443d-8bea-232e3dd3a383,265,448,8
938bb99b-e648-4245-914c-33961fca078b,394,356,3
7dad4dd2-4137-476e-8b56-caccb271ca37,564,312,3
cc6f48d9-1a47-4c07-91b7-c638b670bdda,835,51,8
286c5873-1640-408f-9a4a-c6748563b1f1,841,185,8
1f1ec88c-a0d9-4e9f-83f8-c777b119469a,352,173,5
04c0ff76-17de-4a7b-a27f-0592ed8ab632,732,153,8
1f34640e-24b8-4c10-babe-5a1822ae6a11,186,277,9
abfa12f3-e7d0-486e-8c33-2658bfee98d8,267,477,2
8b206c7f-7ed9-4d2c-9d42-bed7662b85d9,921,350,1
4b337c60-e343-4a5f-a3dc-c38b2c1ecf2c,836,248,2
58e6ff96-8628-431a-b109-3d5905fa4a14,487,487,2
281a62c3-4132-4ef9-a366-044ae754343b,373,142,5
fe9bf4c0-a75c-42f7-95ac-b408e66b1d34,698,422,2
0b1cc937-e68e-49e0-92bf-7f965e3aac1a,644,329,4
c7105a40-4dd1-4c2f-b71b-fafc4776564a,38,349,5
b3a5105e-0f90-4490-83ba-c1c232c291fb,751,87,5
c8f3d60a-462f-4fca-8247-3e131d16a857,911,76,3
0d121dc8-ab5a-4f45-ac9d-f2424ea57608,181,86,9
4e302e92-acaa-459f-95ab-d163814f91bc,259,372,3
761b5af0-99b6-4906-a9ea-6885d23a920e,485,327,7
5b8a39e6-c49f-4ab5-a1d6-7ae2305e70ac,262,383,9
93a859fe-4fdd-41af-b168-e9524a5bbec9,886,427,9
6c7797ac-6cbb-4371-a322-d16a4d80ea46,779,435,6
67f21510-2067-400c-847c-27a5378c932c,335,186,8
c07a2960-590d-47d0-a74a-fe6ceafb58e2,967,127,9
1eca2de9-ff8d-43cf-ae22-97a0444ca833,762,293,1
d803adb4-257f-4807-9e8c-b9f17a07539c,930,175,1
7e109cb9-79ca-49f3-ba1f-24022c78f7de,273,148,9
d6b285eb-a47b-4a3c-aeb7-0035b291a8e3,806,84,3
39bd75d5-cf67-4a7a-8578-9361e9201daa,847,34,1
6d3178dd-91da-4b8c-90fd-82e47a18abdc,842,477,6
d3b4e9fb-f7a2-4b9f-8298-2925a0325a6e,183,434,5
99ed3262-30e7-493d-82ff-6f4254a30079,916,331,7
a45951c5-3864-4c31-bc2d-4c36c66c6474,254,298,2
a22ba793-2158-45a1-8f51-7ccd9db9cb4d,337,252,7
b762387f-6f80-47cb-b124-8efe5d2dab3d,498,116,9
8d2973ab-0835-494c-97f4-61ce2b78b895,461,233,5
d11893eb-3bda-4e96-b96c-7eaa9d5e77b4,282,60,8
ffbad59e-f08d-4046-b981-3721d132d9df,12,234,5
7e8a183f-780c-4618-b9bb-f8d044acc0cb,635,76,3
fb5fb600-1637-4f0f-b0ce-35add04c8263,661,109,6
d8aed721-3cdd-4adf-9347-12c3a07a09e1,330,131,3
fcfc56eb-d2fe-4757-81b9-29bd4eb4e448,79,431,6
d8f65ab0-9ee4-414e-ac52-e875026cf386,304,118,4
d43d9aee-7640-45a0-af61-1dcdddb91d8e,311,402,4
a8f6ea2b-66f9-46f7-8de7-7603c658de0f,140,376,6
f0eefc7f-1028-46a8-9578-f0061203c919,665,355,4
02382927-2439-4ca7-9ce8-b290c4d5e2cd,32,339,8
d2141f04-adb9-43fb-9fec-b7649fe1e1de,26,494,8
5817897b-05d8-455a-931b-7f001bb92fd7,660,315,9
64a14af2-9612-42aa-8f73-cfd113ae6033,933,324,9
a469d76f-1d15-4fe7-9209-e4b78a341e0d,44,287,3
6fcf1840-691b-44cd-b5b9-02dc8d7ef568,279,245,4
f332b4e9-4485-4368-9f66-295840e90935,743,231,8
aac9cdb2-acf1-4eb1-a20c-70db77cc8a1c,75,109,3
66fb4188-7a4d-432d-abe9-b40b5decad49,994,102,4
56c98bd2-538c-4c01-94d2-346fb05a01ac,895,110,7
fa8378f4-6df5-46f0-a330-1698f16e79f8,703,347,6
4e011c69-9664-4a73-946f-776172f27481,160,465,9
37541565-e039-496f-9ca7-29cabdad19e0,774,484,6
11a30940-2b9b-4c81-ba6c-dc1600ab0c9b,517,8,2
e1e2d51f-9d2a-40c3-8006-6372b06eb109,716,148,8
3ce80038-b0b8-456f-8ad1-6f0cfb01c9dc,678,312,4
c44dcc77-699f-45b0-9ed8-abf1ada7ec09,379,500,8
54396586-8b0f-4728-bd98-cdbd0c412b8b,524,101,1
6f7f909f-4489-4f0a-a718-b42102e073e6,516,261,3
3053dd04-b747-4dd5-b089-4f830b40c1ae,728,233,6
51fd9104-5bef-4bad-ab51-2afc5a6c9bf3,488,18,7
593ec5f3-43bf-4c3c-9124-4f39548ec45f,787,378,7
a86152cf-e176-4081-8297-ff63f7baabf6,659,467,9
2ca49ec2-2b11-40ca-9cd8-70ce5d3456dd,900,350,2
d6192212-ae1d-43d5-aa07-5e8287234f55,540,118,9
5f33298d-bcd6-4e9a-83ef-ec241acfdb1f,786,231,8
d6a77868-0ead-4132-8301-7e5ed5dd3108,402,438,5
7b0a028c-dd7e-4c10-b672-a76fae17fbeb,102,498,5
2e3dac73-04ee-48eb-a6ec-8c56f6f157f4,467,87,6
67c4b2de-fca4-466b-b91a-04e052d8a57a,127,496,3
d1fd2366-0fe1-4532-9dfc-55f9bad9189c,708,12,9
e7147d50-4a01-4562-97df-de813b03eb3a,13,381,3
4042638f-44d9-4a5c-ae1b-00c10b7d0ad9,270,59,4
895126e7-9dc1-4115-93ae-d988c9a71b44,822,199,5
86c40642-2c24-4f18-a699-395fb2e1a26e,747,10,6
5beb7740-05f8-4d8e-9876-8dfc5060bc07,913,242,8
a50bde2c-70ca-4af0-aa7a-593b019a9dd0,220,200,5
2540e529-5a75-49d1-b901-a60ac77d7882,201,273,9
4cbbef3a-045a-4407-8283-df88c98a626d,671,173,9
de6f110f-3757-4176-a507-aa205ce9a2b7,546,492,3
37d05c31-b4da-40d8-abfc-0ff72bfd8f27,83,127,8
b54387be-3606-4d2a-a67d-7c76fad6b254,572,255,2
09a76768-58de-4bb3-9f21-6a6df0fd4a24,851,75,4
a35bb2ee-2b1e-4cd6-b35a-f868c9ce9638,759,244,1
52896553-864a-4ccc-8e1e-5147f2cdd079,113,107,1
2366c4de-9b4d-49b6-a5eb-ea94f5d69fa7,530,245,7
22eedbb0-5a2e-4386-ba37-6c4d237f6499,710,60,4
6cc4df34-143d-4fd6-94eb-ee32622e0d0b,240,436,1
eecf288d-2a3d-4c1d-ac55-a68c38a0497a,957,295,2
8588a208-f167-40e1-879f-41fd1e61f4e0,759,256,4
42f596ce-b210-4c2e-9016-0eb2e33da2db,107,347,3
451ed5dd-7450-46b1-a1ce-c099c18da19d,549,102,2
4faea3e5-fbf2-445d-8cc0-47e0f00d5a9e,104,163,3
858d02a7-9d19-4942-9711-551f5b2168c4,434,194,7
0ecc6e00-8797-4b08-b9b1-79bf099d6139,44,45,8
94ee6a5a-62b1-4eb9-b4fc-abb81c369bbb,397,431,5
1554e054-3b25-47c1-a53a-e2393a222166,89,245,2
202bbcaf-2a1f-4777-8ac9-6cc8f4abea08,152,53,1
1f2f64eb-eaf9-400b-91dd-baad1dc9d3fa,153,318,8
68dd2a96-8b45-4aa1-b3a7-bfd1d91f72bf,625,47,2
4a4a4c26-36f3-426e-ad61-dcfdcd7eef97,283,192,3
5f4fcc63-bcbf-4d8d-b4c2-abd624b34363,466,459,9
6323c064-6a9d-468f-b006-9e058cfeb2ea,168,461,5
28cb5e93-b40c-4a19-abf3-cb085861a38f,509,486,7
1909398d-7040-41bd-912f-43bb8ba9fe2a,862,20,7
41f8b1b1-2866-4953-a4ee-fcaa1137831f,78,256,7
dbcee20d-d7b8-44ec-83bc-6803e32045a5,10,265,1
d25966ce-1f1f-441d-9643-280675d866d8,529,427,8
8bda0208-778b-4714-bb31-0d3f2613215e,877,94,1
c673c395-8931-4c99-b6cd-263eb84b751b,937,136,7
e3b2cb5f-9954-4c61-9613-e49a2ff635f8,252,317,1
12ae3deb-2af5-4e25-b782-d6d299ef3b47,844,296,1
aa283939-0a94-4f5b-8233-9a87526656ad,385,206,9
3765f80e-800d-49ff-b499-2134ee8d81f3,555,186,8
2342a9f1-0634-4060-a087-e2519a5d43a5,603,95,2
96179868-6f19-4063-9105-7fc939acddfb,6,80,8
e09e15aa-5f5a-4f30-9154-d13f7c113d45,641,92,1
5143ddd3-5af4-45bb-b986-4c20136e38cf,50,313,6
daabce33-23e5-4213-8428-bab243f56785,338,70,2
39bead1d-14c2-4fc2-bc79-f2746e6835fd,613,16,2
d8458316-ed2a-486c-ab12-661c7bfe2a4d,998,129,2
7dcbf476-1a01-49ff-a150-74343f5950ca,768,63,1
a68abbf9-e79c-46ba-88ac-668766ee45c2,732,174,7
003dfecd-640f-4602-805a-32b2000de902,692,8,7
49f9bcf0-5e7b-4891-b829-dd9b58efd9fa,719,112,5
0f6356b6-155d-4067-b315-3dbd83c93685,312,230,6
55b46cbd-f493-443f-be12-dab3e9b8fcec,767,348,3
a660c34b-e371-4aa2-b831-d34936ac409e,619,326,1
8b30a602-319f-4749-b907-4f9e18ad3845,42,67,4
7223cdaf-3ebd-4ae2-b059-796dfb3d6125,855,330,9
d92e2179-f3fe-4aa7-b5d3-65f075c51a0e,487,137,1
297fe8d4-a8ff-4f64-bce5-13b5692cdb1b,261,223,5
03d60da9-6ec0-4165-94ed-28131b8ae40e,395,82,1
57086c42-ff88-43b9-9dd8-5b1c184018d9,247,102,9
21ce663f-ba5d-4af3-9f7d-b7a70dc1c943,898,84,8
8b297c45-0ca0-4b40-b2e4-365417435d6c,527,410,7
a478dc43-4d0b-4a45-b308-20a0c0bfc155,427,381,5
e75fb500-2da2-41b9-b830-bfc40596d6ba,91,119,1
cf2c9fce-b86b-4cf1-baee-f3fa9bcad555,107,69,3
7d77d37d-d77b-4b6e-a50f-9f3e5613cb87,228,318,7
bc5480ce-18c9-4d5d-8e15-7c8be81fde29,94,96,7
06aef856-75f0-47b9-8123-07add21ab54b,691,152,6
c4e2af9e-02ba-475a-b0da-6bb358fb692e,827,429,7
2171b194-a63f-444c-b8d2-183991be0741,213,252,2
99791cc8-e938-4795-8b14-881e2c85bd24,90,308,5
43d6f516-906b-44ba-b780-2f912c47f686,626,16,1
a5f8b973-574d-41fe-a2b4-2462fcf9ba41,156,410,5
f8bee00d-9b29-4cb3-a67f-5d7f01c9803c,153,268,6
b6ac66e7-2e4f-476a-8633-62935b29a3ff,565,331,1
d5071a11-4aa1-45cf-9559-1c788509e8a6,606,317,4
09bb1341-baf5-48f0-82dc-26e13591297d,311,132,1
6fd6d90d-6d74-48b0-8e9b-a6d83abc28c7,711,254,2
da8f8c02-a7c4-4a8b-bee9-b16c01304742,186,45,7
66718c7c-d9f2-41ec-b411-0033d2c07747,549,92,1
ec3910ac-37df-447d-9cec-a7e20b21a0f9,737,379,3
dd38834b-9a17-4765-acb1-f191d6128dec,54,301,7
348f7f4c-5a13-4d69-81a8-8362b47c7820,40,440,3
f5526617-0422-49b5-86c7-169f41b85363,930,64,9
12f8011f-5785-4331-8b76-738f51c183db,225,185,5
c33e7175-58f1-4b95-b260-9d4b037efc36,478,121,2
055eace3-be8e-417d-b613-be4db9e7dfdd,475,291,2
78ac63b1-407f-47f4-83bc-6ded119fff47,259,92,9
757d3d72-8eb2-473b-bb15-fa41937e7b8e,916,302,9
bf3ce7cd-de1b-407a-8189-44c95d6903f5,185,133,1
66e649d2-5204-426f-85bd-0178db62b666,426,147,6
d778b857-3401-4a6e-8c15-0511f07871de,920,477,9
d09dcb1f-4984-4a7b-80c6-cd8d34786030,530,132,1
9eb8cd99-9c48-4cb4-8d20-ef918bb528a2,629,45,7
326665f7-06e4-4357-9459-37f2e2b13b95,791,439,9
eb27aa52-9b0f-4e62-92f4-4e75f14df7de,370,106,2
2bc9c9fa-4e60-4c7d-b415-70c5cf3b8936,581,479,2
1dc5e18d-a0fc-406e-874c-0c4fcde0ccfb,625,317,5
71373bf4-7a73-402e-9a0b-130faf74bc15,65,108,7
fe28223a-45c4-4d68-9c7c-5c860fbbf56c,932,337,6
0248a8f0-b1ed-424b-8cb3-577effcec118,939,429,5
c1a69452-a1ce-4b75-b0d3-9ffdb1524835,399,377,4
2ececa46-259d-4e9d-a993-deb187edf715,304,475,2
ed2b1eed-0366-483a-8a73-eb03699bd5b2,553,380,9
7061c947-614d-44fd-94ab-928e381d84cc,5,46,1
7f554fff-009d-46b8-9f7b-3da33ee07adc,918,415,5
9d879561-7b38-4541-8684-d69764b74bcc,74,155,6
be4fcda8-5858-4aab-914a-78dd4c198caf,517,328,8
a36f6ba2-9676-41a3-bb32-d427b0ff28b3,837,60,7
bb13bc7b-457f-41d4-b0dc-ef38158b54a0,68,217,4
b5921083-96d5-40d7-b36f-2accbb42e79a,290,317,4
39ea633c-f984-4b42-aa32-8eb435bd302f,296,89,6
c18cde03-70f2-4dc5-b912-543aa3063e41,154,67,1
fedc29b0-83c3-4c3c-9962-7c079ecb3b2f,54,5,5
86e07a18-7b46-427b-afb4-e55b98dec758,107,337,5
7d53c223-15cf-4726-b20b-43175741969d,243,474,7
33453471-73f2-4158-a72c-5a662f86c936,627,120,7
47c07cfd-2dec-478c-ba53-50843db17cff,731,187,9
f8468a2a-af7c-4eaf-87f7-af51ae351fd1,173,445,1
cffee82e-e249-4c01-a788-efd9cb29455d,857,101,2
423a8d8b-8c53-4925-9989-513464b5651d,962,471,3
f7f591f7-0a1a-43d9-947e-487c6d297a8b,139,165,8
c9a7e1ff-3fad-4bfb-9f29-fe225c5bb43c,945,219,2
285b05ae-4283-4176-9678-0fb8f33528a1,102,457,7
cc648f7f-8bf3-4d05-8b88-1a1c152d1c30,528,229,6
1256a6fb-84d8-4b4d-ab70-64eaf0711760,50,34,8
1298f0f9-8caa-4eb7-9f2a-df8d16857e77,999,481,6
54f7dbb5-85f2-4982-a1de-c57aead9707d,660,425,9
6dc18c3b-fdce-43f5-af60-e42df937fada,563,328,9
ff2cfdcd-1812-4aa8-8d5b-bc65569993da,476,22,9
4ccd6491-f379-42bc-b297-dc3742103c05,505,193,1
dd8acfa5-875a-483f-9fe9-b060e6c4f013,200,281,7
701d346e-1a5c-4682-89f7-7190bca219f1,219,373,1
77000e4d-6190-4138-97b0-dc9fa31ede5f,560,336,2
6c7e3053-fdf2-4302-afa7-09c1ca838f17,737,395,7
cef0389f-009e-406c-b219-67b437637cb1,140,452,7
cd7cb2c6-91df-40eb-9d1e-1e79dd59f75b,306,23,8
55fd40b3-eb6d-4595-9b84-ebec1cf33f4e,609,80,2
b9551e71-830f-4bfd-ab20-22594920a8b0,716,326,8
63204069-cfa8-4e71-a758-c52b1f9c6368,534,318,5
1ca3b33a-5136-47b6-a038-80e2fc5bc362,248,500,5
99365e6f-efef-41c4-896d-a32de2c923d4,426,61,9
a9e5c615-2d50-42a0-9ad9-388ff94d0372,567,465,8
14dc382a-ed16-464b-b5e2-bf7eec5b3a9c,573,190,5
3f611852-d4e0-49e2-9bae-1e3c702b83bb,456,169,4
7804dc13-74ec-4e6a-ab92-f373178f2924,466,39,1
2a8cb251-954c-49f8-b834-cae32a882990,692,301,9
15675758-ffa5-405a-b35f-ddb87991979a,350,50,4
f61a6180-6974-42cc-ae13-418c7e365940,848,487,6
fcb67316-a4e6-436d-a77d-0a98053f6dc1,657,254,7
fcb32249-c8ae-4ec2-b52e-fcb07eb13281,627,448,1
bfc4329c-0941-4906-a29b-9f1e579246a5,432,355,3
c183c3b1-b35a-4223-a433-e9adf9560dc2,652,277,5
19b2e336-d3d0-4e77-9742-912ed07cc22a,749,332,7
d3a129b8-994f-49a9-9129-4034e9b0f4ca,894,102,7
75e824c6-762b-479f-b86e-86d53c45d602,805,280,9
0e781991-abdc-4dfa-b0b3-117e06d92c01,250,419,1
b62c8ed4-84a9-4e9c-b1a4-960bc4098e68,918,322,2
2579ad26-34d3-4653-be9c-428bc2493c1d,333,295,3
f5a582df-f491-4bce-b077-92ef548f4fe8,251,372,9
b45e307e-6ab0-40f1-8da2-5d8f5787fd95,165,281,3
ce9dcb67-dc9b-4bb4-b599-41390b80862a,381,336,6
f26aa34c-8e48-4f28-b66e-4a5ba32528b5,361,377,4
64b54034-e0d0-4f60-802e-795ff0ee8a3e,106,301,7
322fde9e-4a5c-4476-bcdf-008b2fa0bf09,788,399,9
b8104cd8-a370-4c58-b430-fb716b68611f,588,209,1
b93bf397-628f-4b5d-a842-e8c8ce31da98,785,126,9
545c8ad4-e721-451b-89a6-c36f187f7430,350,267,2
2cd5b9d9-8efd-4c38-ba76-9eeaa75fd324,367,466,5
32550cc4-5db0-49de-bb54-a72d6f48f7a5,9,494,1
1a73140c-015e-425f-9860-8d98accb2939,290,149,3
93d39691-9ea2-4f56-9259-93db86f12a67,367,90,5
1407fbb8-84d3-4535-8a66-b35446322958,36,125,1
ca043ce7-38a1-4748-b99a-aad31c9ff0ec,91,171,9
6a7a1703-f01b-4c20-8db6-d6da0847f10e,317,102,1
e27da854-192c-4087-b3be-1deea97f3dd0,449,497,8
7b76b85b-5f6b-41cd-a8fd-a84781bb85de,145,480,7
52f71972-5091-43fd-8a9d-99e8b1685e8b,768,484,2
e7a346ba-9284-4e39-9af8-75f738f24c6a,362,210,5
025983b3-df7a-46ec-be5a-c248aa14f480,350,486,3
6ae516bb-9c2d-403c-bf47-dad9b6a55777,480,454,5
2aefdc7b-c0f0-478c-82f8-9e178899d7df,707,335,2
ff10c70b-2e72-4620-afe6-a764e747c121,727,254,2
47bc4984-8e3c-4f89-aabe-76f0ca34ba30,642,434,2
84cbfe3a-4a63-4800-8f7e-8b1981997b88,818,78,3
a6d2c49c-38db-460e-8bdd-dd98647beca3,52,399,4
323ff03e-9ae9-4cbb-bbbf-29d1b45e6601,86,415,3
3e3ec09e-b90d-4375-88b7-af91ed1f89d9,315,201,8
806931b6-186e-4b75-861e-1318051d803d,701,181,8
1d47f494-1f7c-4628-8fb0-bf123fd1620b,770,468,8
8777fcc0-aaef-45b9-8ac6-536e05400be3,684,448,6
83603bee-3c39-4dfc-89e4-f023b49230a2,978,78,6
429a2ddb-a74a-4cb5-832e-bd5d8af012a7,492,358,5
aa3a6260-5c15-4ebb-b9f9-c55d0b3de2b1,848,270,2
0e330cb2-d63c-494f-8c72-7279b7ed97b5,632,110,4
f2b1da93-2237-4326-92dd-b8cf599e39bc,535,493,9
1e05bb08-ac22-4252-b24b-0f1477a8c406,397,255,1
bdc13006-5c35-412a-a548-e91908cd1948,406,472,1
c702ae86-9c30-4484-aa2d-974e14dca796,17,331,1
51542e3b-89b8-4bf6-8e1c-6821941b867c,71,247,2
8ace2866-9a04-44ef-9737-7ce94167b320,342,227,3
b660061b-b22c-42e0-b225-e94721e4b867,382,424,3
001b3db6-a9b9-4c27-b404-d02908c89b5d,611,91,8
d8ec035a-c68b-4ce3-b676-23a2e567ca9a,645,47,2
599d0b1e-00dd-478a-9cbc-5f16e64f82d0,947,240,3
92d41c43-91c8-42bb-a990-16abfebe69ba,452,298,3
8a1bdaeb-d701-401d-9480-7404dd32e4f1,806,169,7
89809813-2283-4144-b1f3-aef96aa872ea,680,322,1
5e367f28-6414-46f4-a73b-f0a42a5f3f05,601,490,8
ea786bef-b3fd-4bfd-8ac3-aa3f2ec612f9,173,49,3
e0d2d0ca-0daf-4c7b-add4-8ea451afec9e,304,255,5
af40b982-1a51-425a-ad66-868fb41f0a77,274,499,7
a17db92e-d9f9-4e20-800b-c445fc1c1a16,739,227,1
bf204a11-6448-41f8-8ecf-9ba1b35b75d5,721,466,9
6da1424b-f58c-46d4-b8e9-864ceb034a2f,939,266,8
4386fd33-bf3b-41f8-970b-c60afc313654,696,194,3
64b61df9-6be0-435e-9b29-6d13f73001a3,880,420,5
5d485246-2f8d-4d2e-96c6-e672a0c4ff1a,377,376,6
98377cf3-8316-4764-8af5-b5ac3603ae37,505,6,7
e7bec73b-0f32-4832-9f44-827a05193d7d,153,157,9
cd6f4060-f271-48fd-939c-4d39bd74ef7a,242,110,7
94436e3c-7243-445c-bb8f-08732ab25c7a,812,176,1
d3646ad5-b194-4330-890e-87d98d9dfadf,861,371,9
2775385f-d4d0-4fcd-9a9a-a4cee08092de,923,313,8
b33f4c5c-ea18-490d-87e0-8a03c6720e05,517,19,3
20a16607-be44-4797-bf67-3684128aa0d1,167,459,5
5393066c-796e-4dce-9263-6291c191c18e,982,461,1
5ed00c38-fcf4-4c24-83a3-551f1dc7cb54,649,322,5
0c45a148-f32c-4b8f-850e-f00484f9bba6,296,183,5
49ca1797-59aa-4ce1-83ae-46681f9bb967,938,163,8
8a8b9abb-8895-46e2-a327-a08f6b7e37e8,688,60,5
83cc8168-e207-402c-8d13-fc757fec7fa2,491,471,7
269cefe4-16d8-4520-9084-f97f195d465e,248,365,4
f39e99aa-62d6-45de-a1c4-55e16743e75d,75,334,4
45b1e572-43c5-42e3-87b7-c9c27b2cdfb3,469,348,9
fc282978-f162-4e95-9574-b55fb82177ee,86,432,9
fc1b514b-1984-44f0-b0c6-9f8e5062de87,719,223,2
c5b396bd-6099-458c-ba9c-9171ec25302b,811,234,3
f0170375-d517-445a-a448-f5ea4b289636,472,491,1
8e986a17-3004-4e3d-a8cd-179a14bf79d4,102,477,1
c2b372ee-3a88-4232-9481-0b6eda2d7b47,713,2,3
7b5cbc00-bffd-46b8-a4b6-e4be644c0a0d,241,195,1
3ebe5813-920a-4f16-9112-46cb724a3bd0,721,200,4
cb38c906-a884-4d21-b1da-96f5c4382544,943,451,3
6b3fd0c4-5322-4fac-81cc-3cd14c139b00,827,492,8
f4610d61-8710-439f-a55c-d5c83c8393c4,24,316,8
b3a9734f-439d-4049-9996-ed5eb2f72f89,421,362,3
6f7986da-6de4-4f2e-bd3a-375a978e050c,434,394,9
c32fb898-d2ac-418a-8cbd-ee97745977ff,806,63,1
b0f94151-aa93-47ca-8e49-796766e64acc,148,480,1
f33c0be6-dcb9-4628-9bf7-f808c66b672a,652,429,9
f04a1918-0e9f-4214-bc53-bb8c1f382403,81,188,9
c2deefc0-5281-4355-bfd4-9fba6391365b,60,403,3
8a50cc19-5d16-4dc0-948a-58c8bbdfdaf1,93,267,7
ff984bb4-b223-4516-9e84-e69f63522f27,832,416,4
6b8e7e58-d214-4b40-bea8-6832b2279e9c,979,321,9
4eadde22-543c-4c89-b9be-d83c1059ed1f,387,81,2
b864aa27-5cef-4560-93fa-7cbcb62cdd62,833,317,7
8695b9d3-3669-4d32-8bbc-9bcb4b62c2d3,433,286,4
7d4d4fbc-0d28-4217-aea4-a2166cb77974,553,375,6
171764f7-c30d-47f0-821f-3e40ecba0d0b,220,250,2
2af81973-d74f-4d3a-9e9a-38ebaa1fb2c7,50,383,3
9227d8f5-de11-4f63-ab38-66aaa2aafe37,882,33,6
ab46eb16-0951-4231-8582-4057d98364a7,418,397,1
96a9bdb1-703e-4eb7-a918-361ef698b84f,336,35,9
6ad3b4da-8f70-4a2f-a04b-dac753a998c2,675,333,5
