Numero_Vente,Identifiant_Client,Identifiant_Produit,Quantit√©
726bb25d-5930-4162-9436-4ac8f9d295ca,994,63,8
4c949412-9157-4388-9bab-eff43eaabbaf,397,419,9
9d9efd41-c1f8-4edf-b684-f7ebb27903c9,155,389,8
197e6b5f-f487-411b-8d21-1cde5c1a18e4,195,451,9
767ef350-888e-48e5-b623-3b85eb4d159f,411,270,5
6469c2b2-b4a8-4f53-bb6e-f53cf6ec593a,382,272,7
71dcc30d-d08f-4652-9ad1-47a8fcf557ba,503,157,9
74896d65-e07a-4d90-8f85-4580e4a8ac04,58,249,5
98ee3511-48de-4630-9aa0-20ff06907d34,82,72,4
a8b05697-38c0-4330-b9d6-ce77355ba6d3,378,375,2
d0827a3a-7840-4da4-97c0-a81ce85a66cb,540,372,2
b5522e4a-c5f2-4932-9e61-63d4b6860652,870,98,5
dec8d938-26a3-4246-8f26-a9f8bdd89be9,364,369,2
157f6cf8-ed4e-4ae8-98d9-9876f8d658f6,467,396,3
65355afc-750a-4651-a562-a6e757cf9717,36,485,9
92c2f69d-0e4a-4c92-b581-e8e257f59773,111,306,1
67114d5c-ba41-490b-b347-dbba0824641d,701,337,4
06541b42-99d0-44ed-a775-c76c4c9c1092,501,41,1
0e5c1fd4-b6aa-4103-a0e6-55683bf1975b,241,193,6
f6873c64-d494-4c09-ad17-26428e102ed7,822,263,4
a4dc5d10-10eb-4607-b750-1840240d9c94,188,139,6
82c33223-d68a-46ae-a93d-5f24e95ec7c8,16,341,3
85112571-068f-4a65-86a1-b969cbfdd6aa,337,329,6
54332548-c8ba-4e12-b3e7-a61891bf4570,845,61,6
698d42db-9f35-4970-bad8-f78952b64353,816,167,9
2d9b1d7b-4839-4da4-a82e-f2ee45cd996b,211,64,7
caa74beb-f45a-45b8-9fd8-ba47e44c4871,573,301,1
fb0c3341-199f-4472-82b1-626dc2cd638e,564,405,9
8d0146cb-5608-414c-ace7-4b5fba275e10,788,327,8
ddeee444-c36f-4754-a514-ad47771fcf7e,416,28,2
c1453d78-1050-4243-b144-91c4cb73cbc5,279,193,6
d9015ae2-8954-43a6-877e-766aad7df011,550,122,1
95a39bff-c7a6-4b6f-90d9-5a8719ac5394,413,331,2
e8f89f7a-1d2a-48ce-a466-4bc664aca19e,776,224,9
d3c8cd5c-adde-41ff-8142-bee809618195,239,405,7
bda72dd8-623c-4289-bbd3-ad0920e2dd03,268,487,8
e39f1a86-b1b8-4f6c-8c1c-146a0ac4cbae,948,48,9
68134b4d-98e4-4e29-ae4d-b60cf0288342,512,270,9
618bcab1-48f3-41b9-ac92-4e43e6359210,85,235,9
3dd7832f-397d-4cd8-8fd3-255dd927d7d2,757,119,9
3953dce6-5f5f-4dc9-9603-1582f8d3acf2,889,451,6
2c9bbdf4-952e-401e-87f4-ec631d3b84f4,780,316,3
05872c88-ce66-4fbb-882c-57bfc1668274,310,342,5
ccc01612-e962-4dba-a364-0836759c73b2,75,54,8
a7def30c-e708-4780-889f-7125c2245216,194,105,5
d5f11f05-d03d-4153-9376-e92faa3f8859,859,494,6
bce6c955-14e8-41b7-aabf-8cc4e2501162,550,155,9
b6e0e707-ae99-4507-9c8a-a5d8ddd78706,266,410,1
fcf6310d-39a5-4a2f-8f91-0edae7c492d6,566,314,9
77ff68ea-1dca-414f-8d7c-1389216dc5fa,694,167,9
7642765a-980b-4982-90ad-ce0100b5ef64,112,390,3
b552ba2c-1037-43c4-980c-d308defdae06,593,306,8
0e48f733-0df2-4180-814d-ed705bc4bce0,416,141,1
7a833796-f8a4-4bb3-a93e-e232d3dfaee1,576,318,2
7d8859d2-835e-4ce7-8d0f-2f9e8f3e4dfc,183,452,9
7b7a81da-9840-4f13-a521-a56d7df49495,423,169,6
39fd12d1-f47c-4217-99b5-2d39adfd8054,805,362,5
d676718d-dd26-4323-8f48-8714410bc376,707,242,5
7186ed5b-824d-49e1-b765-566292045dbe,424,113,7
7a72ece7-7d4d-474f-9a18-22d0eae73aac,810,117,6
ca37a1c1-c75f-4432-b691-640345befe17,54,229,9
4a149bda-2f15-403d-b3a4-771f4adb2244,606,280,5
3f41821f-bae0-4def-aad8-f5d0ee77b071,364,112,6
0a35b9ed-5bb7-47f1-91fa-a41190ac6176,207,359,9
f1d81224-e14a-429e-a30d-d0657d16640c,575,339,2
f3308169-3be1-4f69-a33d-2fc3db1559ba,833,148,2
d09fe0ae-2668-4f6b-9640-2b7814830e3c,456,181,9
4ac6c59a-1af3-49cf-8b4c-820c8d19a584,642,420,6
934fb306-49f0-4139-9d05-e0b578bc66a7,347,190,7
8b33b46b-0bbc-4939-ab43-53ca7d732157,109,107,8
9f1df0ed-e0e8-4374-bbad-65335611e8da,352,127,5
59336cf7-8c47-41aa-8d2d-6471da69c38b,645,17,9
0bb31aa4-068a-4981-b999-2393c818b28e,772,417,6
8d1b703e-a751-4fe1-854e-4674e94ea534,508,63,9
3a97f268-2f00-4b1c-844e-449cdcb565ff,877,181,3
2bea5aa8-d8c4-4e19-8627-35a67025c9bd,243,464,5
ef291317-049c-47e8-ba4c-1e81e9d40dd3,16,473,8
7e6f5196-b63e-4e2b-962e-d8dc75bf7f77,325,109,1
291710e5-0b48-496e-8acf-517b6fb08686,699,1,7
4cac98c9-c4dd-44b5-84d9-f8196e8e4cd1,850,217,7
9568c7cc-bbff-44d8-a106-b406b0094ced,592,28,1
aed082ab-aeb0-49bd-9dc8-f4de56a759b5,686,261,8
902ae02a-b499-4164-bc3f-ffb9d9fb3b03,592,427,3
d0fbdc85-6a71-4fce-a0c8-1555103c2111,153,479,8
2986a247-b74a-4382-89dc-37c9eae7be30,109,372,6
9cfe02ee-6e0a-485d-8ffb-80e89ea23e62,232,67,7
660b238a-78b8-4e70-90db-96807f1364ef,395,303,5
5d008f60-8bd7-4105-a6b1-00c4b4535429,899,24,1
46e2aef1-a277-4557-9c29-07dc175a5278,653,41,2
e3e9509e-55f3-4c52-a6d1-c28f231e4ab3,188,48,9
510b328a-6f3d-446b-940a-5d371941cd00,454,405,9
b470e385-8db4-45e5-ad6b-54e63f7bd891,11,151,1
ca8d1fcf-b7de-4002-8ec7-1ee0eb65a99a,507,52,7
6bdb5029-1587-4c49-a530-040a8ff81ee7,58,374,3
cf774087-1ff1-4d57-824b-69f962befe70,49,289,6
531f9f86-c9cd-4cd9-ae71-9c31c17c70e9,849,327,4
e9c57b86-6657-443d-85ec-fcbbdc1e6be9,537,481,2
6f6f80c3-f689-484e-acbc-2bb9a07180b7,751,389,2
cbc43697-b788-4cff-800f-ef6d9e9e0ed5,745,145,4
47bb2672-4ba8-4518-b8f4-d6d1546f1a12,171,448,8
f8106e78-acdd-4d4e-9618-5ee41b45a233,60,262,2
44aa944c-6ed4-4b41-bd7c-99a62d150f38,498,54,2
53f46aa1-c378-4860-a096-1bb1e3602133,772,26,8
582042b4-69c8-4e60-84af-5525a36399bc,224,292,4
6316a17a-1589-4d81-9a69-40bef3132bce,437,178,2
4a04a867-85a1-4702-8659-75b6b39e06ea,144,441,4
0c69c55b-703d-469c-a442-094048c68270,931,181,9
54de1777-bef2-442b-92ca-2076f9ecdb7e,561,270,4
ef666622-ebd5-4231-9a3b-2877ea48ed23,627,75,1
8b630ce6-85d2-41a3-b823-2bb3467f1d1a,604,389,4
b0664874-a8d7-42d2-9253-a05fd78ca864,331,32,4
9fe10745-5958-42cc-ae01-4336776b0f84,785,465,6
14b762de-0b54-42b0-adeb-0d9df7082a12,371,102,9
2fa1484b-0eda-41db-8c43-1393b5c07f2d,557,270,7
9fd76e35-a784-43e2-8249-8b644bec1f5f,929,131,1
7d2c397b-7fa5-4e2f-97ff-8731d681efb9,402,133,4
324b153b-274e-4d38-8193-55451b867f5b,752,348,6
7a2be3e4-3886-4c9a-80b6-19e40623b5d9,238,196,3
bb87c339-74d7-4ca2-a5b9-0631bd1d2375,773,114,7
85424b1b-4dd2-4b4f-bee2-6aa54618a5a8,610,132,6
4fec327e-62bc-4f1b-8e0c-46367b8029b6,121,487,1
8cf13acb-4618-4f90-807d-be16dfdbb0a9,889,55,9
c08dc78c-8f20-4c07-b1fc-a78c0d117601,416,317,1
8182db97-d002-484e-8623-1a33dd327a5c,774,13,7
4116a367-2603-4068-84a8-562e36166f3f,466,447,3
71b5c0e5-1e4b-451c-ae4a-4f4512fde818,847,496,1
9894f1ba-c1a7-4743-8434-2e5ee7641cc5,472,378,3
02d94f6f-acca-47e0-8e9f-9643a92e8d89,29,50,3
b532da2d-6301-432e-b0ab-2de0fcaef1c3,615,422,7
5eaad125-7170-427e-8316-c35772bcc95d,260,86,4
57f7678d-c919-47fc-9fa4-10f924010bd1,960,158,3
3f5f922f-a389-4750-aaee-a9b322ff928d,382,387,9
d5fb550e-b138-4632-be26-0fabdc436d8f,570,260,1
7b90ba55-e6f8-4c9e-9a2b-70fe8d4deb24,352,46,1
87decd8c-0568-4f62-9a21-5ae28d906ffb,459,199,4
cedcd3cd-2f65-48fa-b82b-0a1ba18fc13b,524,64,5
cbf5c2fa-7fef-485a-ab89-5aa61fe05ef1,401,28,7
aeb3c634-7139-4c93-89e7-e1d317ac8a32,590,8,6
d646e587-ac8e-4a15-aa3d-2e0695789486,682,449,7
fe915f65-2da1-4fcb-a6a7-242c597c163a,59,24,4
0933fec1-7902-4bef-b80e-49228ccfdeeb,200,63,9
4ed724be-42f6-464b-8371-d2ee5e1777e4,640,211,2
ea9e9ceb-e046-411c-b8ce-20c234e0a6aa,524,179,7
4034c9b9-3cb0-4278-bbf9-ddc3fc5284aa,364,63,1
05c8cf85-5253-4cff-aed2-e332308b4d1a,286,363,7
1fb85414-3a14-430b-85b4-1e85a04390d4,940,467,8
cf757bcc-3ab9-48db-add6-f36ada73ca72,950,9,2
19d2b87f-4196-459e-a453-8b92ef2ea4ff,260,319,6
97514fb2-b47d-4249-b514-2b430afc29ad,619,442,3
4b63371d-f9a3-415f-9291-86d3d27166a4,515,169,3
bf0edbd3-cb7e-438e-84d7-4ad0ed195cd7,574,307,4
5e4690f9-552b-4f19-9a4f-6791973fe62a,258,267,3
24e3f91e-e879-47a9-9d8d-14c9f1d28f57,551,174,8
43051748-2b14-407e-abb9-747d35642330,703,191,3
fa3f3eb9-4e13-4440-b48a-7127c2edf675,304,158,6
56f25c08-a5b4-44ad-854f-f00237222531,912,417,9
326a40be-f4b5-48bc-9ce7-77d434f022fd,624,176,4
7ca2e379-e35e-4554-8610-30380f8bac4c,901,376,7
f541c622-c202-4e85-837b-0cc888fcead4,243,141,4
c46093c3-e8bb-42f3-9715-ad0e1ab2d3fd,987,166,2
d4a7f3b0-6bed-4174-ada6-e25a8e0a7daa,523,473,7
e2f0070c-54c7-47cc-9de3-c035ae10dbf5,327,1,4
a339c913-d9c1-46fa-a735-d76cd159829e,187,340,3
ef64ab4f-dc83-4e65-b17d-18b9ec9b767e,413,302,6
bae6df71-a0a1-4b1f-989c-baec238cb293,770,92,7
440ffb08-2514-412f-bec5-ec14c9180f60,429,308,7
05988a8e-d5c9-4054-aba0-63377f02b6c5,676,399,3
d92ec827-ae02-49c1-a452-53324b982f7c,953,407,3
ecb52a92-410f-4691-a110-8443a7198a26,25,358,8
4e0e6954-302a-41e8-a56d-b0c32ddd29b0,379,190,8
3ed25dca-9e7d-4bb4-9c6e-91828365c9a6,852,397,4
b0be4317-9668-49b5-b8c6-f6af7e127cad,885,153,8
2de4bf63-745b-496c-8680-90e141f15bf7,920,308,6
3cc91857-d7e6-43de-9b0f-4b899d91d6f3,460,213,2
5a874a0d-7ca7-449e-af97-df6391b91161,930,265,4
6a914542-90f1-48cd-b664-9d379f9e4cb1,781,209,3
39450dee-2de2-4fc6-8d66-5b34eb7ccfcf,123,470,6
910a99e5-483d-4008-8943-ec60ab441592,39,500,7
acf367fa-d973-4885-81c2-fdc12a67c130,690,291,9
f010239c-6fe4-4261-9009-58d22ecb6145,519,440,8
a44a9c60-5dbc-4079-a2d1-dde45eaffe02,693,50,4
35524e75-2760-4477-b883-779d5fbd229d,154,284,1
a019aae7-cb28-49bc-a7d8-c7fc98440254,402,283,5
1962cb6e-b8a5-4343-b5fb-bfa55d209562,970,406,4
8d81d56b-072b-4a3d-83f9-fc51f8966be8,818,100,3
906003bd-9e8d-4ff1-85a9-4a58421f0bd3,609,11,9
23e4b543-0eff-4478-b654-23a68571cd42,268,87,9
444b8b78-f256-4f94-ad52-00474b79b64a,800,244,6
0e107bbb-f2e0-4a6e-bb2e-5c989e775d13,629,218,8
f1d8faa9-ef10-4fa6-8af8-05ac0f268f72,502,157,4
967f4435-743a-4642-b7a9-58a16804a238,673,346,2
5fed0ee7-1a9f-4ac6-b03f-690c0db9498b,632,26,8
11ec07f3-80dd-4dc0-b06f-613513d78f6d,684,468,2
96849569-f7ca-47c8-95f2-43fad01498c7,461,385,4
e0ecf5af-2e18-4e0e-83a3-3e0fa173d31b,96,494,2
b6af3960-1292-465a-83bf-9019ca20ebd0,845,160,6
74d1bd7d-2dc7-493b-8489-67ef283aec6a,269,199,8
44d8531e-2ecb-4108-9416-1858db97ca07,492,325,1
9383101c-b90a-4dbf-a6f4-9faf3c1e3ea4,627,213,6
f942f51d-0964-4648-84ad-61e0f56d2cb1,912,498,3
65824255-7b7f-43cb-b202-0bdc55814c44,232,347,2
55b79149-b20c-48b4-ba44-f8fcd9d46c5a,58,176,1
b6b29f71-2850-4a08-ac44-df18279a94b7,400,133,9
0d324f0b-dbc0-4c25-86c2-3f9ed1dff754,54,403,3
93cb447e-53d0-4de9-97d6-88f145d4c217,816,255,9
99f36182-1934-40b0-8c7e-db0746504a38,481,181,7
85435559-c78d-4a35-a409-823559442a88,227,265,7
6318c646-f564-4037-8ef9-e95a89e5c431,771,175,1
89c8f338-3676-4c85-b174-2306543711af,473,306,4
d10abc20-be69-4672-8945-67525e29d48e,357,72,4
02cf073b-b230-4edf-90e2-67c8300c73f0,981,62,8
3dfa7bd0-d02a-4357-8112-4bfa4fd6e8ae,315,79,9
23ffe144-eab9-4c5e-8a9a-10c599522d81,202,421,4
9a4a93a8-17d2-4ed0-ab9b-08675544671a,480,425,3
49d7bbb1-4397-4820-917a-1a6d1a96a1c7,546,14,6
0cacbcb9-2ad8-491f-808e-e5fbe087ba10,23,497,8
2ffe845f-aac9-4cbc-a269-e8ad0a8b657c,540,321,6
e28adc4b-9c45-4afd-8555-92ff50b19617,414,269,7
a4f28abd-8f79-4a68-8a36-fe49c0355e4c,484,245,6
8a268230-f2c9-4677-9008-735f3de22719,642,49,2
604d3aea-9c30-4f65-9809-e8b4bd829861,995,47,4
617a6fb2-c67c-4db0-8ebf-38f742c1b07e,730,478,5
84242915-bac5-48b8-a0d5-97cf9af34fde,827,194,8
e805ae53-5c73-4f18-bbaa-497396e3e290,881,314,2
4aeb4489-024d-4b0e-95cd-8b73ca893c49,965,278,4
cfc51171-301d-4a57-b84f-a8dade1a2a19,868,27,9
f5a27a60-3744-4499-a670-c2d6ceeae0e0,553,263,8
23d23203-8a9e-4c51-8eaf-b96574d39c70,554,453,3
e5a6bd66-1cdd-410d-883c-9660e1646147,150,112,6
2c6938af-2045-45c6-ad5e-b9f4f7596fa7,162,133,2
8a9372df-626e-42d4-a97a-340239f6fb87,145,441,3
4ef605c1-2692-4a91-a15d-cfc5eae43f74,984,390,9
24177b60-df1a-41fb-884f-96d5e10f3f51,778,204,3
58c44558-6179-40cd-91fd-f86a35fdd96c,328,230,7
10057bcf-ecef-40c1-aaea-05409ee749df,420,268,5
52f0c7aa-e89c-41af-b63e-6ecdd689e0a2,804,117,5
9f196760-d61f-4d78-8861-5b013b1ecc07,877,223,8
098cee86-2547-478e-9820-8a25675ec032,619,198,4
0706a511-0d1b-4b51-a7d7-26474c15574f,28,425,9
31031e40-b703-4749-a410-8ee33fa7b712,66,155,7
fb07941c-828f-4459-ae56-92af28ba0ebf,125,230,7
9df2d0a8-8c8f-4182-9498-baa4270bcdd4,210,9,2
b5390a9d-9363-4052-903e-f920dd2be575,658,203,2
7bb8b277-63ca-41ee-9e30-54d2ed02a1e6,379,163,3
03bd7204-8234-4af4-9974-6917549e9a8e,489,214,6
a02f40ea-9e12-46cb-ad6c-df433e811977,94,339,4
fd797484-175e-45fd-9335-b2a175e9795e,862,221,6
0f208270-50c3-416d-a209-5413dc2e6631,442,141,5
c58eec5d-ca02-4057-a790-f6b39d94434e,397,66,3
df491514-f9d5-430b-8278-9acc6bede89a,858,362,4
edb00e34-e8ac-4420-828d-009fa6ed6358,104,403,7
ba3d8dfa-3200-4a91-a2ba-1c0948ce3dfe,715,160,9
36a5e714-7ac8-4fc3-ba3b-1bc6679b613a,171,343,4
15703b68-695d-4141-b39c-8cca287239dc,757,376,3
3947926c-5e08-46ea-9d1c-f4882238c1e1,110,382,3
8ee9d1be-a2b6-4106-bb31-0a85d4a734b6,612,260,1
344fcdbe-9539-4522-a398-29c33a5323ad,398,260,1
0f1d85fc-e8ff-47fb-b717-89ee7c0b3bf1,992,449,5
ba1dbe5c-8f52-4a69-aed3-edaf110ce023,217,349,6
1127593c-886e-48e8-bbde-33af5540ea2d,295,67,1
67dba82e-199a-4da1-a6a0-49f3a54c6cc3,927,309,5
03b000e1-f5bc-4910-bac4-eef42cc692a8,527,387,5
809b7cb4-cbbe-463a-a73b-d6232984c1b0,226,254,3
8c981a7c-54a2-4364-a97d-2bfcaf911283,70,144,4
cc8d0a30-9c25-4bb0-8496-5c0b41a1c089,203,411,6
c7a7fe4f-0844-4d40-afe1-2d6d082dac6f,584,379,6
bb38fef7-96b3-442e-a7c9-b396e2a67def,549,110,9
67b8825f-b77b-49d1-96cd-a4ace1748196,603,244,7
16c6664e-3f48-4429-afcc-318a283d663f,400,133,9
440ea159-d519-4421-9457-7daef363e0db,655,341,4
5cc69dcb-34ad-4028-adf9-c33162eccfa4,278,472,2
1d5334ab-5e44-4340-83ba-b2d17ddb314d,678,67,3
532b84c3-005f-4175-bcb4-2b3c20fcb19c,17,215,9
3a50e0f9-1f7f-43f7-82d7-6a538e633404,19,241,9
d05ff992-e091-4c30-a05c-d0865db315ae,557,477,5
df5f4582-cf9b-424b-9006-cf12e9b8acc7,818,282,1
474f4c66-7e0b-41a7-b113-544a1456d8fa,385,175,2
ec71940a-88c8-4d01-b130-2c8b6b12efe2,861,336,6
603e092c-6b54-4413-8871-bb93ccf3c463,601,416,7
46062955-5063-4ec8-a3c5-9b4b6a8c8730,434,341,5
77770a28-5697-4758-9ffb-f622eb3c140b,15,303,2
5aea3fa8-f326-40c1-a2dd-20b1da25d867,172,408,5
f9aaeae2-fd70-48a7-aebd-4087dee67c86,347,229,7
23ad5f6f-10ab-4413-86ca-38c190d4a973,653,339,4
028c0b9c-5158-4131-8fbd-a5ef38487869,731,19,1
edea4ca1-465b-4c85-a3bc-0331437d21f5,282,259,8
d76fe6e9-16af-4046-9858-54ee42037ad4,794,184,5
b0756eba-3b3f-443b-bbb4-765d1821efee,710,258,1
55db7811-4a6f-46f3-b5cf-793df63bf110,207,276,3
b95b8faa-7088-403c-b4db-4d2b4ce9eed9,260,263,7
03c7d618-6599-4e0f-b67c-5fb61acf74cb,264,254,9
ee603d76-7538-4b09-884e-c8b01fa07cde,761,109,2
84e83c54-eb49-4c68-9a77-7dd2c4bdf219,783,362,9
39c11864-81c0-4ef8-8de2-972dca399a29,281,424,9
d8ed84ed-c5b3-4f9a-a9cb-fe3435e04032,286,149,6
e0691125-ec2a-4abe-b8bb-af8e65f534aa,123,172,8
435b607c-9fc0-4e84-ab1f-2bb86708cc15,42,123,4
971c92ab-6579-4338-90be-8db172b21aa1,848,6,1
d5a7218c-d9e8-43d1-9a90-a7be662b4c06,90,3,1
71fe5958-9a7f-4ea6-90e2-5d7c67e0e234,156,94,7
9be7481e-ea6b-470d-b9bc-f9f10f3963b8,330,444,7
323b96b0-c253-46c1-b65d-33e6232dcf72,668,119,2
a9ddeb3c-618a-4196-82b0-b266ff46094a,205,340,4
6dcfc23f-ae92-46a5-a16e-6bd5d56d0e64,668,486,8
4feb2cdb-3933-4ecf-abb7-d8f54f32b232,415,334,5
c3525cce-57a7-4ef3-becb-13acf43f5990,750,438,9
649023d9-8bcd-44fb-9933-d1613deabc33,327,135,9
6a4c5b42-b6ff-4460-bd7f-2a24db84bb72,509,232,8
059e877d-8603-4e41-9ef0-1862bd8ebade,802,476,7
f52f08ef-a34e-44d0-a070-96c1c4d7b3b8,649,180,4
fed8148a-d911-4c31-ba2e-f1c713cedf1a,483,96,3
295ffe36-f92a-439a-a9d1-b6595f1d7b73,985,254,8
427326cd-c770-41b7-ab79-7efc834b9a46,752,498,4
160e3342-0190-4a04-b49f-dce69820f136,241,130,3
bada8a13-22ad-425a-ac1c-f44a33d6ed63,248,179,9
f87772af-9132-43b1-b599-be707df02875,103,222,9
60170e9e-b3f4-474d-b22d-bc26fe099032,238,22,5
33fb5295-0f8d-4dd6-bd6f-696a40a2479b,3,482,4
775abfaf-2261-465a-b89e-982fd31354e4,480,425,9
379f207a-3b70-4a79-9edc-1e9f318b2164,991,24,4
c465f89d-157a-449f-b2f3-81e1275436a1,772,221,9
8c65a17e-6de7-4f9a-957e-3cf07240bd5c,914,325,1
6e18c1c1-2920-4637-8f83-47f80552d3f4,668,355,5
69ca3ef8-7646-442e-a8ef-f209a284b9f0,579,17,1
d17e1531-0124-44dc-b0ad-27e51b4315b3,11,454,9
af729050-23f5-4a9a-89e8-d57bcf70eb40,443,85,1
7813d8db-ac79-490e-9774-83cef4c745fe,947,311,6
dd4d5d78-6be6-4cec-893d-d2fd0b6f2a40,636,350,9
a1776133-48ad-4710-a4d1-2d2fcb26b276,781,422,8
86871f3e-ea86-4b7b-a860-6a70093fccd2,279,166,5
e6950da2-6f26-40e5-a189-58bf8619a9fa,968,328,6
a136380a-ab13-4a0f-bcf2-1a349386dbf9,384,51,1
8227abfd-79bf-4807-a589-31a53d48c434,393,429,6
19f12bde-5e8d-4447-a4cf-3d8611b80f39,670,3,7
29e62140-e7da-441d-81bc-62e791e491b2,566,456,6
e95e1770-e953-4a81-8c30-bd0e0bdeb7cd,874,42,2
c1dbde59-6fad-4a27-8807-5fec10d32753,707,325,6
b117c185-2047-4706-ae38-e619f56e87ef,184,120,2
9cdcf600-2ae5-4f1e-bb6f-329cb71b6411,436,429,2
d97697e3-ebd3-4658-b6ec-79151f4678d9,889,355,2
78e9bf2a-b263-43a3-a037-f38219526ba0,305,213,9
0d3af1c9-a0c7-4578-a670-3e96debacb43,279,300,7
bf1c1dbe-d3b5-4f8f-a7e2-645607337546,318,211,1
da1197dd-83c2-4559-914f-1fca730393d3,872,451,6
4b2ed76f-4b13-47d7-9b1e-1761fcc4187d,988,88,8
1887206d-f8f4-442e-ba70-fa220f3b8ba3,93,399,2
0975390c-fb39-455d-b333-034ebaafdd25,336,171,8
67a79445-5e96-44df-ae9f-61b33ac1c560,244,293,1
03cdcddb-00b8-42b2-b6b5-70bdac6689c9,271,68,2
de128ad7-b749-4784-9d61-3adc949721c3,874,301,1
9262c68c-eaea-45cc-937e-c3146d9ae6e0,596,388,6
196b271f-9f5e-4615-b894-527c96f20264,516,41,8
fe1ab189-4948-4a1f-ad34-bad8de12788f,298,47,1
9d1d1af6-fa37-4271-a06f-fae8b12e20e3,333,378,3
e218dde9-da6c-45b0-a21a-8de1d29d08d1,9,292,4
09fb67b9-8df4-44c1-9156-5ee524a9d4c9,93,346,2
0dc23d47-5b4d-446c-98ea-e55f251110ad,753,7,7
1d43c58a-943d-4c37-bc07-62cb3e7cad94,638,456,6
26e3ceb9-a694-407b-b7b5-d677800bd989,286,424,6
7f10fe1b-5064-49bd-b946-5b7ea7f2297c,729,332,9
4c5dcfcf-0d86-480b-8130-0229ab91d9cb,838,34,7
282589e9-5e31-47a8-8780-194f6a6fef7b,415,208,1
21939e25-6061-4644-bb97-7b12b95b2b51,601,212,8
4eaa89ad-4f97-4f60-a7bf-e6f1ab672a12,648,96,3
da16f49b-2d0c-47d2-a8d3-7fe92d63d7aa,70,400,4
e7bff8c0-4f0c-4260-a966-52e839f71f4b,301,466,2
4b81c641-9538-45a5-b967-f18e3a53131f,264,311,8
b11919b9-9034-4539-acc0-5475c47988cc,368,51,5
6ae3464e-ef88-42e2-9076-92dec37a929c,964,376,7
107bbbab-5134-414f-9eb4-31e66f012f9e,58,323,2
b4594009-8ca1-483b-b80d-43dd9f014735,863,101,9
4ef82d97-7b83-41be-8b0d-eef085fecbfd,682,425,4
31f67604-5b74-4ae0-8e35-8e30a4d0c4e1,812,50,9
8a154c36-ff7f-40d8-b8f7-5b6860456f38,59,411,7
1825f370-d82c-4b6f-a3d3-daf69569b6d6,81,150,3
38c509bc-6e5c-436c-9948-7e2e3e0d4871,963,47,6
3d88529f-7877-4d3b-9570-587a71bf8194,421,263,5
aeaefa9c-c717-4c6c-97ff-8bf920799f35,108,97,6
1ab92474-c28e-45e4-8576-1ab69bdc9675,897,340,4
fcf7b6db-e9d7-49fb-ba83-fccf90492fa6,304,441,5
1ce63a64-08ef-4003-addf-70b7abc92108,737,150,8
8b864284-bce7-4145-9ebe-09a6bc89cbb2,181,163,1
00ca87ec-fce1-4317-b985-f5578202d23d,269,133,7
6581bd3d-58da-46f2-aa75-93757178e171,749,195,2
f93e9198-c0b9-40f4-bb3c-de7e28c69912,592,113,1
fae035f1-f20e-47bd-a41f-bec524cf14b2,91,23,5
9197dc33-e240-4e80-bcfa-a69259de3c1e,692,427,4
48ecf348-a73f-40d6-9960-145ae73215ab,552,255,3
af66a2ad-27e7-491a-8ef7-33bf3e3cd5a9,429,42,3
f5af0d39-5e50-41c0-9e7e-4bf791a0e6ec,890,353,6
b425594a-da36-4820-9324-4a30281819e1,467,267,4
e6e492e4-571a-47db-b9d3-f06563149951,722,169,8
c44945fa-5f04-4abc-9606-ef6c8a7e98df,259,358,4
4a4b44c5-dbd1-4289-82b4-8284718d7ad4,444,26,3
05c642ad-fbbb-48a1-8487-889cd9562c00,393,316,5
01d79626-806b-4210-9f60-f636022a27e0,558,292,2
1a937ebc-3e0d-4fba-b71f-65ad7423f5ac,744,151,3
d1800fc2-c058-47bc-8c86-909477bf5b3e,285,376,1
7289752a-5b83-45ae-ba83-2fc6150cbf90,559,419,5
1afec833-c713-4587-8b00-1178690433e8,295,478,2
40f66112-373d-4e2d-9144-25803cd72d7c,660,395,6
1dd40ff5-e49a-4e1e-bb01-2746c321caf9,939,16,7
e9d97ff3-51d8-4671-886f-1aeaeb20bf31,682,55,7
102d942d-dcec-4cb7-a97f-bd30a98d29f3,859,239,2
1f3b8930-75a4-43c3-9135-78942634c4dd,217,74,7
74c3d636-3748-4395-96b7-ed4f2a25130f,570,69,9
75d001c3-7767-4811-9af2-bd76e37f7dda,405,428,6
6668a727-945e-49aa-9eeb-9e27099ef3e3,1000,378,6
2b16c997-690a-483c-81c5-2d3cf3706788,925,96,7
a133dd5e-e0c5-436b-a187-4af99beb3f42,797,426,4
a13540dc-e9d9-4050-b75e-b3c0bd317c01,756,385,5
11ee3ba0-848f-4ef5-a5d4-3155fac54f9a,902,217,3
5c516311-6cb0-4e8a-a23e-64102c8947dc,23,200,9
072e74fc-885f-45b0-a471-e4176c43383a,375,79,2
3339034e-956a-4c15-bdaf-5676c70ec20b,521,172,5
aa265486-094c-416b-8c03-9d06f1e1b7bd,662,483,4
edbeebe8-6f2e-4e7f-992c-9219a5fc1c26,723,456,5
4ec867ef-06f8-4458-8a18-69cf9a1067b3,736,304,3
696a01d9-c628-44b7-a733-a6676de32440,74,164,3
c28c95dd-97ea-46e7-9c22-c282bbe99049,936,314,2
1e3ed02e-5e44-49e0-8897-b4972a0070de,671,373,6
21914533-df38-47a9-b248-3954fb2718ae,834,300,6
8ae09c12-57c0-41f1-9e48-dfa1457c4ed8,810,139,9
4adec9ea-daae-4f72-a442-3945ba3468f0,173,460,2
afee2730-aa13-420f-9836-cb01095390ac,182,23,1
f27ee63a-1d8b-4f09-9d21-d19560147c09,144,19,3
c497b8e0-95a6-4ab5-adda-e5619626a786,386,131,9
18150d05-9204-4e55-9830-015e78c7ccf9,93,59,9
8d5bb091-0601-4360-8092-c69c12fc9567,317,337,5
11a3d4f1-115d-44d2-a630-0483ef6fd67c,42,344,1
35917352-ed08-4694-88cf-3c03d832ef26,238,361,6
118ac95f-6d5c-4a8f-88b4-8b6fb922bfe4,807,473,2
5cc6045f-8581-4d91-b050-dd918518aeb8,428,190,5
fcee9a22-f217-4e60-880f-5f9975930a68,748,203,6
263faa76-4fb5-44d8-85e9-507d090fa52f,292,111,5
7ed6e7e4-1980-434f-8ab8-368f361a9d6e,478,155,4
c7172d38-51d9-4a92-8ba5-29f1bb00e108,585,47,2
d5f2bfc9-1303-4798-9e37-587d6e4bec96,303,99,4
f6327c81-7a12-4318-b79f-fbc1bfa88876,738,258,7
388dd2b5-5292-4230-9012-380409f199f8,146,7,5
dd773359-20e4-4226-80e0-9b05bd0ba8e8,11,304,7
43f60688-ce29-461a-9430-ad9c06105c48,499,58,6
79940238-2912-4ca6-9f58-75c0d0969b2a,610,95,5
6dd0803f-f6cf-4ffb-812d-89a1df5b2cf9,640,382,8
2f4707b0-ac27-4ce7-93b3-01d639d176c9,297,413,2
559eb091-5551-4e17-9467-4ba966a302c3,348,121,2
6b7cc500-c597-4d16-9a08-2c0e8b8e62fc,762,302,7
59ea4946-98a6-472e-9f26-975ef1a0859e,804,293,7
dc579932-b720-40b8-97cb-975f987518c7,616,426,6
7c6ce44f-5629-4ef4-9ac4-c76580d658f3,243,445,1
786ee372-3a8d-4c17-ac1b-17005ba2bddb,349,104,2
8836a1e6-c66a-4a7d-b984-413293d8815b,133,244,4
3f28cadb-4bef-4a68-84c4-f5812bc80044,906,88,7
ab967050-17a6-419f-80a8-a19f12cbf38e,976,436,9
7668b2e2-a6af-4802-a95a-81550e15cdd6,317,480,5
b5105145-1ece-4727-b16a-3d00bf7ae300,627,415,2
2e0d277d-3361-4ebf-bc71-9515e97ad1c1,507,347,4
c95161d4-303e-4b51-951e-ee6cd78d17fe,901,294,3
d189b232-0f1b-4dbb-b5ef-c5b7278f69cf,713,389,3
94131adb-8f17-4ea9-9d44-a55c76e4da51,456,147,4
471e0293-0641-4f34-a022-081ea540ea47,962,262,7
edd7564f-71dd-4365-9a0b-244050a1124a,972,197,1
1e7212fe-89e7-4091-8958-470b836d4f66,787,214,7
8a674b42-db2d-4fa3-b43c-1a82d1ba3cb6,25,405,8
b14d88df-0a7d-4f21-9b1d-177cc7c42219,372,366,5
308b79ab-923f-4301-a285-e969501663e3,165,381,6
27fd7643-086f-4967-a30b-a6b6e3550c12,438,303,7
15bb9e80-4852-4452-afe2-beeac189635e,851,51,9
78b73419-3bbf-4060-9daf-4872bf5ba1e3,77,388,6
8da49362-f72d-495e-a714-2d3093965bf5,522,133,2
f556b6f2-4d07-4a59-b09a-96e334fbfd09,654,387,9
64a01794-d737-4f81-9a5a-5fa3b0c1407f,572,474,8
94d2f058-a5f2-4cf2-8230-052c06326cba,495,26,3
38b159cf-cfcf-4cad-aed5-70e6142ca7e9,255,87,9
632372c2-30e4-4a7c-8173-acbf95293a82,478,100,3
720915f8-3ad0-4958-a8fe-1f4df37ea4ff,897,363,1
5055aae8-b813-4f9d-9c87-6c831fced231,531,56,9
fea76d72-9718-42a8-ba21-c9ff25e4ce73,985,274,4
68345ec2-b761-4d9e-8952-5b5072370f6e,549,427,6
ab2e8a9e-506f-454a-9020-f58823975c41,712,227,9
cd71da1d-45b2-4f70-aae5-a2ce7886fc5a,955,375,1
77cdf14a-8bd7-42d3-b329-22798ad99a02,362,157,5
ef3b9d5d-fc18-4efa-a195-81e3b7c21052,952,172,4
aa82b9f9-4e5b-4d9c-aa8a-f2a07696b69b,824,24,5
bf06f2df-bc90-4023-8b64-6ee144aed2b1,382,333,5
285a6504-474b-4e9b-a585-bf655e039e0f,422,91,7
5c93e5e5-1b4a-4319-958b-e5e6d2a6dbe3,445,227,4
37f6187e-cc84-4cc5-adc8-ccfc2ff5f8ba,19,185,7
2ad34809-b577-4d59-a9f2-bc69b15f7526,465,31,9
6c651d54-8bf5-4df1-b599-1540aae4c09e,264,164,7
a6b5ed3e-6360-4ac7-baa3-6d5d8b0d2aeb,82,53,3
1aaa6d93-5f39-41e1-9833-fd3f5ca2e472,498,397,2
4b5963da-e2d4-4d3f-88a3-323ff1ac58fd,957,436,9
20713184-1738-417a-8309-0ca38df3f07b,891,14,6
f4aa8d1b-8a85-4bef-98b2-ad706df0e7dd,966,183,4
6a9331e8-ac0e-4310-bb65-8cff0ec7e5b3,253,467,1
1cfbfa34-87b3-47ee-b4d0-639d9fe18b74,775,41,9
0021ce53-7115-4f59-a029-7e14b3b9a914,508,129,3
dbc5e1aa-8ee8-49dd-89fe-afa0601fa5be,360,276,3
7e47abfb-29bf-4ca4-9140-fddccd8d7df7,218,172,2
c16e759a-1840-4558-82b2-1dff88745a80,645,389,2
62f6cded-4beb-4bdf-8ee7-81bf857bc36a,710,104,9
4df62ad9-ab59-4590-987f-5dd95ddb4bfc,558,298,7
2d42041f-de74-4211-9a1a-3cfab33f633d,47,60,5
5f12f3e4-2eb3-4be0-8c79-2c1ffd98eeb1,94,353,4
6f3cb4d2-cfb8-43cd-a798-7b79a1686153,263,456,5
a2b3a6b2-3218-4a1b-8d50-34575a8698dd,330,197,8
e4051f52-b97f-45d7-b805-7154ab5a12c0,369,285,7
e11e23a2-cd52-425d-b0da-d599bf559b72,396,13,6
dbc8ed63-f9c3-42da-a59d-6f413033382b,830,365,5
f6b002ea-e669-4cf1-b376-e5a624d9a81e,938,194,8
8f9c254c-aa21-487c-b50c-ad1ace160ffc,940,34,2
6a5cc2b6-bda1-41c4-aa37-5897aa7d3e23,612,303,5
bc259184-6b50-4673-b563-34efc0884f7b,180,492,4
660e7dd1-be12-4246-b512-037719d07e82,214,169,2
73a679c1-1513-41f6-8e48-89aa5534984a,193,370,5
325bb41f-74bf-4403-8679-7b7f866367e0,632,10,1
bf936257-0b3a-4233-815e-9ba5e2119e11,686,101,5
883c25bf-53ac-4352-82ae-fd495c7913b1,345,285,6
131474b1-de03-4fe0-852d-a37e55a65bd8,373,496,5
bac5033a-8dcc-41eb-a5fd-ffcbd6074bca,188,138,2
caedd92c-c58c-4234-bd12-6678ab786b1f,332,396,4
15a3ea84-cd2d-4a30-b78d-a708a9127178,84,15,5
376e5bd3-9451-45fa-92d4-3b851bc79ee8,865,425,3
b16126f7-292a-4319-b184-946870ca60c9,44,13,6
4bd9266a-f3dd-4654-8db7-e26a81579650,961,301,9
15bff1da-cdde-408c-80dc-9f5459f81714,228,465,1
2dbecf45-30ca-4716-be25-d40eb1b3b0e3,634,448,4
1b8a5d7f-ea97-4607-8937-2bfe6d2bd35b,364,168,2
7c612b7e-04a2-4d86-b89f-c1874fdd07b7,150,281,3
ec3db230-1fc0-4677-aa42-102dc43bc732,565,239,9
8986ba69-601d-44f0-af4f-132e222e6ed7,48,132,5
2887901c-01ee-4ef1-a058-1ce5bdabd272,4,169,6
1935bdb1-6f37-49b9-96e5-c08ed9c8e718,651,475,2
40c0be48-1661-4da9-ab7d-9917901c6203,545,353,3
7bd75f20-ca5a-4c2e-9326-d9a0c1e5d665,342,26,2
9f074c36-4e58-4560-90a1-b09d63bfa996,199,385,5
17ca82c9-8367-4768-bb49-7d7f80f61051,40,367,4
d186178a-3f6b-42f1-8c5b-2b56e98dff38,451,249,9
1c96ca63-2812-4b34-a753-e70cb6bccf69,375,277,2
8ef23c01-0d8b-4622-b14f-1f611436bc0d,355,117,1
8fabfd25-a19a-456e-bbd5-3d159237a892,127,365,3
7d277de4-3ba6-44b4-9e48-d451eff687fa,996,78,5
7e01928a-6de7-4619-b95e-8890e058d799,885,419,9
46eba5ff-2b38-4d1d-8791-905f40b12d77,975,291,7
846e6f7a-606d-4f3b-93a0-981cc142dc71,38,427,8
8556c68b-d7fa-42b7-a3c7-4c32a4260125,400,421,6
1ccecf5c-867b-4c89-8057-451b0584a4ce,776,69,4
a4085b99-f3ea-4088-a634-ac56ea9a20b3,894,420,8
e05597d6-0a40-4816-9486-193a4240e3a3,34,33,6
856c2b56-a85b-4edf-93f2-13bf703a0771,330,258,6
3f905349-9e47-4596-a938-e3efe4e8defd,402,431,8
24ff7d96-1197-49ec-8f90-181c4fcf9468,123,313,6
cc123fdb-9e8e-4d9f-9988-becf271fddfc,526,498,7
e14cf365-ca29-439b-8686-2d641341554d,681,174,7
7f0ba84c-08fb-46f8-8118-1f191da20591,806,8,3
4858f871-23e9-40c0-89c1-e238ee0d5fb2,180,474,3
d213531b-742b-49ac-96dc-81f2dd29bf0c,778,238,4
c0d435f4-b2a2-4f3e-9130-ccda1531c38c,63,222,8
6a654114-4e45-401e-8fbf-e10e568b1f24,512,147,5
4b7ec9e9-2185-4fc1-96f2-3f2d2664535a,960,358,4
9b57758c-9cf0-4acd-a8cd-56ccb5f33140,765,206,4
56ce6c29-8377-42d3-a915-99022011f3b1,477,163,9
084988ce-bbfa-4979-9a25-689bd6eceb28,851,39,2
4440d023-d402-489e-b36f-61a10c3521a8,558,91,4
f9cde296-96a7-4337-85cb-e7edf0efcf04,285,162,7
409a0f13-17a1-4c70-a08d-44f0b265322f,839,106,8
cc16a3db-5251-4d72-8a54-0ba43187925c,80,15,6
77de4244-9e68-4452-af71-9424ad721aa0,472,18,6
e6b855d9-fcf5-4c2a-89fd-33b018d90799,295,214,6
bbbeb03b-ef44-4809-846a-2fc61281622e,590,277,2
7e841c25-c7eb-46ef-8f8a-d465b4431152,357,99,1
8e780784-6177-450b-813a-e43572f2f884,420,323,6
352ac642-1f3d-4fbb-81f9-ce8aa320ae39,291,249,3
555152c3-3018-4d2a-84fc-ac28ed4e027c,935,270,1
4aecbd02-d172-4c6c-ae88-ba9fc56a9641,683,439,2
f1c128fe-1bb9-400c-8441-35f1a332d354,326,471,6
ebd10b63-a586-4497-8b4a-c71a690c94b7,633,286,6
5461eb1f-1f1c-4abd-8c81-e49e46743a21,896,239,1
e1865941-ddb2-4070-8b7d-002f0dcbb052,701,386,9
65f6fe2d-3574-471e-9b54-c009fc17d6e3,739,284,9
100a054e-ae79-48be-86fe-b3f93b631eb6,291,413,4
51457da6-e678-4213-a6ed-69b8ac9516d6,966,86,1
9bb10b7d-0491-4e45-9710-638dde8fc7be,632,248,5
4c82327a-7d3b-4e67-9953-ef4f1319e794,417,283,3
5a33735e-0791-4923-ae73-432b4fc42153,674,492,5
ea7a8907-c490-4479-93f5-f87cdd978234,23,268,5
ceafbd12-db9e-48b5-9f62-5a93304832fd,199,88,6
4a5f22cc-a75b-43c5-8518-349adcdb5ba4,662,30,4
0dfb39d1-2d1d-4269-a8ff-a016969aadfa,635,368,7
4c6680e1-076e-4987-8da3-50b374d49a30,269,493,6
f7134aa8-2850-4a9a-ad40-49853b94bb78,290,466,2
526cf31b-36b9-4dce-bb17-273579b0ee1a,733,444,2
b1d74428-7da0-4959-8a4a-934602f7766f,90,437,9
24d18d03-0602-4abe-ac2a-21a19dcb379c,165,323,2
976a4aaa-4445-43c8-94af-c9ae3d9990a2,613,116,2
c700f70d-f6fd-46f8-b6a7-ad0998a8b731,497,293,7
6955c6cd-8d25-4776-8f30-03413dfc505e,580,215,1
3d89d9eb-9b23-4cf1-a159-095e2d4c8fde,568,185,7
bdadefec-ed72-4f92-87d7-114eaead1096,603,448,7
64b04d1c-2521-47d7-a605-9fd2dd9a9ea0,666,110,6
7055127f-319a-45ed-a8b2-1333fafb6187,878,415,8
d659f6f7-66cd-4583-ad62-f7119f1ed93d,586,211,6
0367ecac-b2e5-4ebf-93bd-19c95fee60ae,76,6,9
05a103bb-d2c7-4c04-b912-fb6a642ebd1b,864,254,7
25fb2860-b1c5-452e-b60a-1c58aa2cec55,28,241,3
7d140954-4939-49ce-838d-9a9479310a2a,785,338,6
5f8e7a93-89a3-451f-90cf-e06ab0b771af,151,192,7
8c140f1f-57b7-43ab-a1d2-d26b697c173d,105,226,1
7d452ff5-2f5a-49b5-a3a9-6a995ea84fcf,719,53,9
63617a75-ff90-493b-a186-6b815b7f5a3a,837,495,9
2f5eb592-d661-43e6-b959-45ab54436f10,971,190,2
d4988754-950f-4973-9946-4cb8b352da78,430,239,2
c644ca88-bb78-426c-99ae-b402e106de31,955,245,1
f1e0f929-618d-4009-b95d-2f666ec4f00e,284,291,9
8458164c-30ad-483b-aafb-8e3876502da5,869,352,1
643d5dff-c970-4ae7-a886-57a139f148ab,178,327,4
e273715e-087f-41ae-9fbf-f54413499e5f,674,226,1
19675d47-26f2-4aad-9dd2-5883d232734c,28,98,9
4afcd8c6-ec66-41f5-b04f-95573953a686,497,74,9
28750b58-40a9-458f-96a4-df21a9cc47c0,491,24,2
f7c14e13-2cf2-4b35-ba6b-543fe275e2b6,121,371,1
fd487aec-4dd4-40f4-a24d-4a706c8e0a03,890,31,8
77c4bed7-1e79-4aa7-8f0a-7a73e2940b2d,558,492,5
eafb3c8a-6b41-4f91-8cbd-fd06fbcf2cd3,575,387,4
ca20f2b5-84f5-4fd0-b290-1285b06f34fb,991,453,5
cb663d08-a54d-42d6-b0e4-c3ffe15618c2,355,328,8
9b766337-b1a1-4cb6-b73f-190b492b5d32,416,461,8
56b7f7d3-436d-40b2-9742-2e21cd73bf8b,861,30,5
74200028-2164-4967-852d-3faa93bfa375,557,370,8
e45cf53b-eea8-44be-9b5b-f7a08d3f6413,546,65,1
b2e53127-9eae-4492-973f-694a112a50ab,914,14,2
10ed161a-f4d3-420c-bb05-39383daf6117,820,229,2
f08ffcb0-410c-47d9-9e3c-837c76ae2279,470,29,5
f30d2d7d-3ace-4d57-a9a2-1a42d31fb246,772,338,5
47f05a87-c7c6-4447-975c-b11c4ebd306c,164,213,6
ef67ffe1-8c33-4dea-93a1-b69316ae64f7,656,408,9
e32624d9-3b2f-4533-b204-600f00ffbfe9,859,487,1
5c8fe2a9-34ba-465f-b37f-3d7177ec5595,830,196,4
62b6cae6-f991-443d-806a-36b43738b01b,443,454,4
c2205e88-9103-4e5b-9bd1-9a8fb6b0900a,5,91,6
fc30775d-be4b-4a81-930d-792cdf018d89,705,100,9
b42796f8-d09e-4d13-aa73-c24aadaafd09,865,484,1
3c289b4f-2e4d-464f-b646-e82708ee4f8f,115,177,9
1831d36b-a99e-4665-afed-7fdcfb58ca9d,72,476,8
8025c1fb-35b4-40d2-93a9-6e1fe4a2f37b,350,392,8
6c98d9be-b7e6-45cd-93e0-31e2ac372351,13,248,1
0f604a73-3291-4364-95dc-28ca111455f7,13,34,8
15b39a33-6d37-4c17-a27d-36e1f2154456,476,50,4
2476ac9f-9ccb-4a97-b532-121121d12961,934,354,5
656586d8-40ce-44a4-9ba9-fba5791230e0,398,46,1
edbc70fa-4f48-43b8-b73c-4e5a1696021d,974,82,6
0c1a1879-4af8-46a3-bea7-27b8059b131d,75,200,8
cefd79fd-2845-4292-ae5a-dbce224e7786,500,164,7
f78bd1eb-3b82-41ac-8971-0dbab4ac7d02,570,161,4
60b4ff67-de8e-4f4c-84cf-1523e02d1f9a,905,402,2
c63083f7-1a86-41db-8cc8-bd19a30cc46f,442,249,3
b04a87bf-4c73-4f0c-8c3e-6eccb110d24f,123,404,8
ce1fb47f-61bd-4a4b-b85a-ac647456c8b0,136,380,7
ed75cf14-9671-48b2-bcc9-7dbbedb6d8cf,756,191,5
77615e5f-bb48-4533-b10c-be5047403b52,952,238,1
ee3cec6c-e775-43fd-b44b-c2ef4f217c42,662,39,8
26d70198-2152-4ef4-95b4-f2247b6fb9dd,82,154,5
7c7a51f8-b116-44f7-aaa4-2b4b1498fe6f,950,142,4
4af595c0-b93b-4de4-81ec-5633ef688fdb,38,430,9
132e6017-d7fc-49ec-8708-d5178aedb3e4,954,243,4
f22454e3-a051-4ffe-ac6a-dea4d7d7664a,188,50,3
e8e3eda6-f7d7-49f9-93dc-b4b96cdc2dce,727,354,4
d58a66df-f1db-4e9b-b7f7-0b663eff1163,27,21,8
608f3b6d-84fa-437d-b4ac-3cf903067018,178,57,3
7c5e0817-83a7-449a-9c89-b3885456d44c,797,487,5
e82c1443-0d19-40b6-a48b-3f8604114725,193,380,8
e042477a-411c-45bd-a624-0b57329c2644,42,154,7
542f8deb-bc45-463f-b0a8-c062bde86cc8,775,267,7
774f8d82-43bb-4fbf-8fe0-9546b0488aee,771,257,9
11ac3ca3-45f3-448d-bed1-5e60b42a7ca0,493,319,3
6cab320f-f8ab-4d2b-99b8-fe7e490bc970,692,442,7
6049c61f-8373-4848-8133-60952ae6dee0,812,436,5
4f82d3c8-b6dd-4e3a-83ba-e755995345a7,662,39,9
df6be4e0-0fa4-45df-9fd8-02a377803a1d,750,353,9
d627bbb7-865b-4914-aa9a-d73c9ffa09cb,316,269,4
da3b26eb-488f-4fce-b483-ad2837072281,61,66,4
4568141a-bd19-44de-b5ce-e6c41405a692,396,162,1
b3d2dc72-569c-499e-9b84-95c47c7e97fb,886,483,3
db92fc25-7967-458c-a5df-5822cf897162,906,372,9
251a3790-d784-41bd-80f8-8f1ca2fdab10,221,308,6
d4af826e-4b5a-4375-8801-a39bfdcc7f4f,632,208,6
a4abdf1c-3fed-48f2-a73a-43495f4bad2a,876,326,3
127c46ef-7791-49c7-9387-f7144fdb5745,948,400,7
8520b305-687e-40bf-bdeb-6a0d1ef6a6b6,463,277,1
6b14e74c-83a5-4363-b9d4-35d16328dc45,97,84,7
ab0d6e23-0529-468a-858d-b55406d1bfc6,208,100,2
7b9c6051-f0c2-4054-baad-01ea2bef9fb9,511,270,5
5776a91e-a867-4db2-8d16-8223bae070ab,448,8,9
afed7775-eb44-4ce4-9815-f3bc7ea9e674,936,383,8
61640371-7977-4ac4-8447-b888eeae44e7,201,296,5
d3572c7e-2a2e-4ef7-9976-eb4d81389f1f,729,425,6
7c5c0b7f-42de-4400-87ee-a5a108f8d372,737,476,9
759e1fb3-c831-4eb4-85c7-652891a18c5b,460,470,9
86019759-5cf1-4623-b2d0-8fa6c96876b5,419,253,3
569efe89-46fd-413c-bde3-71a02edd513e,590,287,8
34f9e449-6111-46a5-b6ef-6738cdbfcc22,212,296,4
80dfec8e-fddc-40f3-abf9-2c604e316448,324,266,2
b2e9baca-5b55-47bd-b218-86b03186ed00,790,157,5
bef3bbb3-32e8-47af-9821-ff5b0c932d49,447,249,7
5c3fcafb-295f-4a9e-9014-c22f7de0f61f,888,216,3
4b06287e-1c3f-40e4-9359-74c0f91c5207,140,291,8
9e2c14ad-33ab-4d26-89bf-efac19c0dd1e,978,57,1
e909724e-1f4f-4be8-bf9e-b45ac75a4d8f,447,495,5
f95fe5db-7f32-4956-bde2-1a33c6ca0d55,183,190,5
ff532c14-7d1c-4872-888a-79df374e720a,835,492,7
2d62a746-e461-4fc4-852e-17cfc1880473,886,380,8
a786dbb9-9cef-4149-9135-b593760aed8d,503,201,7
42ab7fc0-c6a2-4cb0-9a10-7f8052162474,630,257,4
c2313b93-287f-46ba-9658-10746058b779,497,415,8
908b4e4a-23f0-4acd-ab3a-f7ae6a5c7da8,990,121,8
66a70e2e-a602-4372-a83f-e02cf8851307,601,255,4
b6a7057c-9325-4da7-a6ca-3216e1227b75,373,393,1
d1926714-feeb-4aad-a210-3a33ddf5480d,718,234,5
c1cc87b7-f1b7-45a4-a77f-83525c40d0c5,766,273,3
ee4e2ecd-5375-4df6-b10f-d971f83cadab,511,293,3
37091745-e74a-43a1-9745-a9fc0a85a974,229,157,3
038f6c44-21e7-4ab1-87d0-15acfb763e17,270,233,8
8b93f9fb-0df6-487a-8c4a-65688356ca3c,663,438,9
64ccdc89-7599-449b-82f3-b760275fdee3,148,301,2
7be6cc8a-d530-496f-b721-727660d57185,520,154,1
86665abe-a6f7-4bcd-9fa2-8ffbcdaf9c51,955,479,7
de288c41-7c70-442f-8996-4a183abcedf8,557,311,7
e2c32f12-6bac-491f-a3e1-e6ce93ee63e5,257,225,7
d1d3d3a9-56f8-42aa-a3f1-c718cd3bb21d,614,439,8
f6188b54-912f-4849-a575-c1aea95bcb0e,826,150,9
adbcc4e7-964a-413d-8446-17151a99d9e6,455,287,5
2c5425e5-9706-4a3a-81a0-59b81bfcc173,196,411,8
08f8e9ee-1f34-485a-a5c6-6c91998dfe74,4,243,2
b89c8401-a57c-4b21-99d6-566266a4161e,57,467,7
fc1513ac-0547-4eb0-b086-0c32bab356e3,847,86,5
390c1166-fc0a-40f5-bd7f-e34440a438d5,762,287,7
4bc831bf-f27f-461d-8724-059ad7233721,963,413,6
8e694a17-0429-480c-a14e-d8ac75c91665,312,347,3
2220631b-1e3e-4ccf-ad59-acebf22ec5b5,20,143,5
cada1bb8-44db-4d54-8ad4-c3742317dca7,789,411,3
96e6589b-d358-4ba5-8acb-85f76a598c35,888,492,5
bcc4ffcd-0468-456b-82e5-bc8111f36679,465,131,5
8182799e-3829-4708-96b5-4871e977ef41,709,68,2
3ad88929-eb80-4de7-95c6-2ece52c7e363,966,276,9
1bd5026b-452e-479a-b8cd-2bc142f09a28,802,73,6
d00ef9bd-ba72-443c-89b8-7eb56b28375c,16,272,7
5d220dab-6ca8-4980-b3ac-83fab36ce760,453,446,6
9a8150ea-0fbd-42bc-ab7c-afbf156ab380,64,184,2
27891cf7-7e81-45e5-91f4-520daeaa3849,350,105,9
9ace9502-8e02-4cb9-a710-8b8c1086612a,528,397,6
57bb7ead-d1e9-4aa9-b746-fe376063affa,680,29,7
6531e41a-55a6-4229-9531-5de5ce04fe2c,250,105,9
590162e4-0263-46be-990e-21f05c40c6b6,505,392,3
ec101ac4-43d9-4b95-87b8-a08b366504b1,103,356,4
5aef4b42-8ecd-4995-bb98-a446120747d5,1,448,3
e67235b1-2748-4a7c-90fc-c01d96460f35,581,321,9
7409f7fe-315e-4a3c-a89e-cb38db5fb063,470,396,8
2d61efb3-e79a-44b6-aba3-4db9ade5ae45,930,407,8
30a15af0-a15e-4c41-be9d-929b475acf93,148,146,2
d21693f7-2431-4750-aa3a-28ab596a8986,725,177,4
3f68f7fa-3b35-4542-8051-51d8fc370e2b,867,264,2
d60627a9-205e-4594-b1a4-8fb4db110d10,75,58,9
e451a273-048f-497d-b216-ecc1dea587b8,201,279,1
dede25f8-64df-44e3-ada7-eb0f7fe83760,538,314,6
62ce772d-7f53-4365-b9ce-fb655dbff439,562,236,1
ae521b79-2300-4442-b8a5-e8166a79e564,16,367,5
44b86592-f7c0-42e9-8ca8-b7ab8c69f9f4,239,95,9
d98f04fa-da71-4712-bce4-ad68827e773a,282,474,1
3bf6c8c1-984d-46f9-aa99-17c46dae0b28,138,101,2
52ca4484-9168-43ec-b912-f69bbd59361d,908,66,5
19539ec7-bfbd-43dc-ab24-e309eac3325e,984,372,3
8e7414de-0036-45e2-9511-9d71da350e51,942,454,9
9a7fbc08-3999-410b-a1fe-1dd2de07540c,862,489,3
a3d8fd97-ec18-40ca-be1b-884793a9edd4,368,166,3
d77ba3a7-558c-4276-b99e-355d31b3dd75,393,106,3
bfa1ba71-50ce-4460-832d-8f2fad69ab3f,165,99,5
b3f4db27-8d17-4097-92cd-047eb9eb31d7,354,359,1
7ad7d111-0976-42af-80d3-26b7a2fb3eeb,128,46,2
ffd7cdb4-09c1-4fc1-8d6b-b77275f41b11,109,130,4
2bbcb592-a079-47bb-a37d-c8d75061856d,628,426,5
f64d4e23-93b5-4a23-8c58-819b7a010d44,496,255,1
66af72a4-75f2-43f4-bdb0-1f3cbbf067f6,923,120,8
a9983ed6-7e3f-4a1f-b1a5-557765256948,50,187,9
de35c402-e6c5-4078-ab9e-04ffa3f68293,366,159,6
22d26c0c-f195-4f7a-bc00-78b840443b85,399,4,1
039776aa-c167-4267-a15d-8d55d9a79349,789,253,5
4b482110-ef0c-441c-b093-73bdf5f3aaff,766,243,2
78cc620d-1847-475d-b981-bfa121294a53,494,363,8
537984e7-5539-47f0-9d89-4cc851a80132,568,153,5
7b051737-4be1-4d09-ae2c-a9e4f145fe0e,277,34,6
123a2a06-8197-4d85-9e50-56330f43603d,107,395,7
a21bae59-3140-4a6d-936d-f54c28d7e24d,850,330,6
62c9f38c-5963-47fa-b7eb-a28456b9d521,650,305,9
c12bf3dc-985e-4126-8c8e-d9cff75568ba,468,107,6
3e9c9bb1-d3a7-4844-9ff1-e5c9777fffaf,380,193,8
5ae9ccf8-24f1-458f-bf00-fa544e671edc,45,399,6
56d4cd5e-917f-499e-96a5-6cc4712feed2,770,222,1
fdce377e-a129-4da6-82bf-416bd1653987,302,38,6
69ab994b-f4fd-4ebf-b9d1-f9dd76c4bac0,825,105,9
c5c152a0-3c44-4eae-a1dd-ea3e4e9da47f,80,419,4
a6490fe1-d71e-441d-ac12-290d66d1fe3b,33,181,6
ea9d451f-4df7-4e7b-a1aa-5fe91bf18be9,979,147,9
de56e728-a970-4e67-9a11-f7bd95a2b250,870,48,9
c609cdf6-8a05-4585-aeac-c9ea062ea025,58,417,6
11bb23b2-0b73-4af0-82cd-f091c3ce924e,527,459,1
3645162b-0d77-4414-a29d-53ebafbed37d,261,75,8
95b8eab1-828c-476e-8556-fe5414fad8b4,372,8,3
1fa9bce7-ac3a-407f-895c-0f79b4e193b2,471,319,9
ba240661-b468-4e5d-934a-add8a7bd173e,696,124,4
fc547ec9-7a3c-4dac-b673-8217b521f1df,548,495,9
1def5243-732b-4ced-834a-b02299504f9d,600,74,8
c55418f1-1d34-443b-9833-3d07292a97ff,20,264,5
81364a52-a5b7-4273-a842-271161503a11,446,86,3
7d5dbdc7-4e83-4a8b-ac2d-9ff6c71b5410,793,268,8
ef587d13-9680-4ed9-9305-65d997f52c57,335,93,7
8306d59b-4d1f-4f94-b512-190f5582fe74,658,343,5
7a047e9a-4fdc-4d5c-8afa-0a12f288f578,163,291,8
107b8596-322d-440c-acc1-9e2127393fbf,45,85,5
a3289ab1-c5fe-45df-acdc-866b5af08f83,248,60,1
3e586801-b0cc-4bb5-92aa-4ae23fb9c9c6,348,277,9
bf8001ca-f519-45f8-b7c1-a5042c4b7075,133,301,4
ed19150f-0fd7-4e1d-8618-a55e085093ed,25,55,5
187bac71-83da-4f2e-8324-726c7697d462,908,291,6
0833f0b0-bd75-4c61-abc5-fd3a22e23b8e,686,161,1
8b035040-21c4-4d72-bedb-d4e849dc3986,358,322,9
899bc3a8-f0d9-45d7-8423-0ccd81d000ab,883,468,5
8cf804e5-f21a-4285-88a2-6e5ca2c5667a,535,492,8
d4544299-2240-4f8b-bb66-1ad0fa5ecb5d,793,357,2
907d9931-aac1-47ce-8f63-5923fa506077,444,122,4
84092190-57bc-427a-9010-97bb55cb88a8,563,494,6
84f6387f-09fa-4fb3-afc6-1fe9fdca4329,127,133,3
8d9d2f9b-6a12-4b3b-a13d-b7eb3719a8ae,714,477,1
45e04b24-b6e6-4a65-b830-da40177f3e60,2,179,6
dbb2cc7c-dbe0-4249-8318-cf2be116f44c,403,349,7
619acf78-bf04-4355-94b1-24a5a338b198,694,434,3
9ae3fa80-1f6b-48dd-bac8-3d62907349c7,167,293,6
d74d915e-afa0-4927-8b23-86e3f86edb8a,524,257,4
8225c3c8-d7c9-47d8-b096-c9b507d313d5,570,265,8
c9e44db1-c0e9-4e41-94d8-77465d4b5dae,72,143,4
a4faf03f-6efe-41ae-8a35-86a6e76c6e05,375,202,5
6c24faf3-2783-44ea-858b-aafec5368430,946,53,4
f4f23619-1488-4ada-a0f0-641f3da1042c,108,17,6
bd35ce81-ca42-48ce-8e39-afeb2c07b56c,341,120,5
3feaa448-7dda-475a-8dae-df6018e8f2f2,405,89,1
0f68f60f-ff8c-42bd-958b-c49d9d292892,101,53,3
de60be69-a10a-48de-b696-1ce8ed303439,320,183,2
d54d2d0f-8869-42b7-994e-3ad65e58703d,827,129,6
0e88a5bb-683b-41d2-92ca-5ede7a07de33,668,287,4
1d973ae9-e8be-4e4d-b33f-fb309dae9baa,144,171,5
b5c9d24a-3caf-49f8-9653-2536121434d9,576,171,1
ea48978c-7432-49c3-8144-a0054ba378ae,160,400,4
b94961fb-467e-4e12-9234-167b0f706da4,60,308,8
6c874c41-0923-4db9-b159-c22ebd672e15,570,169,3
9d62891a-5547-4aee-9926-378f8262bb0a,537,125,5
7134abec-88d2-4e16-ae88-8bd028978563,358,90,1
811c1b0a-de0d-40ee-ada8-7246525592b8,360,305,1
eda5698a-cb73-437a-8fec-817b5c65b757,766,246,2
4f21bd99-bfb5-4a44-ab5e-1eaeba6b6186,362,293,1
821bb705-e697-41c9-bbd2-e71a5c63897f,653,147,9
6107556c-74d2-45a3-af71-cf8f0eb4ca7b,910,179,8
1ca567c1-8234-4f36-90ec-ae8f8ff0ebe9,716,278,1
919957ba-21e1-49d8-844e-a3c2e89c2fc4,170,417,3
630e987d-c24d-4f12-86b7-de56bbc91c4e,408,52,3
22965bc6-9d2b-4d3a-9aee-2cd8279ea631,909,163,3
18188391-cc7c-465f-8f5e-fe99c8424086,663,323,4
8cc0ac47-5220-46ac-9777-f839fd152339,950,100,5
e839f678-0dc8-412d-bfb5-9310e26556c2,501,24,5
91cd7785-8859-4814-983f-3619ff50e3d9,80,308,1
bc939588-bbf5-4bad-8ab4-ee28ef42994d,260,415,7
6568ad05-097b-44dd-8d0a-67fddc3959f0,615,138,1
2254e706-4b90-4ac4-a6a3-c5ad4de6ad98,425,58,2
4756c4ec-5e86-4cc6-8155-37917e331003,3,486,6
98879d90-d24d-4374-ab24-fd4043ba35ff,397,228,1
afbffca7-801a-4101-b91e-96a762c1b883,862,290,1
60f287ca-4053-497b-8afb-69537537226b,304,80,7
ba2bf69a-4eec-48c9-8d22-145d92d77d11,890,434,4
e4f207e5-5e12-4996-ad0c-a4e2b24c8813,646,365,9
d4089368-3b5d-4aba-be3d-9ecf8dcf9b19,876,135,1
ea8f2c5b-6fc8-4bfc-9c05-085b132fc7b4,917,271,9
b28829ea-0cfc-4e94-ae89-e153bb6844bf,205,191,8
42bdd622-4170-43dc-a692-6c1ca5dfa542,47,476,9
9b130e36-637c-45a6-b937-5982469eae5e,196,444,8
dc838642-5d9d-4734-ab1f-a6c99c6a79de,890,332,5
d03b8405-afd1-4798-ad4b-d7b7bca11f9e,533,172,3
5a1b6296-79c0-4d3f-b8ce-8a32ed414bf5,849,290,3
68665814-a971-4739-8e29-f69f4b24d157,332,354,5
039bb761-6ec0-4187-9ae9-de6814d202fe,116,460,3
8430092b-7027-4a1b-8477-481cab56719d,591,351,3
e5e35dab-2d53-4e44-bb1a-8e9fbb093e35,11,346,6
82cabdf7-09a0-476f-9878-51514477703d,920,472,6
72f36de5-387c-4aef-bdc7-d7cf71b4a81b,273,465,8
54005fae-b11d-4e32-8395-ceaee1a559f2,332,189,9
f04b0b08-b778-461e-9d0a-c8bb76740bf0,877,222,1
6bc2ab1a-8327-4f7d-9624-35d4340497b8,307,124,2
de623b61-f068-401d-9abb-d3132c11ec77,810,50,3
c160c4a0-3958-47d4-9a72-c52fae05782e,815,224,6
e2066572-d05c-4d29-92d9-5d8909c621ce,500,281,8
113519e3-4ece-42e6-be89-dec9cdd268ad,358,266,7
8307feaf-da06-4c33-ad3c-cb3ec07a6ecb,595,330,5
135a5e84-c0fb-490b-b794-c3dfc86484d0,711,469,3
082b5d2d-2edf-41c7-89ea-cdd1ac7661ea,831,9,2
5a9860dd-27b1-48c8-a40d-ccaa74dff9ac,179,235,4
73926d89-7abe-4097-ad44-e8eb88cb1619,443,334,1
1f2177e4-9af4-4c07-9599-1ea3b77a4c18,427,185,2
c6a397e0-5bbf-4925-8650-4a6b18385942,976,108,6
2f6881a7-b033-45cb-b9c1-336e5c099145,412,355,2
5ec6e5c1-fa7d-49ee-83f2-f8759682a7f6,8,313,3
00ad7216-03fc-48ad-aa75-8ae3601b1fa8,165,422,7
25f8cc4b-e47b-425f-8ea0-52b3e672b2f6,307,376,5
1d6f367c-fe8a-4f95-951c-386f2e10a25c,62,250,8
8b6cf625-928a-4f80-847e-e3edcc2830b9,105,290,4
f4290890-6139-4973-a6ff-8d9151d32776,342,188,3
f06a143f-f8f6-4279-8f8a-e96431a31a8b,268,325,8
df135a7e-0ade-402a-96d8-3d9a1f53b524,1000,207,4
3edfbbbd-61e2-4015-83ae-58600c184a7c,20,363,7
92929440-d71b-4e8f-b495-17365b54656e,696,445,5
df44171a-0466-4cc1-8ecd-50fe3191a9ad,405,469,3
fa77a12d-6677-4ca4-b5bd-0996e2068a10,338,39,7
4a482288-e096-46ec-bed0-03f08dc1766b,575,175,2
b7ce13c2-e533-4ca1-a530-bec9886febf7,9,495,9
4b947fc2-8e7b-4f28-ad45-99387e665074,130,142,1
37b9a185-87c3-4835-9f99-5538c35ed678,837,208,8
719b70ad-3af2-457c-a74a-280fb082f002,826,73,9
67d85387-0424-4626-8654-b78502769048,202,72,2
77710417-bb10-47b7-9c96-a7d754625f34,6,163,5
a724dd84-e159-4d1c-8d43-7c1f2ec62b96,268,454,4
925505b6-17b8-410d-aa03-8f7255a27628,504,475,5
fc85bd10-3c0a-42b2-81ff-4e52585889b5,133,431,5
da690741-966a-4796-8e34-bcd4ecbbddfc,927,153,9
2265f583-9d34-4b85-8177-30f9feb183ef,879,77,9
9563d7e0-a1be-426f-9b06-528b1de3be7e,493,273,3
200fd8b6-2b33-4d40-b6a5-b0e8a2516afb,789,291,3
366af8b4-9925-4b0a-bd82-97144ccb8fd1,353,486,7
802f4130-10ca-44f1-809d-6b84777c3e31,550,377,9
f8527098-eb60-44be-a6b5-beacfff40d90,958,129,5
6e488ddd-f236-4bf9-9310-95024d5fdcff,420,347,3
a85de737-8679-4337-b43f-ed36cf249188,664,162,5
6b40bcf4-5bac-4047-85a5-711badf29906,105,216,6
571fb0f4-6a0a-48c0-9433-80dea3bbf83b,669,205,2
0b9aac21-8e95-4647-bade-ee987cda6090,112,227,4
0019b171-f3cf-4203-8284-6c3c857894e7,206,184,7
8beba01a-2afa-4cb1-95ac-cbb7fed61990,766,205,5
1fce3eb7-c62b-418b-a648-5efb6c7c3dca,901,52,4
30f6fdb5-5943-40d0-a8bf-4ce0bbc3839a,206,389,8
8c27c371-acd8-4351-85c4-7a174ec5c9cf,882,410,7
3bd04862-e71e-4d52-9e21-5c79d38d2c9b,417,97,4
964fb6aa-5cba-4fe6-bd18-30aa7ca2ae3b,868,209,5
d2dc207c-3773-478d-95d0-c07fad65b817,853,87,6
0728de71-254d-4d4d-aae9-11fe9e2689ba,393,386,3
bdad9196-6ffe-48d1-bda7-bd2fa1fca716,520,70,4
92e949fb-ef25-4799-afcd-39db1c472044,397,45,5
530b3137-91a6-4f0f-9356-53e4c25a4061,700,281,6
cd499d7a-950a-447e-8db0-9e05c2218ae5,333,391,5
74aa607c-277b-4fee-9059-6a9090f80f99,324,446,3
222cec60-ee9d-4f8a-abc9-4e6afc2aef47,246,330,8
4b3a600e-adf7-4003-a477-6d42f3a5bc6e,247,73,5
6d3618e5-44ec-43ab-9cac-08e42aef20c7,213,308,5
a0b5d10d-1e6c-4602-bca8-132152f60a34,171,59,2
4d027f28-5472-410d-9dc9-58cb3a9d6a4a,688,98,4
2add5099-5406-4531-9912-892e0d616627,159,261,5
8ad4e679-1643-4781-9e17-361c1468942a,279,167,9
d12d2363-cdb5-4fee-bdf0-1c9d3604af71,644,244,4
9c50eed6-ecd5-4443-beff-be3b1f2af2d1,335,389,9
e8140d35-38e9-45f7-8345-0501d66c25a6,174,75,4
5625f7ad-dbad-4d5b-8a36-50677aae89b1,828,113,1
7cbd0366-eee8-4e37-848a-00cb7ce1d5c0,797,212,2
9d48956e-d97d-4a37-9775-88d558907018,563,373,1
deb77d7b-dcc2-4d19-8708-30c07da32bc8,931,6,5
f395e119-4d25-4366-a214-13911c41f6bd,76,68,8
98b91eb9-5fea-41a3-b78d-153c3d92ea2f,115,121,1
64c4bb26-3c9f-43a9-a8a5-c1c07ed2f731,851,328,4
512068a3-7427-49f0-bfff-37419dfe6d74,286,19,1
2134bf6f-b250-4190-bc67-135df1c34fd2,687,150,4
dfbefba7-3b72-419d-8860-ad90d0a9a239,907,29,2
03c4e806-81e0-4277-a8a8-55d1e34151e3,622,110,7
5f1973bb-82f6-41d6-b2d5-c571ed6eb6de,532,193,7
0f874517-5dd9-4512-b423-2caccb729cb0,383,453,1
b2d66cd5-1d93-4de3-bb12-33767aaf8e05,741,217,6
7d1fd7e2-5b42-4bd3-980b-24f582821bd7,420,239,1
654adff6-33bc-4d3d-9f0e-d547f760b19d,940,223,1
ad3ea70c-6724-4329-9b6a-650740100eda,240,2,6
32f6536b-3357-4869-892e-50b321711268,280,294,8
459d0a0a-4fec-4fa8-a562-f8ee4d5a3afd,412,77,8
74ad48d6-de0e-473a-aab1-57df557e8471,681,160,3
a9c39b94-3dd2-4b6f-9728-09aa7d353425,504,315,8
1f2ba9b6-afb0-4914-bfaa-5dfc66610fae,270,401,2
8c2ce2e3-a8ba-41dd-ab95-7068c356289f,79,238,6
c93e6534-949a-49e7-8dba-e789e2aa780d,345,61,8
134595c5-05fd-4bf8-988d-7f1794c9876d,844,353,1
eb71ca16-5547-44f3-9762-0d5171d71d7d,20,63,4
a4037d1e-a614-4b2d-9832-9cff4315b41a,971,349,7
74149889-a4d4-457d-9162-b1f037d9b216,277,143,9
2f6fe29c-987c-4bd4-aaac-7db406db342e,296,240,7
5cc246dd-3563-4ef5-a7c1-8bfc37e53124,564,203,4
93f05ebd-4067-49cf-a053-132088d35fc5,443,438,4
8f618679-3e3c-42d3-9869-4d8474c98cb3,602,352,8
350225cd-b9f9-4538-b1f1-5d7e1dd65074,624,67,2
37cf0bd6-260a-42a2-8dd7-0d660e9345b8,581,46,8
0dc7f18b-bb81-479b-9029-f2988b6e891b,98,229,9
9e12ccdc-5b9d-459b-885d-aa82ffb4bbdc,631,427,8
e9bb7729-efa6-4043-87aa-7fc6b56c9e24,739,11,4
a9fef98e-c01d-41e1-8ff5-39f9c73de409,334,13,2
5f16a861-eb36-4d25-aef7-3cd2238d2d28,144,207,4
430cadd2-8431-44b6-9160-d508cd2cedd0,263,243,6
6430f81e-f5d5-4501-85c4-90e2fd631323,572,246,6
b92abf6e-4b0f-4d48-a019-a9067b367aad,168,71,8
0968e7b9-691b-4059-b9f7-d6227c2bc5fb,952,26,2
f9695e32-d118-4614-b0c7-c386df3f6915,231,318,3
271d760c-f74c-427a-807a-d9fe812590bc,14,10,5
1b60b635-52f2-4905-a312-bf48368c260d,359,106,5
4585ed94-bc7d-4f42-946b-922dbfbe08a3,912,28,6
13f18c93-500f-4a74-9d5b-dc8a58024956,582,398,4
505da2f0-0679-4a8c-9c87-3a7c5420464d,305,293,1
a91a8bce-859e-4a57-b1c2-aedb542b9f53,503,169,7
1c99b66f-8a00-4d49-b0b4-e643622de53b,899,31,6
b8a18418-c313-45ea-88d2-0fac75e351c3,57,251,1
edef37f9-1a6e-418f-b635-537ef099225f,563,81,6
29bfb185-81e9-45e1-b3b4-566098a5309a,304,93,9
0d86c49b-ee17-40c5-aa5d-fec13d2514df,337,203,5
3be86974-f4c1-41f4-88da-b099ef69288b,811,364,1
1b29c416-bb40-4785-8bf8-5b417951a0b4,161,160,8
40af25ac-dc65-4e72-81a1-58d9b4849c15,753,287,2
7dd483da-e6eb-439e-83a7-03aec8bae839,956,293,8
eafd9621-9e52-424b-9c00-50a34f48649b,133,376,9
d722cedc-7737-4107-ab0f-d869f9029ce1,966,291,4
09714cd7-e809-4ea6-8103-30b345e87dfd,750,34,4
fe4733f1-744e-4b5d-820c-d2bbdfddfe17,495,411,9
f949383e-ab36-4ec6-9ad3-b13fd1d1afae,803,213,7
f554f7d5-5f13-4842-8035-dedd62e96adf,510,169,5
ea2bfc83-e431-4045-b6ec-44e08ccd0d12,323,378,1
92c7f782-09aa-4d4a-9f14-1e68582eb4ac,566,147,4
83cae6be-21ab-4295-84af-376c750956b1,780,253,9
e7e033ec-a316-4c7c-8108-773d147073f6,918,214,9
b07855fe-3d7b-438a-92db-0e13b2d93347,263,159,2
c01c69ca-d12d-48e0-881d-e1182a700449,376,152,2
27dc9988-7823-41f0-96fb-19f0a65d3de1,173,382,7
c7d5ed00-e462-4602-9965-728059cfc097,181,433,7
24445015-b5ea-4368-b8d9-385a307cc33a,756,436,1
1ccbbaf0-acbb-4ff7-a987-4df3d876c0d9,145,27,9
62a00354-20fb-408d-8212-42c274495e9e,825,442,5
65e4d824-65a2-45d7-afc0-b495ca92e9ad,131,110,2
e2255377-14a7-445f-9c79-c1c2dac343c3,749,119,8
bfbdb912-a449-4ad9-b06b-203dbf27647a,517,416,4
ae586820-3caa-477c-a33a-529260f8b569,887,50,1
6ab4d376-81d8-4631-ac78-0952c47d9909,123,465,1
4c383c98-dd21-4c7f-80a9-3a97765dae38,462,332,4
586a2d9e-299c-4177-bb5b-6fd18574d72d,911,481,2
30f73790-3bf2-4f3b-acb9-6395728d92bd,74,273,5
99f8fcfb-597e-4e48-b28c-66d2adb86a22,983,387,1
acac3728-b4be-489c-b89a-9c7bec64f640,487,173,4
570faa4c-7879-4443-98b0-eeadcb4194c8,71,199,1
d786545c-478a-47a5-bbb0-e6c648d1e9a6,779,334,9
8a5956d6-181a-461c-a72d-043c8fda81f3,83,495,7
ddc3a4a7-4953-4419-b345-d313c0d5355d,936,395,8
889990d6-29ee-453a-b40a-68561d0c7980,111,261,6
ec5118bd-8174-4bf2-88bb-6d75ecee9d2c,21,135,4
d628a7d9-f425-4793-a9a5-1e3e50c46d8d,387,420,6
8521a9c5-6cb7-4481-97fc-71649eed35b3,943,268,1
bcfc4fb9-39ce-426d-ad07-30763b96e4f1,727,307,1
ef31cb8f-7815-459e-9a1e-d6a666dcaf68,429,193,7
d94af9ab-0910-4898-a961-42f6b47aeec6,212,479,4
37eb7b2f-9af9-40c1-a9e2-73057c5f700a,497,342,4
1e907083-ac9e-4a1f-87ed-463d30e3e25f,1,421,5
33a80ca3-70cd-475c-a132-906ff1612c55,628,335,2
9cf746cb-cc19-41df-b800-ff83c8167722,703,340,7
6aea431b-4038-4eb3-a3de-73df6c58d0c7,742,72,4
1475e482-0f4b-4674-bd06-22ece383ba97,645,158,8
d94992de-b429-4382-a303-876d0d00d991,322,259,2
223ba7ad-ac13-419b-97e3-d98d620cef36,586,154,6
1eef8aa3-6bc9-4788-a212-1bcff514036e,860,263,4
dff78527-9167-4f7f-80ee-cf898fa0acc8,670,110,7
4f97f2e6-b91d-4b82-9bfa-19fa9e1b53b0,492,155,8
a33ea14d-54c4-4092-b19c-d46e581182ff,573,360,5
605268a6-4c8b-4299-9ed1-06466db35909,362,351,1
ff052ac4-80b5-4cbb-9abf-02b7a172d42a,361,212,5
53f975d7-5127-4ee6-b2f0-02b55ce6642b,934,317,3
92ded732-a9ff-4351-8662-bac5ad360edd,192,59,8
ec48c268-e6aa-4249-beb7-41e9c1092f9b,372,196,7
9e569b67-6157-4e9a-8399-88a0c19845db,256,357,1
6a7707a3-01ea-42c1-bfa8-0d3aa2838fa8,838,139,4
f582b65d-0100-4ab1-9b1b-e7ff6b8d204f,786,185,3
53c3fae8-9eed-4d3c-a88b-747fba029180,853,418,2
da91088b-d88c-49c1-85e9-6ff203d183fa,445,376,4
4b5ad5b3-8e04-487a-8137-c20985b85796,829,62,6
b2ad9fc9-0934-4f40-a426-f4ddb70f7930,679,470,9
0b68675a-2fdb-4735-b188-26022699ef1f,394,364,8
5764eb87-379d-49bd-bab6-a9e06e9e528d,302,280,1
e36b26f8-edbf-4d33-b9f0-c263a0d42df5,852,469,6
e44bbc9f-7fcd-4069-b8e9-5e27a1205e77,602,378,1
c0cdfb3d-e277-492d-9ee8-b9cab7b186fb,669,439,8
56d1f702-d164-46cd-944f-5b1a17a7a932,313,214,5
0c53c00e-9240-4b9b-94bd-c6a9bdcaa199,706,151,3
34bf5fe1-eadf-4b44-9a3b-6e607343480e,917,109,4
d069e5d4-a048-4e14-a219-c73c2c01c1c6,461,150,8
a4700335-9e0d-4afd-8c2d-2ed3d8024ead,946,229,1
b3786834-5844-40f3-bb78-f23c78b51bc3,435,128,7
339b797f-ae1e-49bf-9609-4f2963ff2f48,615,130,5
703d6b64-b17e-426d-b1f8-d1e0e0e5db31,15,293,1
bdc9eeab-3591-4730-b231-209e188910f4,900,410,8
3e904dbe-b99f-4484-bacf-94098d557adc,10,297,7
1271e5d8-50f7-47ae-b036-aa9915e394af,540,421,7
2d426b59-e19a-4a00-9289-df5a6ae1ac14,440,3,9
8385f089-e80b-4495-bcba-235886530836,988,174,4
1af72484-055f-41e3-919a-b8553ff8afcc,511,286,5
29e01897-085e-4509-9e1b-633556044d0d,336,151,9
42a53846-3998-4afa-8173-8994f3377558,573,269,3
0a692e61-2b35-4a41-ad8d-704db2edd974,677,173,9
69362584-678a-4d3f-ac91-58c80b12b9e6,869,266,8
d95886ba-4102-4fb5-a2b0-3ece3886bce4,416,13,7
4fdce56c-90eb-4765-a4bb-4ed7250ff98c,256,423,8
d29b909a-6c50-4b4c-b3c1-c0ec53a20e35,910,299,8
5b8ddca1-78ba-4a49-af7e-f93503a61779,388,159,8
504f8ac2-80da-44e4-ad18-5d9fbb1f948c,517,444,6
a122e937-e9d4-4192-8c1e-c8bb9ac8593e,842,219,4
d76b8fca-24e3-4620-9fec-8382952e824c,783,198,2
a9e72430-9aa2-42d8-9547-1d7b9a7c0298,312,396,9
0df3e996-c0a2-4ceb-8eb4-3117a7929838,995,366,8
3eb4647c-c7bc-4234-b68f-4cf70ace9f55,285,232,6
25eb4e1a-67bd-436c-b5e2-15007fac414a,4,28,5
5233a44a-29be-4d39-8cd9-01e431478f10,546,138,1
f098bec6-acd4-4018-ba47-0f4fcae09c42,421,283,2
8b0434e5-0700-4570-9e55-5d83401c8acb,542,499,9
cda086aa-c97c-4842-b110-08f9dbda82f3,595,263,4
b3b49f51-6ccc-4195-866a-29622e666efe,839,491,7
e98644b7-1f23-4fc1-abed-b2cbeacaeea8,687,4,6
42942c78-dbf4-4784-aa84-a1bcc05e72e7,429,287,1
6d7607e0-3826-4068-96e0-601500f553c5,224,95,3
57b27b60-c896-424d-bc8d-a23c77961ba1,964,344,6
9386f674-5ceb-40ad-9f37-8a7a4fdef130,711,27,8
42408ee9-404e-4627-bb40-1956b71e75a4,36,407,3
9c8fbb13-edb3-4472-a155-9dbad697f4e5,898,95,7
f96e4c43-04fb-4cc8-b7a0-74d52b87874b,955,455,7
802a5094-8106-4ef5-9a39-7848ccceff42,800,381,1
ba4fe941-529f-488a-9534-40ccc8b60878,907,189,5
1df07ed8-11a6-4b81-8fce-b9d9239f19d7,775,498,5
51bae7ac-6f07-4bed-b10f-f112724cdb11,53,157,9
e512cacc-12d4-45fe-bf95-b99bb1df8554,68,69,1
1482a7aa-ff7b-418a-aba6-6ff7fcd68d92,147,451,4
775b0542-12fc-4e59-aa5e-351d53ef849d,767,164,6
be6f1106-872f-47c0-9dd2-e97e398ec74b,898,218,5
941f2274-76ff-4dfd-83bb-610fb4364a51,690,172,6
a9f333f7-8b92-4769-89c6-6c8d887f96ba,36,456,5
fc74c435-2542-43b7-a002-283782278a4e,862,312,9
4ddb3815-c2a3-4aa8-92a6-22a4284044c4,739,53,7
b1cb02e2-be3e-4b85-a9ad-fc057061365e,8,274,1
c9452c9b-f592-4eb9-9598-20bea77f9c56,781,132,6
b811de51-c5f5-4766-9644-75a4c301b5b1,239,356,1
8d290b44-72b5-4317-8be1-e3c884c8ae2a,549,161,9
6d233d03-e3b7-40d6-84a3-40b386291dc5,776,307,5
68147f6e-6e9f-4d59-829f-94338ab9c21f,692,30,2
8c9e7369-d168-4869-ac88-79cb838276e0,330,390,8
30004ad1-b034-436e-833a-6066e4a0e6ec,306,17,2
7f8a0381-0657-4b95-b182-ed495246a25b,52,37,5
24f2d93b-66fa-47ef-9401-8ea44c8946fc,250,359,1
90bef2b9-463c-4df5-9ef1-13e67dbfd99b,490,405,2
ac35104a-bc89-4650-9b64-7c89f32aef75,458,22,4
b8344fe3-57d3-4fa9-957c-7959aa963771,26,241,9
7dbc0ffa-bd09-41d9-944c-0c0182457065,128,250,9
708e1548-5012-41d0-8d85-fa5ea6dbe770,18,160,3
58081ae5-a8f3-4e51-a938-4d7940bc4d49,204,160,5
e75e6287-8563-4801-ba38-c29a21ae602a,394,360,5
15d1027c-001d-49f2-a583-2a9055acf51d,529,372,5
1bf36013-5f1f-4f71-9fed-26ccae6b0909,474,92,3
41e540c0-ebaa-4f49-a8a4-498f69b53e62,259,381,8
00b0f445-8f53-4585-a7c6-c1646a1f0aa9,584,429,6
69582e79-8f4b-4458-9574-7399caaab1b9,921,171,9
076f84f4-6667-4dbe-aede-63a07509513f,564,236,8
031298d1-8ce5-4d4c-9e82-0bac06210d3c,358,334,4
8e855c73-0ac1-4d50-8876-606486ccbb11,920,166,9
19ae7aef-3af4-4c31-90de-c2e5cdaea716,205,363,9
3aebac9d-77e0-4d17-8c5e-4a75be7d1a09,974,16,2
21efb240-b3a7-4b24-9946-727636410121,233,480,6
7d589cac-4804-433a-92e4-3f7c3b464247,179,332,7
32e61e34-e9db-4452-adfa-66dd0aa94dcc,518,59,3
0fbdf668-b28e-4961-be82-f3c362dd0b27,315,424,8
7fbdb4a0-e681-47fe-9105-63f79e2087e5,681,242,6
5c0886ee-2245-44db-98b9-5b338452f2c4,469,127,5
66760ccb-7390-4c26-a0fe-75e4e2555986,375,75,7
625efbc3-2617-4296-af80-bd9894352592,360,491,8
fc62b211-defa-4b6a-8b77-81a6946cfd32,989,194,7
0689376c-6725-42db-805f-4e508692bd17,904,331,7
04fd3851-de30-43cc-bcc4-039fd182bbbe,294,426,5
c01802e0-448c-4edf-b078-af5f50ae79ba,262,136,3
43903b15-8c4d-4a8d-953d-94b5f391bac0,139,279,4
8accbab0-1bc2-405c-b697-08397a277b0a,682,176,1
620aea94-25cc-4cad-94a8-b11ec29fe4e6,183,56,4
f509fcc4-e288-48e1-b660-330631ea7a9c,963,212,3
00be29e4-eab1-4a59-99bd-a6eaff62f59f,988,256,1
2d3c3246-01f2-481c-9c9d-92650e2da1d0,859,13,7
6be05bdd-53ca-4037-8168-00f675bfb9b5,153,466,4
1bb2583d-f108-4eb5-aae8-283809221ec0,617,416,4
44112a0e-cbd0-488b-8467-aed37a541d9f,891,402,6
6717264c-564b-4426-9565-a500a55542b4,437,196,1
0e5c9332-e631-4efa-b569-8425b7371c20,496,26,3
bbb1aedd-de22-4d6d-9f74-496e9d3db915,329,257,1
d7a233bb-ca2f-476d-8275-d44e4f187d21,60,496,2
aa831434-5a7f-4404-950e-be6c9ec5b6ae,61,69,1
bc460b4e-e5f4-4db6-b1df-42eeb40bc72a,744,12,2
165be916-e0a6-4fe4-bde1-7d39c1c57358,132,198,6
6568fbf9-9044-4841-b0bd-2843d32d76f8,848,366,2
6a7bd31a-7a87-45ce-8b48-3c554309f0f4,52,235,2
95d1cdf2-371e-4ddc-a9a5-f17467c2f2e0,744,71,1
89065603-9971-4e3d-af71-0286d6c748b3,282,496,5
4a119914-dc47-44bf-b66d-2d045ac0bb85,175,286,2
1539266b-65a2-43c7-b398-f423512fff36,39,296,7
c59d7535-d4b7-43f4-9df1-1fbda98951ca,301,259,6
e58878c8-09e5-4275-9f75-577e672ba484,94,247,7
d74ad598-3496-4946-8f56-1372ea6beff9,523,79,5
1aa98397-a5c3-46eb-b93d-9f166c24365d,850,15,8
2e961e29-e2ee-4dfb-8ef6-f810153c0dbd,439,381,7
51c003c1-5fb1-4599-a9c1-bd8d2253fd09,826,218,4
25e1f310-9e93-4e00-a0d0-42f42d3c1e41,545,335,3
2c12d3c2-6c20-4e55-a74d-0265d6ce2011,816,420,5
43bbdc19-23ab-4a06-929c-ef878b6b5954,722,406,4
064115e6-c8f1-404d-9975-c98162745bb5,77,216,5
e2a54d48-52ec-4f7f-bf2c-b1ce028309b2,768,72,3
cf4b6520-9531-4555-ab37-666050706f4d,659,412,7
4aaae72e-aaf0-4ab9-a73a-623314afce68,767,170,4
7942a4d6-5eb9-447b-a0d4-2f7c0ec93dd3,252,176,9
cd62d860-6560-47dc-bdfc-faa37d516ec7,991,343,7
5b945b63-11cc-41d4-908f-6e5b02a6e1d0,324,297,6
4e29a9e3-6f65-45d0-948d-edc524059222,816,93,9
037275a6-9947-4c3a-8ed0-9414d4a6703c,232,465,5
4c74783a-d467-47f0-863e-384763f9c212,584,161,1
2fd5e71e-db54-407b-b137-887e3589b07e,434,192,2
9bdab84f-7eca-429c-8f1a-905c39517b12,180,11,1
12265cb4-b0bb-4249-aea3-299fdb647754,470,44,1
ce9d5704-f77f-46d5-abb8-45fece47acd5,326,363,8
7b0dca64-95d7-4412-a165-3aa416187f8b,824,162,4
6a2f51bc-2d06-466d-8ad7-a42f38870912,302,422,5
8c20e087-eec7-4031-98be-990549a1f578,280,435,2
39256b45-b6a8-4c9e-8339-1d7d3a7d7762,832,350,7
8d0f1ca9-ba4b-4180-8a01-688d0ed727d1,402,94,6
45ce2a3f-fda6-4ce0-9880-88053c5cc825,256,298,7
9d8b0bc4-b15f-41e9-b4db-c90075b2f7c4,550,170,1
d4129ade-621e-470a-b427-f6c693f4b6a1,779,185,4
4cc0315a-f4a6-497b-bccd-6e417dc07ac5,165,463,6
dcd3a69d-2789-4d50-8b75-8a3b91a7fba0,412,366,9
d110242e-7b09-47e9-a60a-293504ae116c,477,235,1
239177d0-d81d-412d-980e-fe14d8af200d,268,145,6
fb77091f-aea3-46ad-9186-c1fea760164d,155,397,4
1c64cce4-355d-490e-a5ca-0ca491343552,620,182,8
d4c4d710-6f0b-42c4-b0f2-3f70caadc250,169,265,2
885097d9-67d8-47c4-bdcf-e2f14c8d9733,19,86,1
83f1bc50-9058-4319-b545-b5d494895743,822,465,3
693ee7f8-cca2-4953-9001-b8ad22310a99,814,112,3
8ccad680-6e48-45c5-83cf-d474c7b1e16f,313,203,2
c39112e2-af65-4a05-9175-44c9aced1180,669,17,7
73d6466f-5932-4dc4-b6c1-7610fe2891b5,40,254,1
dbfbd744-b43f-46d0-abe4-5d2a040a86f1,748,374,8
1488d4c9-6709-4678-9a4f-5769902c2273,574,11,7
5cbb6764-8ed4-4b4f-b622-ef637ddd6b8e,727,350,9
d9785a56-426c-4a6e-a1a1-e12513da815d,900,391,2
f3c14390-b445-4000-9d2a-be572ad95c04,353,399,2
004a9614-195a-4ddc-9779-0307e994c55c,200,36,9
078461cd-b148-4390-9fc4-7138b047e1a5,447,374,6
e56339b6-c4f7-4509-ae89-729e6c7065c2,802,188,9
a45f3d82-7eb2-427c-ae8a-fb51def9cad3,845,277,9
c3293a1a-2c3c-4ce9-982a-af6b981e6c03,761,408,8
af090e24-980a-473a-89da-52d7383c3e0d,495,5,5
b5f7a2fd-5c9a-4b67-9fdf-50ff09558ebe,714,271,4
36be7ff0-f772-40de-b3c7-0ed20b7678f8,47,264,5
1472eb35-f0a5-4265-a8a9-8195731f0275,680,30,8
1cc5c8cd-52d2-4c40-bad8-9b5b8c9ce867,140,202,9
90163654-4dd0-4c1f-9e27-6e09ad387ff6,747,314,8
243d000c-b765-4b25-abba-05bb86e75b3d,367,394,7
73c69d2e-de7a-429d-a594-35cebe89ea01,290,40,5
5418ecdc-4dd4-40c6-b0e9-1b0fdc32b60a,662,51,1
38b96ced-5c62-4a37-afbf-70b0181d05f7,329,231,4
eec75511-867f-4dd2-aeab-c254b82bdea3,39,224,9
834bd112-c539-4c32-9b3a-fd7979f54bd9,420,442,1
3e48013c-d9de-473d-a3c2-d60a35d387a3,370,362,3
0fce3de6-9889-47ba-9fa8-0dd362f6fbd4,301,480,6
39727793-ff49-472e-bb24-9b530f184bb9,355,490,8
8fc7f5a6-d0c2-45b1-8c3a-1674b87ebcd5,133,209,3
dc8d152a-2ca6-49ac-82ee-c83e55aee81d,976,347,3
626552a0-d42f-419d-8ae3-86b883fc7c6a,565,196,8
86a58993-d531-4f47-b403-d1165d1bca4b,605,344,1
4c38640b-2772-45a4-813c-55c06a986d79,318,230,5
a3c11722-bcdb-4f67-ae90-2d265b2819fb,488,188,7
0f7c0767-0312-44f9-8f7b-d2198ab68ddc,903,178,5
8ffcd362-2297-485e-875d-20f27a1b0de0,357,307,7
426a73ee-59df-4047-b8dd-fae92f84a963,561,351,1
6ebfb151-b925-4aff-b936-36fd13a4ec25,684,473,7
c036a79a-8431-478a-b274-619183daafa4,544,203,4
488a48a2-4210-4f7e-a376-4d4bcffb810f,897,96,3
2b40ad9f-f2d0-4620-8456-d0bee886bea8,292,306,7
5ce88b5a-c00a-47eb-b070-87dd0ed4fc5d,323,84,5
aaf6d9eb-6eef-44b4-b006-597f68c250a5,430,490,9
535ee776-157f-4279-b0d8-4fbf016f604e,818,416,7
6ec7e5df-7b25-463d-b86b-7f0442239585,292,27,7
186d8a9d-5168-43e1-bb2b-ef07b5591847,32,206,3
2a1c12f6-e304-45ca-a2aa-b9fedcedbb43,373,36,3
dea2f257-5ccf-444d-bd9c-8752052fc85c,486,433,4
e11d0031-023f-48f2-b3fd-68109308c644,521,301,8
eae31dab-c7c0-4141-b508-246083abe890,871,341,3
67730f23-eb6f-47cf-b362-8f32bbca23be,198,218,2
82d98892-eb56-47ae-820f-aadb1a95f164,602,26,8
3dd30a3d-28a1-4a65-b1e1-a5e235ce5450,984,195,6
82fd3b41-fae4-4896-8a38-ad504442ee80,305,12,2
e8fbbbb1-742b-436d-ba1d-57b288e01d02,585,85,8
ecbd172d-56f2-4f61-b08c-a6326e7c5f15,641,26,3
910b61a8-4215-47f7-9264-6eb70a583100,512,347,7
0bf78af2-f5dc-4bd5-8260-68c7eebab59b,934,101,1
37ba5117-3325-488a-8f77-0b3f7311b792,188,474,7
844c7e84-dcc5-495b-b6aa-50bd1416acc9,895,107,8
f5480c51-4e02-4899-872f-fa894a49fe94,3,255,8
73257b55-6b51-449f-b3e8-e5d4d48f61e7,482,477,3
c94aebc8-ada9-4d5e-adaa-753e71503e97,709,458,3
cd077e97-2144-4275-aedb-d0998b386fdb,266,98,3
28535f7a-3d0c-40bb-8432-a4917490eb43,550,84,6
74c86e85-4953-48fb-938a-932e5efa12c6,830,23,3
39e506e1-9fbf-4130-82e6-fb1c645ef862,501,116,8
d28a5e0d-ca7c-4057-8da8-00c18d471ada,897,338,7
a74f88c6-4bed-43c9-aa5a-7e809df7ce35,584,49,3
b0fea76f-6b67-4a7c-a14a-fa8d9e25e6cd,953,468,7
d12e9acd-2afa-4fef-9ac7-7a264d7d9d06,668,441,5
f68a716e-418d-40a2-b967-48312fd9f4f4,789,226,9
b61df515-86af-4e3e-ad9e-d2da792daa32,9,316,4
bfaa4824-edc9-4d20-8f3e-c02cfb190d9c,694,342,1
341df05e-94a1-42df-8716-d5b79d11ab77,125,178,9
8d5ec7ad-b657-4c23-adc1-e0219922842d,88,223,3
bebaad6a-55a1-4f0e-b7de-0fd7118ad9ea,654,224,3
e2c84ad0-f811-4a2b-8965-6172e1f0d681,944,484,1
36e1cbd7-d986-420f-b9f2-718feb8dd7c4,510,456,7
584d2576-3d02-4238-9e17-8af6a1db19e5,739,436,7
11f6a5c8-5650-49db-b509-eb36b4eb65c6,104,132,5
a4a6bdbb-bb1d-4187-b9e0-3931c3385847,951,369,4
4a49b65f-cfc4-4516-a266-1a2f6d25e413,626,111,8
44239312-1497-4a2c-a453-b9632c818773,434,32,4
c6dc47bb-c2a5-4666-9914-f45523dd561c,681,108,9
100bd22a-4e94-4a41-8177-dd250e1dae5d,119,94,2
57b4fcd8-8051-452a-9327-916f49938ec7,774,155,9
d9a86ede-5be8-40de-a260-6cf0579fc5b2,910,387,5
35986051-3625-4e13-b5c7-7951dd41a4e9,474,353,5
0ba04ea3-d4c9-4a48-821d-bd35d60d5b5a,55,244,6
e96040da-7336-4cec-8b15-a89db4e0c8b0,854,485,2
68030561-a4d9-4b5a-b667-377bf10563bd,549,235,2
3629e6d1-4bc2-4830-8840-93e6840be2cb,129,370,5
837fba32-5593-4a87-961d-f5325a60a3cd,499,395,8
141b49b6-cee0-4a4e-b95b-37b23cc516ac,973,22,3
002714c0-0f9b-499c-bee8-d72ad9bcf7b4,919,98,1
a694eb4e-a1e3-4437-8194-9c594fe7132d,720,13,3
da0c732c-a98c-4a2f-ad49-8fc41950688f,898,193,6
03dde6b3-4eee-4da3-b4a5-e43c0d2268f9,731,402,5
acc81d14-26c2-407a-8a52-7e77943417ab,83,130,5
6baa8030-75e0-4fab-b390-10ad5282770c,428,25,9
b2acfdec-a518-437e-849b-b6b8e3a88062,446,471,6
46caeccc-1ed5-4e7f-810f-9c5e5a6041df,332,245,3
dcdff457-3566-4273-82be-74eb6545c784,518,401,2
36c2cac9-1ee5-4b9f-9375-f622a4674e8f,857,99,5
10b53af6-8ea4-42a8-a2da-ba5bad9c2265,133,494,7
2ef5d119-6ff0-4b93-ba0f-7c69447d7703,228,178,2
64b6befb-0857-499f-8aec-0f621748658d,438,250,6
f339ecfd-1a0b-4678-8fa2-2dae6d869241,310,33,4
206084b2-45df-43ec-9cc7-7f3ea02413d0,736,426,6
175957f4-7058-48d0-b0ac-23181fec1897,144,350,3
2cd2d8b1-a34d-4135-a9bf-f5ab4917e96b,619,485,5
f0896581-d3bb-4f36-8398-be99982ce5fe,206,450,7
4a50e98a-09ce-43bd-b03c-462455e4b028,667,438,2
9c5b13c8-ba0d-435f-9255-21cb2b41599c,120,258,2
d2e4f1c9-2fb2-44cb-ad78-9eac0e8d4029,188,262,5
6e586eff-6bc5-4b50-84ca-f4b9824a13eb,62,128,5
ab752249-da3b-43da-9299-2150341030dc,358,37,6
0637ac89-8381-485c-90d9-d9c827b91d07,675,181,9
6a3d28c1-34f2-464d-80bd-5c9c29afa6dd,865,107,5
d9647b07-d6d7-425f-9a7a-a40ed482d197,834,358,9
1f77b020-4f7f-46b5-b470-a9e0928518e8,841,143,9
af97fb9e-ce6e-421c-85c5-750d470d9b50,157,477,8
992075ae-2977-402a-a3e8-d331ab69658b,252,391,4
afb0e3e6-0f49-4c20-9830-95bf825054c3,984,118,2
5756109d-a6f9-4bc4-94d2-0b299beb9068,621,56,8
d9d17799-1a21-4a38-ba46-e9b8b7761c11,697,119,9
77a38f45-7d97-4a10-8551-d82fa4f3fe52,33,497,9
e0f4526e-260d-48d5-a89c-d71f9ee29a25,383,47,1
ba571a9f-b3fd-4f9b-9d2f-b3ae4806a26d,498,20,2
753e0c44-424f-4068-8705-b0d7a28a0f73,137,459,1
31be7137-46fe-4b35-a869-09ed73728d87,553,270,9
08b3e0d6-8ffc-4e32-b8f6-a4608b4fa32a,392,454,1
4d641618-a131-4397-ad6a-d0b4e3f70179,792,247,3
54ae7f0e-ea3e-47d1-8f6e-76d8001ca157,218,353,5
ac3c4da8-67b9-45bd-b963-00ad9ad466fc,122,402,2
d3268ba2-a30d-45d1-b683-683d6599159e,919,334,4
0b36e045-1247-4ebe-94ff-d39391564725,829,191,9
b8612cb5-9ac5-41f7-a64e-f6c192747b63,313,342,1
3fa347a4-358e-45f3-a3c7-874baab6523f,384,371,3
9dff2b0d-3250-4be6-866b-5f3ad52e49cf,136,243,4
6ffa74a7-3e92-4c77-811e-8539fc8733e8,405,183,2
401a0a6f-b55e-45c2-a23d-273be78c0af9,346,125,7
0a162132-6edf-4a4f-9cb6-c36701765eec,125,466,3
33a374f4-32d7-4709-941d-e2e0cc6d4b77,146,455,2
238e9262-73da-44f8-8504-f8a37e383d53,57,34,1
5fe30bad-2f44-41cc-9437-d7bc498d3594,848,107,1
fc8baf1e-4425-4581-8a22-829094ae84c8,461,77,3
8a894919-8368-459b-9b76-7af011883c49,675,123,6
f7fe7ffa-b2f1-46cc-8e4e-f1cd9af10d83,896,279,3
68cba9e7-5e24-40b7-8c74-dffee16ccb8a,563,362,7
cc637a3a-88d1-4700-a930-467947da4a7c,866,444,5
2d5a4cab-a4aa-4992-8056-65f80366d38b,407,328,1
77c29121-9cab-4c7f-9e1a-df411c5576bc,499,153,9
6f89b0d4-90df-4b5f-a9e1-58e4129c040b,84,330,4
b4eb196f-77e5-4e28-b690-02f616a34813,630,205,5
e044359b-ad8e-44e1-b34b-de1ea9fc9628,743,147,7
b05b9fa3-e462-4a0b-8032-fdbb5f084c04,639,436,7
30eb7796-441a-493b-848e-2fc4904b7c09,362,280,9
77298e14-9db9-4161-8bf9-3da7afc6fbf1,420,277,9
1b492091-f9a6-45f4-b666-60244718371d,751,241,3
1ae91356-fa00-46c6-8a8b-74364b414a98,856,471,6
78fcd8fc-eda4-49ad-aaa1-027c00c4fe67,158,256,7
55549fa7-e29a-40e8-adc5-c7debbd64ce4,859,313,2
05cf6a9e-da2f-4ec7-bb16-4d6085618205,770,15,7
ec1a5302-844c-42c4-8744-d395f1dcbaa3,143,96,8
de6d2833-f54c-4f0a-8ee5-3b22e0305296,169,254,4
44a5e9eb-f224-4763-bf46-43cca38fafb5,351,303,7
cf7bfc5a-97a4-4a3f-ac36-0415d3ec2c23,525,302,5
716fdef5-887f-4c0b-b188-94732ec5492f,501,351,1
45313981-cf6e-4344-9818-9b6732619431,206,313,4
15a823a6-0687-49d4-9c4e-ff228d4f8d8a,300,279,6
a0e3bdf6-7122-4a7a-ad6d-b8f0b8ed3129,3,239,7
96fd0d97-ba22-462f-899a-10545608745e,700,290,1
de33fcda-9f51-4ae9-983d-1f6461d9af5a,687,390,8
af8bf5a7-3768-472c-80f3-62001f6e100b,472,255,5
371db8e4-da17-4511-9d37-4a70babfa419,854,255,7
708b1e85-7c00-4d6e-8e17-7dd3dba173e3,153,349,3
88974c3b-b650-43b2-81fe-63e5f20ec9b6,895,469,1
4dd9b6fc-7650-49bb-97d6-21feac390ff0,887,202,6
28110246-a3da-442f-a713-f5113a00736e,903,384,8
3e02c312-6e43-4228-8461-b94cece4a70e,136,451,3
df39afa4-5a85-4f4a-bd65-adbe89b11928,314,32,3
c60cb747-fda4-49a5-9061-0576bbf7750a,193,8,9
b5294eeb-7aa1-4f8f-b7da-e4cef19a00a7,928,187,5
058a9b01-21d2-4a33-927a-2290cdedbf90,749,290,7
08dbcfd2-9de7-4eef-88d9-e8f041cdc370,21,462,3
f5eb87fe-957f-40e0-befa-e4e0ccfe3ca7,456,351,3
a72b30bf-8a02-459d-b552-4d80a9c89358,350,460,9
db1d2a0a-5a1b-44f5-b621-1917c0746adb,883,79,8
021f8fc3-3837-4daf-b373-ea5164a08870,751,250,7
d2654b7d-e570-4f86-b721-8f066f88d780,678,481,4
65b186b6-eb2f-4d55-a5f6-6bc7849c8aed,532,290,4
60c88a37-059e-4551-999f-cbbe35862ee6,699,471,6
f70c7362-db9d-473b-8625-8a535dbb8132,292,339,5
93e6799c-2a77-4391-a834-4fe65ee17d3d,966,197,1
217c90c4-ff7d-4dda-b58e-422dd5b426a5,654,312,5
24048c8a-2a2a-4588-855f-ba1e4de72eca,380,191,3
f0c55ceb-c461-4e7a-9f5f-baa7e5c1837f,616,343,3
b7948d0b-1f5f-487b-a165-724e6e282c31,741,389,9
27031e90-aa68-4204-8937-fde73b860f16,456,173,3
aad1099d-8871-4d3e-ad11-6bd2802f0263,747,158,8
d1f7dcfa-de9d-4299-92e3-e7d5b4f80a16,651,24,9
e3b6f8c0-4aa0-4fca-b17f-bc442b75af3e,275,207,7
452337a4-2980-4550-9248-ab5ce48ac0d2,557,11,6
63576514-f492-42f6-8322-8ce2b0ae66a8,14,455,9
45b2ecbb-fc7e-4b8c-9e16-857159a38fb5,367,134,2
19cd282b-303e-4439-9f9c-4a6562a33445,688,192,6
5c089932-ae37-4aa4-a45f-b9162b370d80,145,493,8
baf3be33-358d-4c43-95de-fe5c2ec2553d,887,145,9
8e3d28fe-792e-4dd9-9e67-a480ea401285,130,189,8
9466139d-f13b-487f-a0b9-1d7629a8ffa9,574,451,6
dbc2f9ea-0819-44b9-b13d-a4629a3e7cea,169,180,9
a2f0f869-e7d3-47bb-8d8c-8e137f0187c6,631,52,2
67aacdd6-d003-4309-ba43-ec2e885391cb,578,252,8
7e4b1e28-e860-486f-8e3c-8385b23a9028,192,64,6
addaa19e-44d2-4bc0-ae47-a86573f1f1e2,585,10,5
3fe174b7-b8f2-4df4-b209-68dda69539a3,333,189,6
1c6e32df-5f81-433c-a926-5d9d05ab2440,826,460,5
775346c5-2df3-485b-8506-83b69f4cb332,298,269,9
2cee1d8d-3838-492e-836d-571ac81870d6,890,324,3
d5c640a1-881a-4619-b709-ab21dcc91eb0,364,240,5
2f9d717f-14a2-42a4-8156-77b6ce5794e4,784,240,9
17604092-15cc-41b3-8109-d2a2ada7076d,91,136,9
ddce48b6-5d88-4542-ad06-a3139eb1d8fa,711,208,6
a4e9590e-415f-4bca-b1b4-c146ddde75bc,747,125,1
86f862c5-e5e5-470e-9d77-8f7e2d5465a3,340,80,1
524b0735-108b-4990-a19a-76d0976673c2,494,446,7
9a518a5a-df10-42d6-9ebb-a23dff88041d,134,325,9
ed810ebb-0720-4741-ba45-8be972bc5b79,482,106,7
27a90f2b-0924-46a2-8ae1-a8cb7714f2ee,875,134,6
004ade28-cf5b-468b-ab1e-92b738677e92,318,476,1
ad1764c8-6730-41d0-9659-7930ed5062c9,229,279,6
1b4134d0-47aa-4208-a802-65bfad48d857,214,138,7
6da85353-12da-47c4-ab81-e00651e95367,912,84,7
e6d76748-b07f-4cbd-8483-42e55a422f51,918,19,8
d7298c25-35f9-4450-a146-05ffe5905078,554,309,4
7350b628-3cb3-45fd-9f70-3fa3bead784f,605,30,7
804ec75e-b44a-4ad3-9c79-eb1917869c5e,946,66,8
8b9b2030-c2dd-43d1-93f2-0c6b8ebd587b,46,402,9
ef842287-c735-4930-a1eb-6245a4fed5a3,536,268,3
065479d8-e493-4df7-85ac-3e8832e75ac0,630,40,9
1b28c1cd-5b92-4813-9db2-7258e3fc93f6,856,266,4
24ae7637-fbe4-404f-ad3d-a938bb8d400d,931,253,6
2df60e5b-15e7-4639-91c4-62f1cfc696a5,892,364,9
701b2c7c-d8c0-4a17-aed8-8062fa93ab22,401,438,1
2750c4b7-aa6a-44a5-aaee-3af09523b976,81,336,7
83627f63-c416-42b1-b3a2-060424d127c6,738,295,5
7654c9bf-417b-4118-963e-151a57720cb7,7,198,7
189f29ae-8917-445a-9d9f-0e10b9b412ad,691,2,1
15280541-e2a4-4c1c-9ea8-0d4b6b27fad5,204,7,8
b59fc948-ec51-498e-b718-224ea7eb15ac,495,28,3
d9da45eb-4bf9-4466-99d1-42dba9dd66f9,763,368,8
2a0f6572-b71a-4d05-b989-a3f3f2907c3c,389,128,5
e9366b5e-57aa-4e24-baa8-c633815837fb,731,458,7
21780a02-fbee-4861-a3ef-fa5fefba361b,295,470,3
8bf5ad90-79e9-4d35-a55f-fe05f5305133,497,121,2
bd2afa64-9c22-43b7-b082-d011128e81cb,411,402,8
4dfd0c82-3b20-4ab1-905b-76e6bcbc8db0,411,287,2
e02234b1-1992-46f2-b915-ba5f8b864e09,344,310,5
b145236d-ffda-4f40-88e2-b7a564f7bebc,697,500,4
21979676-c10c-47bf-a365-eee8bd9ff381,265,456,9
454684dd-77ca-42fd-8f85-463b0cd53318,801,108,1
65c64a0d-0ace-44ab-b146-6a056bc1808b,425,424,4
6b53e160-77b1-4372-a84e-4e54b5de6e3e,837,489,9
93c504e0-5171-4ebb-a324-58f7d77bad72,900,141,2
376e1896-6bf3-4c2e-9e4d-06ac392b8f15,756,19,2
97db418b-d71d-4389-b641-b9ed36f1d3fe,496,163,4
1aacd0fa-c604-4011-9f58-5495a4fa3371,503,266,3
ca37b63b-cbe9-44e2-a9d5-32addcdfbd5d,909,234,5
eacc8c40-010a-48ba-a4aa-1ac54ba31655,232,51,8
33d35c37-3203-4108-9edb-44c3f9cc0991,912,139,9
c050a587-fa34-4802-8208-ec665cf35f22,218,431,1
374b246d-9bdd-4184-b499-2cde63bb21f4,102,83,3
3fa2c982-c042-449b-85fe-30ab0aa9cfc5,404,58,3
9c9b28f0-6208-4077-b05f-08b0681f7ff0,155,262,2
0bdf2fd6-bde1-4229-8493-bdc2055f5684,288,243,2
d13ac1bd-8d9c-487e-bbbf-d61a021041c9,105,202,7
e58ca168-4ed2-436b-a9d7-ad7294bb8456,212,378,2
8ec2e1cc-4299-4dbb-901b-c1f8cee20b10,925,291,7
84ee89de-acdc-475e-93a9-c09fb1067171,282,373,9
0c5c7a0f-e2c9-49a8-b3ca-845d35086059,558,74,1
a34acf88-c218-4cd5-aef2-b182a22d7589,478,450,5
d7be53d8-ed6a-49e9-9b14-2da8e9306581,709,434,8
374fee97-d076-48a5-ab1e-949835741d22,220,494,3
cea7185f-8319-483b-803f-96ef1003b10c,212,366,1
588f3278-f227-4eae-9b0e-ccb23cc978b4,960,460,2
65d1e194-7463-46dc-8722-a83516734a74,336,407,2
768a61f8-0c13-4843-9391-fbac0d480219,555,496,5
922c14ad-9f70-425d-a125-81ce6599127c,582,325,2
50103fdb-55ac-4694-8d13-7da3f6bb377f,424,150,4
dc1e7427-8346-45ff-b150-b3a8282643e5,19,361,7
9952c43e-a662-4095-9fca-a1b1821f08f4,738,95,2
aed3396e-07bf-4a53-80ea-ad74e2d42afa,953,196,3
7c5f264f-24cb-44c1-aba0-d710ffe0ad8a,484,390,1
2d35da4c-72a8-49fd-bb2e-24edd4fd52f5,849,2,2
449ae467-729e-4812-a0ff-2f63911419bf,14,382,8
97f59cb6-762b-46b6-a860-3b839702b8cf,990,220,2
cc2b30de-8f9e-4cc9-a607-ed8393a28aa9,373,440,4
872e28d7-de1e-4682-a061-ae60fe1cbf2d,324,86,3
4b5abd77-5304-41fc-9b69-66a9952f5140,475,355,9
bed7543b-2793-430d-83af-c6a0e0d5542d,839,185,9
fb06b8bf-d03a-4567-ac9f-b9061d1a98b7,365,91,5
c21a1c99-4300-4a7d-a229-29348bedb600,757,395,6
0afea292-76e1-465d-88fa-897a8ba3268a,609,216,3
67a721c1-feaf-47b4-bf7b-59dd0fe0ac99,637,423,4
4730d00f-9411-4d7c-b3f8-92fb61f8ceca,110,120,4
cb59ec49-6798-4748-ba45-39e8dc11fbf2,84,281,4
a5c2eec1-6efb-4c78-9d81-bb0a19e380cd,565,80,4
6454035b-52e6-466f-9cc9-d9ea329b2c75,127,24,5
ac739f82-5497-48a3-9b54-594decf71afa,385,65,3
7c056a78-371f-4a6b-a706-20df3cd74882,777,3,9
ce7ccdfd-bb39-484c-9bcf-5e03e518b965,184,61,2
39c9df7e-d505-4e8d-a2b1-a53cbe74eba5,473,145,5
e8a5954a-411c-45f2-a900-c0e9ab894bd6,435,375,7
69feaa51-191c-47b9-ab3d-ddd12237df5e,946,323,4
57cc2a7a-97d4-4c5a-a030-07e0c484045c,829,349,3
b57ed0f6-eb53-41ed-bd2e-1d14268fbaf6,81,432,9
a500525f-b9c0-4855-a205-1c3158d9114d,197,458,4
13427b18-d5eb-49c0-903d-0c38d6895ea9,845,172,1
31cea427-f346-42a6-8d57-9253b2ec7331,104,227,1
477ce8a8-57e8-4fce-aeb2-6e4951f5c454,107,72,7
350a4857-60c9-4f04-b12b-89797081df9c,66,213,4
2d317946-03a4-4501-96b3-80e42433c287,391,329,6
28799fff-cdff-4327-a917-b6801e221b5c,142,440,7
293b30a1-e13b-4bfb-aede-3d0dbb5b81a1,706,357,2
832c75fd-6144-44e2-95dd-a28d86d0eaa9,485,250,6
2cdb138e-81a8-448d-a54b-91c595d223f1,42,85,6
3069661b-2727-415f-8503-b34ed79dcbfd,45,203,3
8a973ad8-e7df-48a0-83d3-4d8d38dbdb01,784,275,9
aae9629e-6b56-4f18-a2cd-b5d006bd436d,344,30,5
667d4fec-0876-4845-b63c-4770a4e9749c,34,182,5
527ca49f-3bb1-4acf-9b55-c2a6ee53d8ab,941,102,9
0c3937a7-87fc-4c65-b2b9-5a427463d3d0,653,162,7
f2557467-5e9d-4867-96fe-e915ad976062,38,489,5
8df716ee-1e38-483a-b501-86a2a2738508,972,412,5
1407d3ac-42e7-4296-aac7-c0034cb99d29,663,447,6
da891b4d-0520-43d7-9e21-c5fb3c2e8915,17,450,6
b080587c-f380-4f64-9502-c9fe83e6564f,2,478,7
5786a181-a052-4c40-8fad-4758f4bc3500,25,230,6
3b69abe5-857d-4a4d-855e-9332300ad82c,852,171,8
54c87e52-3fb6-42bc-963e-6243af230d2e,889,18,6
f1b31d5e-befe-47e7-940f-4a377a5f355b,588,286,9
1d5fc005-bd6b-4f57-8710-8b33ffdaf02a,439,438,5
71ee7b1c-1a27-463d-94d1-61f4839855e5,243,422,5
d5249423-22f9-4896-a0bc-9f5229a50e04,884,368,2
44c5aa5b-7eba-4e87-9e6f-d7a078e2b60a,998,299,1
441db899-44a9-4633-baed-786f32b2055c,112,1,9
513986ff-2dc6-4a2e-a8d4-c773d0539693,620,389,6
8a70ba44-537a-42bd-8a48-c7c4c5a92c18,940,64,3
49eb182b-9f48-450b-8fd1-41bf7ab27ee4,218,493,9
2f4ce36b-65bd-4215-8907-9c15c0e6cb2c,174,472,2
13caadb8-fecf-48dc-92bc-fe95089d6823,840,176,4
12188d6b-c89b-43a7-8eab-acc39279d5ac,356,429,8
ea711cc3-d7e9-4c37-a5fe-c04ad2f65b94,210,396,3
4780a8a5-0e1d-41ee-862f-694ac1bd13c1,827,371,5
7c321418-668f-4b54-a8ed-e4223fc061a2,143,156,7
0cd48d48-150b-4ff7-9483-8df3ce7197a7,60,249,9
7f2bc52c-2a01-4da8-926e-0ee8160c1073,441,81,4
c49bd9a0-c5a6-454e-b3b3-9a21e95a4849,127,310,2
338ee909-dcd7-4316-955c-3718aa654da0,672,430,3
9b808a8f-ad5a-4ec1-9d73-e13212d2b7bf,128,435,6
5a76a57d-9553-4657-afa7-57df182fd0d9,527,226,2
578b7e41-d0cc-4037-baa9-0a85e51f62af,235,177,2
0ad5a833-2e40-46cb-b1ee-9266371b3ac2,962,121,8
8bdbe433-83a1-40d6-a186-2c9e03c63837,598,13,6
5a011d67-782c-463b-8a03-1a9999ced775,788,421,9
b28b04eb-c8ea-4e31-ad83-654d729d4391,371,84,5
6c447b12-4737-4774-b651-3942141efa13,341,15,2
be7e3d69-db3b-4d96-a943-bc713891889e,843,483,4
285becbd-8a52-4139-bc3d-46d1af0d0e0d,858,307,3
0d53d5ab-6c7e-4473-98d6-c1da6bb7082f,211,435,6
2ebd5a8e-ee42-4723-baba-465ada154fac,941,19,4
52e42ac6-c838-4614-94f9-f666a578411e,115,235,4
0f175cf5-7a11-415a-b969-8e0380f28baa,919,454,5
3e769f7f-8787-47b6-8a50-3ad790d9a596,367,383,6
75886509-6556-4b7f-a820-d25c7924e75b,580,130,2
ef0cd455-23bb-44ef-bcbf-2fcbd3d90eb5,601,67,2
66effc9e-08be-448b-abcb-0ae5b34dbb13,671,249,5
52968678-b6ef-42c3-9942-8cccd75ed35b,123,82,5
49a0f7b2-9776-47f2-a901-8b72263ec448,19,473,2
186bce96-d6fe-474a-93c2-b144ec9ea9c2,75,32,6
6512dd81-5ad2-43a6-8734-77f0a2e551b2,33,483,5
ff4836b5-d960-4111-8d4f-f6e1e78b9d2d,249,57,2
33f6564e-75ec-4533-8e7f-c89d81212a81,620,271,3
6b126b33-4fc5-48c0-9fc1-02ce489c6028,281,497,5
a095706a-f75b-4dfa-8887-19106fad8e89,943,204,9
31b884a0-6aa5-4ecd-8e11-65e11ad6f62f,307,99,2
1ace8308-d316-4e58-a66b-6fb7eeeb3d3a,563,240,4
944f4ede-0667-4dce-b030-2223e4cb2790,525,92,4
e3c4f8ba-8429-4971-9920-7d64634163c2,711,250,5
91d7dfdf-2cef-4b6e-80d2-3ca8c374d0ad,145,121,2
1bc06f06-f6e0-4093-9512-7c7132c28507,245,390,1
b306c40a-c754-47b5-aa06-8d12d4770055,757,86,5
436335fd-c240-41cf-a3a4-008a8e57daf0,354,497,5
1465a9b2-4275-434c-97cf-83cc72cc8b83,810,141,7
5c9eebfe-0c4b-49ec-b772-cabccb3788d6,382,336,7
91ec70ed-83e2-47e7-bc34-5278d142aa95,193,195,9
a6bf790b-6b92-42ad-ba7b-77c2b36a7e66,482,246,9
97d7e007-a2d7-418a-8013-8a72293ba6d5,404,57,9
a4794d99-3e33-4eb1-906c-a66c2436974b,958,366,5
f5e2ee3b-fefe-4cc4-9afa-126502b14dc0,352,385,6
7d9f8c55-7d60-4bf4-b24a-615976cdc6d2,907,283,7
f4609ad8-9cd2-4721-8810-db4a9175110b,741,477,5
0a6c9f6d-8e15-4706-8704-c0951028033d,558,74,1
842687d0-3707-47a9-89e5-6395c1cd989f,301,473,8
3ddcd1ce-ae10-4331-8b57-b5e84511e731,517,94,9
3f3c27c4-d566-4aa6-bcb7-5c3067df8db7,937,144,3
83ce6833-7af7-4838-8ff7-0ef5137b59a8,679,157,6
0a7c67e8-1d85-428c-821d-657c2f57381c,951,255,2
162b53e4-ee08-4349-9d83-8467a84ba7ee,54,374,8
9bfe26a8-eff1-4ecb-8dda-6633d6555f61,75,376,1
99c72122-727e-4708-b5a5-ecc6126f952e,364,131,8
45366bf4-e039-406a-b19d-8aeae32966a6,404,473,4
3e3a3760-eaba-484a-8101-1c7120a2ed7b,681,415,3
c8283f8d-55be-4cb7-a9a9-0e1aee1b0b8d,232,306,1
8df5a165-4cea-4176-a539-e87f0b27c251,733,176,6
8ed61454-0785-46ed-8d1d-8d5d0bfc6015,199,151,7
15676e85-4901-4bc5-9393-ae713e488884,802,184,7
6940c6d4-4a41-455a-9f51-39d27e2c3676,542,302,6
ed5a416f-9bb7-4d1e-adbe-2d720239e12c,861,134,4
d6e3393c-f770-4c2c-a07b-186014842e24,104,104,2
3aa1ef6f-2d5b-455c-a228-c77842f543da,78,321,7
210545b5-7859-43ef-912b-930f05537f03,233,373,8
b8aa708f-9e91-48b8-a621-c4661a36c61a,60,406,2
11bb6fcf-7ebf-4300-b909-9a02f5cf8a57,729,151,7
0ddbf8f5-13b7-4e11-a305-9726c32d506e,746,383,1
44fa85d6-caa9-4761-b58b-6a0860045497,970,405,6
91090dce-4863-433c-9b33-04c0273e2bea,76,219,1
608b76b9-6f7d-4595-a102-9133f1d3d7d9,128,402,5
6d2e9148-6474-463c-aea6-54cedac06fa8,64,255,5
4ebebc03-bc92-40bf-8231-86f661f9fe79,676,60,6
764fdc0a-68df-412c-b235-2abbb73148de,893,391,4
760c4025-fa68-469f-a5f0-d2aa27f5d456,492,116,4
7c02d4f4-e435-4101-a931-5d532385ae5e,759,228,9
45eacaed-07a7-4cb8-9b3c-66c3293d6a71,476,408,9
80de21b4-25db-453f-b014-02dd3274f4c3,568,13,7
2c6252c8-5ceb-4356-b2b9-deef942be14b,918,383,1
36438c98-1177-4c00-924f-0aff6eb41d79,826,400,7
f4054bc5-b7d6-4e93-bbb4-f701ae6eba97,908,290,7
bbd68ed0-a706-43e1-aa2c-42fc38752a27,298,46,1
2db0b527-3252-47b7-8bfc-4681124b3675,670,127,9
8c66ec77-ac92-42b0-9bf4-613114b23d92,260,429,7
ce268c8c-ab2b-44c7-9212-2e380af1f0c6,844,378,4
b201e740-c422-469b-9e07-027b35f28a53,461,451,7
699e4e76-5a21-463a-a982-a1b7a71d21aa,53,228,3
03eb72d3-a300-4350-91b2-19173c45f238,549,364,1
95614699-3bfa-4768-a2dd-c360c33a3255,130,343,3
9b739ff4-6fcf-44ae-95e1-c9cece6314ec,262,22,1
ff2efc92-e557-4b7a-8843-d37e2281e5fa,483,260,4
661dac68-52e1-4562-8e61-1518f632719b,809,405,3
251e79d6-cf0c-4e32-99d5-b554897b18d3,208,378,2
c32849ad-0bbb-48a3-bec4-53d887569038,695,280,7
4f3855b7-83fe-4a17-b4ab-74fe64a57439,499,47,4
2be47db4-8307-431d-9bc2-2b9627eb7333,342,63,7
2375add5-6332-48e2-9e00-f7746aec693c,479,364,1
462a69d3-8711-4381-8513-9894fdf68c19,51,376,3
a64a47a5-6517-43c8-9c10-77bbec39d36f,529,150,4
71a3f9f0-ca53-44fc-b4e3-435e317a7ebf,809,458,8
6d2f0dd7-d1b2-4763-9c4f-8bc84069e405,301,333,7
7b3a5b90-a4ab-47fa-b639-3ea0211e2e35,773,463,3
ccf6f829-b040-4355-9845-64d972e66b6d,606,351,6
cb62699d-20f8-48ff-a752-cd7390e31738,561,315,2
f15e5a02-4d35-47f5-97a8-91d0a7f32964,919,4,4
a7c7b20b-61c3-4d20-a98c-9dd8473535c6,229,473,9
674b0815-b335-41fe-ae52-300d04a1f499,700,330,3
f67eacdd-40ab-48f7-b3fb-e3111a874c4e,891,377,8
052f3a85-87d4-4644-a1f5-bc210f8d421f,593,177,9
92ade028-fbb3-4f42-9240-6dc7f0a4b28c,180,370,6
77147645-c216-4700-9727-94f76e184af3,182,478,9
f15736d3-0cfe-483d-8542-f9b1a586c406,176,108,9
4206d165-256a-402e-b3d1-b94b3fbccd0b,697,142,5
5ea97ae8-c7d0-4e86-af50-b72a6db592a6,949,412,2
03eafb07-f275-4828-a93b-9871ebafa34b,438,299,2
7a21e20c-7356-44a1-9cbe-46cc62ec9ec4,457,62,1
cd8c22b6-0bc0-4188-85c2-744a1f53e0f9,571,454,2
47433cfe-ab57-4183-8b33-4af6f8638be9,575,133,3
f2cbbe26-3dc4-41fe-bb79-3d7c26d76bbb,64,499,2
313c9389-0cc0-4244-8d04-b8c00e61669d,166,222,6
6b604f8d-b553-4292-a00a-a10eabf9942a,596,332,8
9c234109-04bb-4bf4-87cb-69383c2d2a4c,919,248,4
4a0d64ff-31ce-40a7-9c5d-237dad6b3d41,277,303,2
ce157ada-942e-45ea-b825-d1272be742a0,967,107,8
b8c28751-137b-4ef9-95a3-1048a3a2fb64,875,455,4
e8c82061-c5bb-497d-ad0f-2f7f41ab3830,624,360,2
35b73840-d387-4d04-a618-10a265ce90f5,927,181,6
3c474024-50ad-4d0b-981d-0948b8a43e0d,487,328,8
c78a830b-6e8e-44fc-b8c6-c04eeeef022a,939,323,1
02d5b97a-809a-4b13-b32b-c433c1af14e9,963,324,6
2de01672-ef99-4709-8285-7886d166819c,157,192,7
9e01f8cb-f335-49d6-89cf-7074e6daf0d1,735,127,9
b30e9ff9-010d-4905-b1fc-31565ab90d15,857,38,2
3d78aed1-0a52-4ce6-a322-04a47882ed20,362,245,5
45f2e771-624a-42a4-8241-992f6e249851,489,229,9
7f21d16a-8b3f-4526-9fce-eb76a78a9aa3,236,345,4
0f235a1f-dac5-41d2-af4b-e36607989ab6,880,64,8
3a5c6823-1549-4f19-941b-7683469679c2,845,151,1
8b2a04a7-afda-49b1-aa25-92d2a0ae91e9,899,66,9
0598fb4b-62ca-4070-887e-57e3770d3010,640,144,6
8b1bc4a5-d971-4cea-9a72-1600bc609dc1,996,168,8
82396e47-45d8-48b3-8ef6-77c47bd59bd7,325,400,7
91803138-787b-474c-92b3-49d594184a86,175,28,9
29d1d5ea-24c0-4a6a-a451-29797ffaf455,150,403,7
ba258cbb-a068-4c4d-81f2-ea9fc5cfe9d0,646,398,6
9091188b-16c7-4a8f-b967-a099c9510fc5,467,81,7
6b53707f-3ea9-4f69-b465-36eb875bb2ad,872,374,8
2775ec68-fcb4-4aa0-bb17-ecfc34f95a03,921,318,2
58e12704-2aa7-43da-ba0d-6bd609589d6a,500,476,1
d83cca50-92db-448d-bad7-54d987d43bce,439,289,9
79cdda31-5b49-46dc-be8a-e718bd919ca3,487,266,2
1e67aa4f-46bb-45d8-aa21-766526e6061b,321,155,1
cdde3746-4f03-49de-9132-3f2fbab8c3a5,527,148,5
5d47742c-ba46-45ea-841f-e03a30a57e9b,591,188,4
9be8f98b-a313-46c2-b049-b534abbb1e1f,30,86,8
aefd0594-1e08-40f8-aa52-b58c4b4959a6,985,20,5
86e776b5-6fc8-45c1-9a6e-12247e5b138e,988,155,8
c37d6bb1-b858-4206-8a41-093008b693a8,595,3,5
5da6c8d9-f779-4ac2-9901-e990a2846280,903,356,2
cc7b1a33-b73d-4f16-9475-9e19577740b3,717,159,6
8fec6316-54c6-4bf9-8886-7997d16ad161,875,233,7
645cd1aa-8f1d-453a-893a-221f4fa574f6,259,169,1
e776fda9-23be-4919-a6ef-fb66cb44dda0,636,285,1
a4773687-2023-4fd4-baa5-f3ba6107b25d,173,238,1
35455100-4a25-41f0-923f-75729fb958dc,844,368,3
5d780e6a-5b5f-4f56-b989-8583a1a39bbc,480,89,9
5fbb4b59-0d43-4642-a91d-d989af9cbd0f,811,386,8
2acb081e-8c75-4fe4-92fe-451e4ed4baeb,272,474,4
4644f1e2-b7e9-4ea4-a2dd-a49c00cbb9cc,794,203,5
ee56ec62-5334-4c80-8255-2bbd2f698fd2,569,280,6
24fd0191-b835-412a-bc7c-2c8037528908,15,57,5
e4f9e930-f934-4428-8c87-fa359510e184,221,111,4
88ce3a5c-731a-464c-ac4f-b778f248a5a0,754,249,7
bd81832d-797c-4b7c-b060-9941ecfadc7f,85,454,6
b68b8ed6-e515-41e8-a548-d496d89bdacc,461,94,8
61362d6e-f6fe-4585-b626-1f8f6a053920,910,280,3
b48abed3-ec51-4740-9e35-c99b2af8ab48,652,357,1
fdb373da-31a9-4ba0-8366-0d145b3c77d0,271,389,2
ca9dae05-4e9b-457f-8bf5-9141539b91f6,898,98,2
324df6a8-8084-4d23-a83e-01e30d57336e,458,438,5
b4d742fb-35d3-41e0-b53e-6f5602775bb0,604,143,7
4ac033c6-a567-422d-adfb-d9cc2323d167,823,375,9
cacba264-ae44-418e-8cc1-bce701571d5f,846,435,7
3b2b14d2-7ef4-4761-b82f-abe42719d1bb,464,234,2
4b30b83c-a0e4-4507-bab0-b74bfe1714d1,57,172,3
3e350b60-cf4a-4afc-8f3b-50fda1d3cdc1,210,241,4
2b9a1d2c-696a-4186-ab4c-3daf59e1eea3,507,440,4
487965fb-2141-4ae8-a8e1-147e2344daa0,856,332,7
b8e47f0d-6719-4ea5-913e-d3f0ea0b7b46,512,448,9
c1be8e1f-be90-4576-bea8-64cb6f718ae8,826,175,6
f0722584-7cea-45a9-8022-9eedfdc6dfbb,275,465,5
7cae8f3c-8c08-45c7-ab66-035fb8a41794,137,211,5
42ecd72d-3028-44ff-9f41-a7ec8eb83206,690,19,5
fc387276-bc33-463b-b0a6-7ebcc1375446,538,339,9
79636e3e-88eb-4965-b913-afc3822aff9e,496,187,8
bf503584-8211-4270-843b-ffd72e142242,556,178,7
34b02153-b320-43ce-9436-89012b5cd022,226,437,6
655653ba-048e-42d6-801c-a03c25ff844e,253,387,7
1e9db54a-21e4-46ba-b6a8-c0c73db0e1f6,375,486,3
15798539-5698-472b-ab39-2a1bceea1526,56,417,1
faea5cf3-0043-4d72-aead-a4368183fcf0,593,71,1
9589dd50-ea8a-40d3-9e4f-ef3b25e37d3e,800,119,8
8c4fea72-a97d-4c23-ae23-3f2921390c02,510,366,6
b5edcd85-3973-4e71-b40c-297eaa52dfe4,407,12,5
08675f73-df34-45f0-ac7a-a6c0317cb30f,361,352,3
f8578b7b-cba6-4e46-baad-6866c05361e8,967,134,9
c6cba391-bd88-4c47-814a-f641e033e3a6,379,83,6
bad8f320-5403-41b6-8ae6-06b34e424e08,521,173,3
85729079-fb9d-4b42-8b2a-97c83fd118e7,936,145,7
f1f303e5-a98f-4147-8d97-b266b25a39c1,313,361,1
a0176fdc-a96e-4ed9-85f2-7bd5a873ab9e,869,42,4
b6493e3f-2fcd-4b59-a615-b4c1ad3a776c,4,407,2
220d4308-fab6-414c-8920-ac75bf595740,129,187,3
02319293-668f-46f4-b75c-5d220380a1cc,964,40,2
c7654349-c9c1-4fdf-b066-b66766e75831,398,240,5
08655341-5441-499d-a67b-2b0023ed1fdf,58,175,4
5984f7b5-1b91-4f2c-ab30-2097b14a4de3,840,427,4
90bad817-efbd-498c-bf25-c278cabd3f36,133,451,6
c10783f4-4d92-4a56-a454-d33fff4cbf4e,752,138,4
ebcac728-9936-480b-ae54-07bab5101116,30,350,5
a3bc7f93-53c5-4219-a028-0c92f889e788,212,111,2
88f54504-93d9-40de-ba18-b617100dd2b3,181,238,6
802827f1-7cec-4dc4-8cc5-5ff95f354ffc,873,363,7
049b345e-b5dd-4046-9f5c-bd9aaa4303b6,670,456,2
a02c253b-ab42-4c71-8bad-46184acd519e,714,494,7
4cb7f616-dac4-4d2b-9b5f-346ff6290e55,781,340,1
f489195e-0aa5-4a97-bd8f-2a268d10f63c,37,333,8
09857bbc-789d-4c1b-95d9-ae3338938e94,418,51,4
26f48799-785a-4397-ace6-83ae7b3a4843,361,261,2
3db70990-3e3d-4979-9c32-35e5b064c8e6,924,24,1
eb48cea6-128b-4685-b9f1-c22febef0de8,630,422,5
708bbaa9-6d0c-4753-8e4b-93abcf55a163,799,456,8
0ff316c8-ade0-46ea-9dd0-b71d90da048b,10,360,3
5ccc7db1-805f-4d9b-a6ba-270e387b3930,467,451,4
c07a2737-1664-49ec-8ce4-dccbb3debf65,584,151,5
622e7c37-5db6-4a81-bdbd-9ada180f0ac6,299,273,6
bc81a3ef-c90a-4656-bdc6-d4bf4e7eb074,862,357,9
38699051-30b5-4cce-9a35-dec048564af7,557,196,1
37edd542-7887-497a-8642-3924c956e3e8,856,204,9
4350b91e-af47-4249-a49d-8493cf23c8b7,344,230,3
569ed312-43e6-40ad-89ad-08653c31477b,897,51,8
1de4f6bf-0ab1-4d33-845b-0a12e2fc8320,27,246,1
54d54d75-ea2a-4e18-ab19-d9b94b59339d,299,61,7
18d6353f-d4dc-4418-893f-d8c8bc341726,683,493,7
38bff5da-5367-4b71-84f4-2b6238b17ff2,46,491,3
fc39a14a-d9c2-4189-a517-7e2e38462c62,43,9,7
25b02768-4434-49b2-9087-4796952eedfa,455,221,1
813c9e42-cbcb-4895-a592-348c5df8d82b,253,216,3
3ad98603-9d4e-44ee-a06b-7abfc98bdcdf,31,278,7
9babf6bf-4932-43a7-82d7-3910e738b82a,635,272,2
00bf670f-b94c-4fa3-bdae-ea63c9f0a6ea,994,32,9
4893cc5c-f2f9-4c16-8533-e3c6664f5645,92,58,8
fe4fa0a2-af2e-419c-8482-893c434f1719,439,191,9
b85490eb-5a95-48fd-a642-8448068096fc,360,88,8
dcfb329e-af63-49fb-a64d-ca94e985085a,796,422,4
2c03a2bd-9773-4662-b984-eb24e65b85f3,260,237,7
c3a3c90f-cec2-46d9-988b-c1349849fce0,908,269,3
ce21860c-65bf-465e-91e0-6c8dc6b35b01,195,81,2
2decf3af-1911-4ba3-9360-16b16682341e,349,484,7
d35d08be-2c1d-435b-ba57-d9cf736a00fe,109,258,3
933afa12-9ba3-4633-9b39-18375700116a,952,438,4
7fdb15b4-afc0-4d95-a44b-c1cd431a18d2,893,206,3
5892e4d0-86c2-4121-8c02-965a65d388bd,511,61,3
aacaa237-7f65-4693-a6e2-fcb56fd9871b,544,187,3
76d856f0-9151-474c-83b8-1e29b0500fd8,924,256,7
44b3ac19-d1bc-4624-a0c4-2718a3d161a0,495,92,7
637924c1-e0ff-44a6-8a4c-b211774e8480,868,414,7
e118f262-b294-4360-94d1-afbb6e0eb6f7,639,207,9
74091629-e5d4-4f54-8831-b4c18f29efe4,799,123,3
2b527fce-d992-4365-8af7-5916e683bea6,693,421,9
eee79a50-4f2e-4300-85f9-1b23efb82be0,103,314,5
6dddbf84-473a-4892-a279-d85decab5a1e,840,111,4
eb39cc72-3528-438f-a101-0b23680ba8a8,986,3,2
03fc945e-a2b2-43d2-80ce-e7983ff32cda,22,257,7
6c1cdd29-cd00-4fd0-94c2-cef67030c173,427,11,3
0bf8b5de-f04b-4abe-8692-f85f45e9a507,26,236,5
6953352b-2944-4181-9c08-fc12cfdc6c78,566,74,1
01d35b62-315b-4849-ac2f-88eadc734927,704,150,1
c2453c20-9807-4648-898b-b5952d3b7809,163,400,6
9dc0d637-e443-4c16-a47e-e24fa2402ef4,980,482,5
506c76e4-3859-4c99-a98d-1e1a9f6cc4b0,526,54,8
5e97690a-3084-42ec-bfc8-68253868b11a,29,191,3
093ae35a-9f61-4dbe-b998-62be004b8c54,969,215,3
43152956-dde2-4ecc-b141-ff61248e5f2e,513,109,5
6200383b-86be-418b-a80b-7ab507a3bd61,257,470,8
17fb4e4a-77c0-43ae-8bc1-054d0d39b458,818,478,3
d8c01e0f-2025-438c-9f4b-6852478e7c7c,22,53,3
b9bf48ef-2da5-4dec-b411-38281ac875aa,444,301,7
6be013b0-092f-481b-8d9e-f85428e2c351,212,462,2
726bbfb9-6656-41f3-bf23-314bc7653489,793,291,9
9990673b-04a1-483e-ba4d-02162aaecf79,138,280,1
06df7440-eff5-4852-b9a4-bffa6602d60f,583,265,1
a7f0199a-1096-4447-84f5-e72fe2218041,53,396,1
36663ea8-2ba3-4076-9020-e8a4485cd1a8,617,105,5
210b6ebe-16e9-44a0-9a5a-84f7a55aaf15,18,115,4
00c2589b-7646-48ed-be5f-0013a18e15ff,176,180,4
651fba25-7680-4905-aac8-8a609bf30172,382,289,5
cd22ea54-61ce-4398-9bf3-f89f1cb14e08,936,194,8
93dbce65-a4ca-44a4-a475-d7eba93901aa,750,270,8
fdb530d3-c0f3-4945-831b-d6e37692f24b,95,355,9
af83a0bf-71e2-49f7-b2e6-faf1aef9845c,15,102,5
ebe36b35-6940-4349-90f5-88799d5ee64e,959,109,2
5e7253ea-8d6e-48c2-af04-f9021dc21333,141,404,6
0eeaa04f-8cfc-421c-9003-e6aeeec9619e,3,390,1
982d6fe3-0b2f-45db-8a1d-74ad665f2bb3,947,124,3
d5ea8aa3-85f4-4e7c-b828-9e0ebd7f8cd4,893,315,1
8ffaeaee-0131-4191-956e-198470c156dd,575,487,5
3854da42-e0cb-466e-9b71-4c8a313d5c86,613,197,7
e5fcb2f9-b0ca-46e9-9a64-1afb1663b35d,371,370,1
1895c718-103c-4942-ad94-42f86809b15c,841,375,4
7b82525e-c4c3-4b7d-9569-adfafee85146,779,402,5
afc5418f-bcec-46d8-bba7-ed7038d27e2e,82,332,7
ab656e07-37b7-4cf6-8ea7-1fa8163bea71,915,432,3
02756c1d-37fd-413a-af30-f7a6a94ec301,805,70,6
342eae70-d0b7-4207-9896-0014761f381f,187,57,5
4e07f39a-be2a-446c-82b8-c065ccfb342e,144,368,8
f76ce426-0f77-42cc-994d-01aaba045347,668,23,3
74836c9e-e8d5-436f-abc6-4a30858e8285,373,39,1
9fb4f15b-e9da-45a2-aa7f-a6339fb47c48,168,59,4
a33c8645-ce26-42f6-981d-67d93b93b72c,407,59,7
4b8f3ce7-dd6d-46e8-b0aa-e82554d35d23,199,226,7
5e616ad9-95e1-4151-8557-b6cd99b2a6b7,383,193,2
658c6173-fd46-4f38-9942-bc979b6c0d4c,472,25,7
02cd5f94-7d87-4e93-9bff-3cdf8ee18e3e,177,325,2
9adfd0bd-fab0-485e-acb1-3e9260fcd9f0,142,421,8
a2f07168-ed6c-4612-b69b-70612bd02d59,921,188,2
f7038812-fc7a-4581-a32e-ec4686950cfd,345,441,9
600c4f3e-be4d-4deb-aa2f-eefef9e8f65c,418,236,8
1cce4a95-f581-4436-95bf-1c809bd8816f,368,207,4
a6ba2beb-86f1-498f-95e7-b681ad7f46dc,204,18,9
6711ab9d-a539-47b2-99cc-d0521483de3b,500,66,2
c77346f5-ac0d-4e92-a4e1-b60f64687f90,191,332,9
444bf905-46e0-4a25-9b41-b7d6085951e7,776,320,8
ddb80300-8182-4315-aede-a3d46feb9826,543,394,2
abfae585-1769-4917-8e83-97ed4ce1bd00,925,91,9
da834ff6-ac50-494c-bcbc-e174542940b2,519,499,6
9ac072c9-e965-427c-8dbf-d938b4eb508e,656,197,1
ac511ffc-8375-421a-9583-9fa8f0c11678,136,320,9
ad4dd25f-3c03-456e-a848-0cbfee8fa03c,975,47,7
cf316f76-149d-4133-ae97-741522515127,285,342,2
f7bb4d4f-55b3-4f96-8c8f-19c6f326e655,412,372,6
93e3bc03-262a-40df-937e-bd34f9f0c0af,558,399,3
c2675f92-b3da-4522-a74e-d0baad978e14,361,266,3
acde6c71-8e49-4890-83e3-ebe4a6d54b99,950,128,9
0afdb932-6f3b-41f6-8e84-a3ed5e731d7f,588,280,8
598a8c02-0ae1-4495-82fc-2b692caa9195,253,275,9
b5c266e1-c0e7-4fdc-845f-66157c3c44b9,34,197,5
79582ada-9f26-4bb7-a2dc-862b97aedff4,812,24,1
9e833af1-d36b-4465-ad08-b60194c575b8,967,312,2
e12c36c9-6ad3-424f-aaf4-03e7b9011d07,212,150,4
c5c059f2-930b-4baf-a381-18f1a53b5c80,144,461,3
73d1f6ac-5622-481c-ae3d-b9edf91878f6,289,192,7
320747ea-36ba-47ac-b84a-c8d59312bcaa,700,456,3
8dc90005-12cd-440d-aece-ce29c33523e2,895,242,1
fcb4da73-3fc0-43b1-9b69-8ed2c2764966,99,84,5
408287b9-36f7-446e-938c-9914370e0fe3,526,116,1
f6e5f73e-c746-45ae-b998-45cfeb640875,669,37,2
0bb7bbee-4980-498d-a083-be70ef40fdd6,179,369,1
3677a451-f46b-4a09-9794-e72bf089edc6,154,340,4
78097117-90a7-4517-a7fd-5bd4b3f3ea29,771,358,3
423be01a-f3ce-40cf-a589-af080db8a4f1,302,244,2
a6e3a010-fb17-438d-9a6b-84e5a0354ecc,8,149,1
0401fa1e-9941-470f-b295-c8e6eb070643,385,256,2
fc3bc148-666e-434b-86bf-00c79471b89a,753,398,4
44364c15-8c89-4119-be88-4ffc5a0f0f16,632,375,2
1da31e6d-69d9-42ad-8a45-4ad59aa8a969,1,457,4
f74cf562-c9a9-4fd6-980d-7fe956d2273e,289,266,3
f8213047-db5b-4aeb-a37c-ef7618fe9491,489,365,8
bac3d2db-bc5a-43df-9e44-0d0b24ec1b90,474,474,3
d72d290b-a392-4347-88cb-d16a7c25fa71,957,422,4
603be546-76ce-462e-b55f-875deadb71ac,811,334,1
c1111f58-c063-4c33-aa60-b03a69d2f6f0,526,319,2
f7bf5043-1a4d-4864-8940-691f230ca08f,912,339,4
6ba5edbc-32c0-42e2-9f70-b487316c8516,416,475,7
64e70dc7-e9d5-4c77-b619-e84a7599c050,438,120,9
61d7537e-e375-4a08-9d7a-e1cb880a06e1,40,93,1
5a5b0720-8049-4e69-9c2d-f8fe4dacc639,699,415,9
706d16b7-62d7-4ccb-b7ea-1bb96c5b8740,106,354,1
4937973d-89d9-4f1e-9cf5-ed76b0f97b27,259,457,5
99485f19-429b-4cba-92c7-738b2fe0ff7e,329,285,8
b399d669-8d38-4a52-b45a-7ebd086d6d51,383,136,4
4398e5c3-35ee-4114-b0f3-90c34aafb797,96,393,2
2d2cc5e1-3ee6-4e32-b7df-139fce105366,633,48,4
c612537e-6767-49ae-9e20-94b728f0ba06,427,44,1
6a68d07f-455a-44c0-a1c7-02a2210ce693,162,285,8
a06f8de3-6e8c-4766-9167-d250e36ecfce,554,170,1
7571f8a9-34c5-4544-bf79-69d3a333e566,556,243,2
ef41c4ad-76c5-41a1-9507-9d367e9181e6,799,462,4
46c71cc4-01a9-490b-bea9-b4b48dd0457f,535,114,3
f431e0a4-5572-468f-94f8-52c6662596b2,216,248,7
94b1c66d-383e-4f18-954b-cf7d52196775,548,469,6
419fb886-536c-4e2c-af23-19121bed91a3,6,320,9
114fd167-57c1-4bec-ab66-8be99c4983e2,766,264,8
3749f0ed-38cc-484a-82be-0a1cb06f512a,916,101,4
